source,paradigm,is_cube,session_id,bodypart,canonical,n_frames,fps,mean_likelihood,interp_rate,mean_velocity_px_s,std_velocity_px_s,cv_velocity,mean_jitter,pos_std_x,pos_std_y,bbox_area
bsoid_demo,open_field,False,raw_clip1DLC_resnet50_OpenFieldHighResApr8shuffle1_1030000,Snout,nose,7200,30,0.9217073542941621,0.0725,116.33054968928056,169.0539538395486,1.4532206225371795,2.499129026648266,227.00786320645065,157.113367161798,593985.6392087226
bsoid_demo,open_field,False,raw_clip1DLC_resnet50_OpenFieldHighResApr8shuffle1_1030000,Front Paw R,,7200,30,0.977517691610588,0.010555555555555556,111.13273703543348,211.45961007658073,1.902766148998554,3.074764435625536,232.93023503665688,159.56098295633143,513496.65350064705
bsoid_demo,open_field,False,raw_clip1DLC_resnet50_OpenFieldHighResApr8shuffle1_1030000,Front Paw L,,7200,30,0.9762181764885058,0.009583333333333333,122.013935144385,255.93324838506908,2.0975739212263815,3.4698237053975807,233.53363678939147,159.6720266591861,542944.7848560198
bsoid_demo,open_field,False,raw_clip1DLC_resnet50_OpenFieldHighResApr8shuffle1_1030000,Hind Paw R,,7200,30,0.994382261707344,0.0038888888888888888,66.05138243591361,178.41609483180693,2.7011712435377904,1.8668059349471084,239.0300774504315,165.99415117434984,450617.6986550228
bsoid_demo,open_field,False,raw_clip1DLC_resnet50_OpenFieldHighResApr8shuffle1_1030000,Hind Paw L,,7200,30,0.9949652033499701,0.002916666666666667,66.54445453313492,182.34326758129563,2.7401722481698343,2.0011134055262194,236.95606953958324,166.13732422952194,503402.72586151416
bsoid_demo,open_field,False,raw_clip1DLC_resnet50_OpenFieldHighResApr8shuffle1_1030000,Butt/Proximal Tail,,7200,30,0.9974879857239365,0.0018055555555555555,72.12322676338665,90.85271827166676,1.259687376020011,1.478238514693643,235.23173815530558,170.51376599507435,524642.1660526976
bsoid_demo,open_field,False,raw_clip2DLC_resnet50_OpenFieldHighResApr8shuffle1_1030000,Snout,nose,7200,30,0.7813340363368236,0.1986111111111111,99.32064858658082,146.7128573264184,1.4771637057779015,3.5837453659107226,274.2711892148493,186.07327539962432,540407.7706940465
bsoid_demo,open_field,False,raw_clip2DLC_resnet50_OpenFieldHighResApr8shuffle1_1030000,Front Paw R,,7200,30,0.8564507980195696,0.11597222222222223,97.40473730859442,209.26561516716998,2.1484131157212785,3.9152291474806615,277.0638344951661,190.03351739625623,510123.36488543125
bsoid_demo,open_field,False,raw_clip2DLC_resnet50_OpenFieldHighResApr8shuffle1_1030000,Front Paw L,,7200,30,0.8477932603394664,0.12861111111111112,95.22623243761818,211.30527684954274,2.2189818019731784,3.87939198039134,274.3615127417417,185.7881585186297,499254.6953123312
bsoid_demo,open_field,False,raw_clip2DLC_resnet50_OpenFieldHighResApr8shuffle1_1030000,Hind Paw R,,7200,30,0.9950865896294514,0.0008333333333333334,66.39296427886048,189.65571036727616,2.856563378774497,2.815769115913863,284.73496729167823,190.79939553637854,517951.53872194246
bsoid_demo,open_field,False,raw_clip2DLC_resnet50_OpenFieldHighResApr8shuffle1_1030000,Hind Paw L,,7200,30,0.9903211368588059,0.004722222222222222,64.55301751933185,184.9579200157379,2.8652095149595156,2.6728933623048925,275.7237377781742,183.42699014073145,481456.131583621
bsoid_demo,open_field,False,raw_clip2DLC_resnet50_OpenFieldHighResApr8shuffle1_1030000,Butt/Proximal Tail,,7200,30,0.9975407851323124,0.0022222222222222222,62.92143530216107,110.81291169245033,1.7611313403819382,2.360225088774287,285.3441426192443,189.10965707346784,487045.50401806773
sturman_oft,open_field,False,10_01_A_190507141248DeepCut_resnet50_Blockcourse1May9shuffle1_1030000,tl,,15229,25,0.9780471589577958,0.021340862827500164,12.20127152603606,9.939501969725164,0.8146283728310981,0.32918279671907685,1.0522027821865003,1.3088259753101763,328.0408796276472
sturman_oft,open_field,False,10_01_A_190507141248DeepCut_resnet50_Blockcourse1May9shuffle1_1030000,tr,,15229,25,0.9756999624750824,0.02396743056011557,10.509221644974463,8.70972178250558,0.8287694442785486,0.263449387366251,0.7278271747883265,0.6598789576505976,302.3910953906079
sturman_oft,open_field,False,10_01_A_190507141248DeepCut_resnet50_Blockcourse1May9shuffle1_1030000,bl,,15229,25,0.9849905691430842,0.012213539956661633,15.323469025686906,12.066202180970429,0.7874328039390895,0.3808304197284125,1.9779117051945947,1.5470186485779283,621.6177756112762
sturman_oft,open_field,False,10_01_A_190507141248DeepCut_resnet50_Blockcourse1May9shuffle1_1030000,br,,15229,25,0.9620471362628019,0.037231597609823364,13.081437965099584,10.497119043594466,0.8024438193721585,0.3459319111161155,1.368968401421684,1.633197047057609,425.34074617172126
sturman_oft,open_field,False,10_01_A_190507141248DeepCut_resnet50_Blockcourse1May9shuffle1_1030000,centre,,15229,25,0.8872658882926866,0.10079453673911616,40.54222607910284,73.38384329828078,1.8100595452035597,1.0730861163646987,14.071610414541334,9.625875972575667,43777.711301710406
sturman_oft,open_field,False,10_01_A_190507141248DeepCut_resnet50_Blockcourse1May9shuffle1_1030000,nose,nose,15229,25,0.9400834921360705,0.049445137566485,92.03977010203762,249.66590365498664,2.7125872150506316,1.7539844835856513,127.2620572226252,100.3738073425039,306341.71450327744
sturman_oft,open_field,False,10_01_A_190507141248DeepCut_resnet50_Blockcourse1May9shuffle1_1030000,headcentre,head,15229,25,0.9849512294454391,0.013526823822969335,74.85918073159732,179.86656783630016,2.4027322511209404,1.297716574728838,125.98070316841552,98.96818791817573,299961.9329001732
sturman_oft,open_field,False,10_01_A_190507141248DeepCut_resnet50_Blockcourse1May9shuffle1_1030000,neck,neck,15229,25,0.9886410899821861,0.01063759931709239,64.69793825933644,172.83882737123452,2.671473497013523,1.1033977559804096,124.56652062815554,96.98421353858542,241739.0833996321
sturman_oft,open_field,False,10_01_A_190507141248DeepCut_resnet50_Blockcourse1May9shuffle1_1030000,earl,,15229,25,0.9844906296644875,0.014511786722700112,68.99883377346097,158.9771160167165,2.304055116912192,1.1954048449344445,125.6501758510482,98.48598601209727,263618.60229260597
sturman_oft,open_field,False,10_01_A_190507141248DeepCut_resnet50_Blockcourse1May9shuffle1_1030000,earr,,15229,25,0.9865924031495407,0.012213539956661633,69.96290959625472,179.92575985469816,2.5717306626185543,1.243226260881579,124.24967570637583,97.03557569275426,276382.0404307261
sturman_oft,open_field,False,10_01_A_190507141248DeepCut_resnet50_Blockcourse1May9shuffle1_1030000,bodycentre,body_center,15229,25,0.9909698501345724,0.008667673517630837,57.763680766157776,202.98672728945942,3.5140892096402556,1.069747836371579,122.41153490431542,94.8289879122926,303443.25051331776
sturman_oft,open_field,False,10_01_A_190507141248DeepCut_resnet50_Blockcourse1May9shuffle1_1030000,bcl,,15229,25,0.9914327063440878,0.008011031584476984,59.93788921741287,177.85454298489893,2.9673140864164678,1.0184583392593287,123.3430401178458,95.7787024555929,278989.74383343995
sturman_oft,open_field,False,10_01_A_190507141248DeepCut_resnet50_Blockcourse1May9shuffle1_1030000,bcr,,15229,25,0.9907207829757015,0.00860200932431545,64.41574245267786,296.40832695255824,4.601488947679374,1.255924681114975,120.85754325061467,93.70363507709907,329013.0189771929
sturman_oft,open_field,False,10_01_A_190507141248DeepCut_resnet50_Blockcourse1May9shuffle1_1030000,hipl,,15229,25,0.9915755857402305,0.007485718037953904,60.98133089056079,296.9519640185675,4.8695553160603815,1.3701762060422908,121.47425547763909,93.4065757152853,321418.0345927513
sturman_oft,open_field,False,10_01_A_190507141248DeepCut_resnet50_Blockcourse1May9shuffle1_1030000,hipr,,15229,25,0.9869722871768967,0.011491233830192396,59.31323237432113,201.42241866242975,3.3959103323060993,1.176468765306657,118.0828441796056,90.07151067655748,284390.79977467674
sturman_oft,open_field,False,10_01_A_190507141248DeepCut_resnet50_Blockcourse1May9shuffle1_1030000,tailbase,tail_base,15229,25,0.9886679835321555,0.010374942543830848,58.42577392382905,182.00159695323225,3.115090904752271,1.0332799289800347,118.35511670502586,89.03568194896144,267875.44891325664
sturman_oft,open_field,False,10_01_A_190507141248DeepCut_resnet50_Blockcourse1May9shuffle1_1030000,tailcentre,,15229,25,0.9813660865494126,0.014708779302646267,81.35063616921977,197.47957908215878,2.4275111834574457,1.8859824628540027,116.32235516956165,85.66085163824867,273645.4187702845
sturman_oft,open_field,False,10_01_A_190507141248DeepCut_resnet50_Blockcourse1May9shuffle1_1030000,tailtip,,15229,25,0.9657625010356594,0.029811543765184845,134.8087061257218,487.5960954593995,3.6169481146467666,4.471683029878369,111.43830883105649,81.29469925662482,268566.56051070907
sturman_oft,open_field,False,11_01_A_190507142850DeepCut_resnet50_Blockcourse1May9shuffle1_1030000,tl,,15241,25,0.9697196715699039,0.029984909126697722,13.97708233716132,65.69444882050675,4.700154670037451,0.4096811803790657,5.8457470806383105,10.348350594532745,95173.76232338848
sturman_oft,open_field,False,11_01_A_190507142850DeepCut_resnet50_Blockcourse1May9shuffle1_1030000,tr,,15241,25,0.970314689523693,0.029460009185748967,12.973952769112318,110.78981401469241,8.539403217071577,0.34935972080715844,2.0549901854533412,3.747208894136106,82731.65338259334
sturman_oft,open_field,False,11_01_A_190507142850DeepCut_resnet50_Blockcourse1May9shuffle1_1030000,bl,,15241,25,0.983151896733107,0.014434748376090809,14.138207761498647,10.810705128632383,0.7646446643733895,0.3523034393391949,2.195251760095672,1.5910573450251453,705.188848435386
sturman_oft,open_field,False,11_01_A_190507142850DeepCut_resnet50_Blockcourse1May9shuffle1_1030000,br,,15241,25,0.9709838210546973,0.02762285939242832,13.435740924115377,10.561758265158737,0.7860942187566134,0.3591546260407886,1.0965150381984927,1.609301908428513,557.0500811779924
sturman_oft,open_field,False,11_01_A_190507142850DeepCut_resnet50_Blockcourse1May9shuffle1_1030000,centre,,15241,25,0.909721199890172,0.07722590381208583,54.10335898897906,122.92851891463587,2.2721051190126036,1.625983361304966,14.341606845103211,13.813701456237524,48425.79571184502
sturman_oft,open_field,False,11_01_A_190507142850DeepCut_resnet50_Blockcourse1May9shuffle1_1030000,nose,nose,15241,25,0.9435758922432642,0.045797519847779015,90.99557460220105,239.38537125603844,2.6307364100127137,1.7893525142232134,129.86728363869895,98.8960430179803,279346.8225136825
sturman_oft,open_field,False,11_01_A_190507142850DeepCut_resnet50_Blockcourse1May9shuffle1_1030000,headcentre,head,15241,25,0.9917766380522024,0.006823699232333836,77.65345424701441,189.3163360643966,2.4379641305096915,1.3609221800815108,127.87516705646912,97.57989413779782,325107.16432119306
sturman_oft,open_field,False,11_01_A_190507142850DeepCut_resnet50_Blockcourse1May9shuffle1_1030000,neck,neck,15241,25,0.9920921486183208,0.007151761695426809,69.98820088779462,172.68833838569054,2.4673921631811226,1.208026646172772,125.85960672991428,95.72205470875572,317369.2620639979
sturman_oft,open_field,False,11_01_A_190507142850DeepCut_resnet50_Blockcourse1May9shuffle1_1030000,earl,,15241,25,0.9904794051737761,0.008857686503510268,72.72880005471801,135.77615621582837,1.866882942021266,1.256383811077052,125.85446991585005,96.30992828003406,310339.077327381
sturman_oft,open_field,False,11_01_A_190507142850DeepCut_resnet50_Blockcourse1May9shuffle1_1030000,earr,,15241,25,0.9926351498203573,0.006561249261859458,74.6287347260813,211.26882521130284,2.8309313562228793,1.3546965808639795,127.34860456776951,96.67077543903397,279854.5069794265
sturman_oft,open_field,False,11_01_A_190507142850DeepCut_resnet50_Blockcourse1May9shuffle1_1030000,bodycentre,body_center,15241,25,0.9941884804472789,0.004920936946394594,65.58161683525586,308.2224859512886,4.699830544366696,1.1550129046245443,122.42518502572906,93.61074874372022,381152.69879285264
sturman_oft,open_field,False,11_01_A_190507142850DeepCut_resnet50_Blockcourse1May9shuffle1_1030000,bcl,,15241,25,0.9932929285183001,0.006233186798766485,66.17791663394058,257.7350307764211,3.8945775854816937,1.204415981231268,121.24455267560862,93.05404932092613,279216.1766783928
sturman_oft,open_field,False,11_01_A_190507142850DeepCut_resnet50_Blockcourse1May9shuffle1_1030000,bcr,,15241,25,0.9940325312551556,0.005183386916868972,65.60900062090361,235.81147381821825,3.5941939609896543,1.2333214694391907,123.19114611383861,93.92103610250369,315449.0052664958
sturman_oft,open_field,False,11_01_A_190507142850DeepCut_resnet50_Blockcourse1May9shuffle1_1030000,hipl,,15241,25,0.9922261042635895,0.007414211665901188,64.13840888969405,214.6294323994136,3.346347939010082,1.2669665648827682,118.25095773821225,90.38315679414022,320434.26140696043
sturman_oft,open_field,False,11_01_A_190507142850DeepCut_resnet50_Blockcourse1May9shuffle1_1030000,hipr,,15241,25,0.9910622379491354,0.006889311724952431,62.547859539056965,210.9013736480808,3.37183998305149,1.20841197567823,120.21672652787953,91.08306416490424,338460.21951287
sturman_oft,open_field,False,11_01_A_190507142850DeepCut_resnet50_Blockcourse1May9shuffle1_1030000,tailbase,tail_base,15241,25,0.9912910843785608,0.00787349911423135,61.66720361836339,111.92134518484481,1.8149249295863423,1.0121905952203465,116.5285496063849,88.59981300388381,146867.6362490493
sturman_oft,open_field,False,11_01_A_190507142850DeepCut_resnet50_Blockcourse1May9shuffle1_1030000,tailcentre,,15241,25,0.9851996940379458,0.013516173479430484,85.15790021660241,220.33676144661928,2.587390728120165,2.134267121966445,114.40514993811912,86.80802696087707,350834.7426644772
sturman_oft,open_field,False,11_01_A_190507142850DeepCut_resnet50_Blockcourse1May9shuffle1_1030000,tailtip,,15241,25,0.9741742567521413,0.022964372416508103,119.39114615491881,362.73774180274506,3.0382298309798124,3.5428358831652638,109.4957485952335,84.75151307134719,284480.3876417363
sturman_oft,open_field,False,12_01_A_190507144429DeepCut_resnet50_Blockcourse1May9shuffle1_1030000,tl,,15242,25,0.9563606475308692,0.040808292874950795,13.729465330174522,13.308538397709896,0.9693413456138371,0.3837862051649925,1.5304423457603857,2.3894059295460357,466.00546065645375
sturman_oft,open_field,False,12_01_A_190507144429DeepCut_resnet50_Blockcourse1May9shuffle1_1030000,tr,,15242,25,0.9646797713477411,0.03424747408476578,11.488783028202862,11.03486652638262,0.9604904626794709,0.2869384100369984,5.866041885197864,1.0083598141779055,1627.1335389400365
sturman_oft,open_field,False,12_01_A_190507144429DeepCut_resnet50_Blockcourse1May9shuffle1_1030000,bl,,15242,25,0.9850193796770542,0.011875082010234878,15.20049667791659,12.88295653496384,0.8475352357189953,0.37986034450802875,1.875046669867272,1.7365834024348328,714.90974373898
sturman_oft,open_field,False,12_01_A_190507144429DeepCut_resnet50_Blockcourse1May9shuffle1_1030000,br,,15242,25,0.9666112070438071,0.03201679569610287,14.659665604312563,33.74816061821683,2.3021098522389782,0.3706816697861272,10.316513880507534,1.8514744205661668,21176.40022254563
sturman_oft,open_field,False,12_01_A_190507144429DeepCut_resnet50_Blockcourse1May9shuffle1_1030000,centre,,15242,25,0.9531082791119732,0.042120456632987795,38.44879555843356,90.23003268854264,2.3467583672787145,1.074372815549392,9.516263682495426,5.943842453037197,44862.76785804703
sturman_oft,open_field,False,12_01_A_190507144429DeepCut_resnet50_Blockcourse1May9shuffle1_1030000,nose,nose,15242,25,0.9356885514473949,0.054848445085946725,86.54492139433542,198.59892544276337,2.294749619539919,1.5252976691277231,141.00192592998874,111.09077184006902,197209.4593950656
sturman_oft,open_field,False,12_01_A_190507144429DeepCut_resnet50_Blockcourse1May9shuffle1_1030000,headcentre,head,15242,25,0.9926561123683312,0.006035953286970214,73.77137771458075,216.7029475535806,2.9374935681965684,1.222886055770695,140.10477880937034,109.66974052922319,339696.1437183312
sturman_oft,open_field,False,12_01_A_190507144429DeepCut_resnet50_Blockcourse1May9shuffle1_1030000,neck,neck,15242,25,0.9958321527164762,0.0036740585225036085,63.42902101705374,157.6813929841951,2.4859502867275904,1.0307080768271608,139.09795297733365,107.42797913803695,250944.5250878206
sturman_oft,open_field,False,12_01_A_190507144429DeepCut_resnet50_Blockcourse1May9shuffle1_1030000,earl,,15242,25,0.9941477714569108,0.00439574858942396,69.35055669587278,194.68029214451323,2.807191483671235,1.1462110991521435,139.16012402636136,108.71758135210399,251124.99831567725
sturman_oft,open_field,False,12_01_A_190507144429DeepCut_resnet50_Blockcourse1May9shuffle1_1030000,earr,,15242,25,0.9959806988748755,0.0035428421466999083,66.88084218641943,139.03138203943485,2.0787923341621144,1.1081452689226303,139.72081644742192,107.99373893584801,243296.61228318562
sturman_oft,open_field,False,12_01_A_190507144429DeepCut_resnet50_Blockcourse1May9shuffle1_1030000,bodycentre,body_center,15242,25,0.9969343441828016,0.0028211520797795566,59.73799918288539,245.98458338373334,4.117723839907356,1.0928834350713352,137.17504840510398,104.83506170967739,318576.0497032973
sturman_oft,open_field,False,12_01_A_190507144429DeepCut_resnet50_Blockcourse1May9shuffle1_1030000,bcl,,15242,25,0.9967976238936862,0.002952368455583257,61.43072885263878,240.09874038545308,3.9084468778061643,1.0600200970933316,136.78648552543342,104.92962762524627,272018.61909322743
sturman_oft,open_field,False,12_01_A_190507144429DeepCut_resnet50_Blockcourse1May9shuffle1_1030000,bcr,,15242,25,0.9963068837233219,0.0031491930192888073,63.85966700342348,267.57912170137826,4.190111446823447,1.163306960058758,137.1768876021322,104.36842109838472,280440.2966231165
sturman_oft,open_field,False,12_01_A_190507144429DeepCut_resnet50_Blockcourse1May9shuffle1_1030000,hipl,,15242,25,0.9958888095181658,0.002952368455583257,62.42973060962634,207.5747106789367,3.3249336278079302,1.2405304854196655,135.24076777230687,101.26408159587879,260041.0985303273
sturman_oft,open_field,False,12_01_A_190507144429DeepCut_resnet50_Blockcourse1May9shuffle1_1030000,hipr,,15242,25,0.9950044764521835,0.0036084503346017582,58.38776529775006,137.4353534924791,2.3538382192163656,1.1082455800752624,135.26273269422154,100.45481794437372,236992.77505759217
sturman_oft,open_field,False,12_01_A_190507144429DeepCut_resnet50_Blockcourse1May9shuffle1_1030000,tailbase,tail_base,15242,25,0.9899874061107511,0.009053929930455321,62.76302886643282,154.94674432045207,2.4687582342496115,1.1703839819235022,133.69050382033157,97.49634887826272,176349.1134391288
sturman_oft,open_field,False,12_01_A_190507144429DeepCut_resnet50_Blockcourse1May9shuffle1_1030000,tailcentre,,15242,25,0.9799481096495763,0.016270830599658836,87.9453550996619,250.0320521452008,2.843038746751982,2.28607930072606,132.81794898340627,92.25558187565352,251267.417381008
sturman_oft,open_field,False,12_01_A_190507144429DeepCut_resnet50_Blockcourse1May9shuffle1_1030000,tailtip,,15242,25,0.9398896502546713,0.05373310589161527,120.80495515656837,316.7944022414994,2.622362649205245,3.5030195051958164,129.66611688014828,84.84263301676205,299440.8834677128
sturman_oft,open_field,False,13_01_A_190507145949DeepCut_resnet50_Blockcourse1May9shuffle1_1030000,tl,,15250,25,0.9742801748436005,0.025114754098360656,11.914270484458934,9.507784434589741,0.798016500212226,0.32039001849719745,1.2328040191350078,1.5114890383799502,388.17881174756207
sturman_oft,open_field,False,13_01_A_190507145949DeepCut_resnet50_Blockcourse1May9shuffle1_1030000,tr,,15250,25,0.9707732545078778,0.02878688524590164,13.701311115570313,21.856201473099127,1.5951905105097213,0.3075465305533984,19.783296457034698,4.779877563304279,51411.31088469553
sturman_oft,open_field,False,13_01_A_190507145949DeepCut_resnet50_Blockcourse1May9shuffle1_1030000,bl,,15250,25,0.9887545080771212,0.009114754098360656,15.089685224353794,13.003699840665165,0.8617608417489067,0.38748869962918187,1.575107841041779,1.8611156500019488,590.4674730674607
sturman_oft,open_field,False,13_01_A_190507145949DeepCut_resnet50_Blockcourse1May9shuffle1_1030000,br,,15250,25,0.9664300661243376,0.03042622950819672,13.489161635527767,11.893760715952087,0.8817271997561575,0.35606919905596157,7.061099235525279,1.7162636368405009,2672.9060520093562
sturman_oft,open_field,False,13_01_A_190507145949DeepCut_resnet50_Blockcourse1May9shuffle1_1030000,centre,,15250,25,0.9319874385986172,0.06170491803278688,42.829740228380615,95.34492461908827,2.2261382887377192,1.1876602996778347,14.20927952004615,7.538097534923998,51874.184300846995
sturman_oft,open_field,False,13_01_A_190507145949DeepCut_resnet50_Blockcourse1May9shuffle1_1030000,nose,nose,15250,25,0.919937888163035,0.06983606557377049,104.17580240856925,219.72835649932674,2.1092072383332314,1.842499141060937,137.83079397685543,110.74238165792416,242450.23682124206
sturman_oft,open_field,False,13_01_A_190507145949DeepCut_resnet50_Blockcourse1May9shuffle1_1030000,headcentre,head,15250,25,0.9905380228112955,0.007278688524590164,90.0563563704677,209.25455002244715,2.3235955623346567,1.4575363235551828,135.67886175524964,109.05458885943953,281885.2466221839
sturman_oft,open_field,False,13_01_A_190507145949DeepCut_resnet50_Blockcourse1May9shuffle1_1030000,neck,neck,15250,25,0.9958107276314595,0.0034098360655737707,77.92205876987656,156.3445895224151,2.0064227253561153,1.1430470853028754,133.50430098105696,106.53770447091523,267222.17335703183
sturman_oft,open_field,False,13_01_A_190507145949DeepCut_resnet50_Blockcourse1May9shuffle1_1030000,earl,,15250,25,0.9928708990890471,0.005639344262295082,81.70861671287071,156.13285272118344,1.9108492959787122,1.2793392743845355,133.45262245683642,107.48952251401518,260609.7508429767
sturman_oft,open_field,False,13_01_A_190507145949DeepCut_resnet50_Blockcourse1May9shuffle1_1030000,earr,,15250,25,0.9956764030691053,0.0032131147540983606,83.2398603540347,157.65834142088403,1.8940245784932075,1.3051141396051456,135.07404846608017,107.58810802521188,263019.5361307944
sturman_oft,open_field,False,13_01_A_190507145949DeepCut_resnet50_Blockcourse1May9shuffle1_1030000,bodycentre,body_center,15250,25,0.9966058438019675,0.0022950819672131148,72.42689365631855,259.3382169110515,3.5806894900348487,1.2301157146807233,129.85473028734805,103.90799603040189,313939.1857121646
sturman_oft,open_field,False,13_01_A_190507145949DeepCut_resnet50_Blockcourse1May9shuffle1_1030000,bcl,,15250,25,0.9958123424326787,0.003147540983606557,70.9627850538922,169.17591984513592,2.3840090227103743,1.134493065298513,128.83165149934268,103.43421463439748,192199.28382703665
sturman_oft,open_field,False,13_01_A_190507145949DeepCut_resnet50_Blockcourse1May9shuffle1_1030000,bcr,,15250,25,0.9965893477240547,0.0024918032786885244,75.92448074236306,226.4471179950461,2.982531006875849,1.273117416238372,130.94452347857262,103.85291744241576,303043.8657605618
sturman_oft,open_field,False,13_01_A_190507145949DeepCut_resnet50_Blockcourse1May9shuffle1_1030000,hipl,,15250,25,0.9921463485448087,0.007278688524590164,70.74627910342191,205.88719825091678,2.910219461152668,1.3522318403286941,124.61668497232685,99.54812056485028,215153.34537366734
sturman_oft,open_field,False,13_01_A_190507145949DeepCut_resnet50_Blockcourse1May9shuffle1_1030000,hipr,,15250,25,0.9881602238377587,0.009049180327868852,72.22833520692872,150.49873074926953,2.083652216517272,1.346412061477071,127.27888126486825,99.0322926266562,282180.49073542305
sturman_oft,open_field,False,13_01_A_190507145949DeepCut_resnet50_Blockcourse1May9shuffle1_1030000,tailbase,tail_base,15250,25,0.9922436951320679,0.006885245901639345,79.03903843535869,283.81854104684385,3.5908653073880963,1.5641544524725772,122.12131737256188,96.02243764897865,230131.31333244473
sturman_oft,open_field,False,13_01_A_190507145949DeepCut_resnet50_Blockcourse1May9shuffle1_1030000,tailcentre,,15250,25,0.9913151108769119,0.0070163934426229506,109.39224745958883,396.89651816733846,3.6281960320264752,2.9182894005264886,115.80447940614162,90.51371341117296,213956.8681511309
sturman_oft,open_field,False,13_01_A_190507145949DeepCut_resnet50_Blockcourse1May9shuffle1_1030000,tailtip,,15250,25,0.9795690833447409,0.015147540983606557,137.73613257920712,410.4309623665449,2.979835099773262,3.986016809614379,108.39809609028943,84.21022246540946,352336.073529691
sturman_oft,open_field,False,14_01_A_190507151530DeepCut_resnet50_Blockcourse1May9shuffle1_1030000,tl,,15251,25,0.9737195698919942,0.02570323257491312,12.248006027428719,9.458930399844837,0.7722832907382716,0.3309263072531473,1.103055642774316,1.6012279240308167,303.995796147984
sturman_oft,open_field,False,14_01_A_190507151530DeepCut_resnet50_Blockcourse1May9shuffle1_1030000,tr,,15251,25,0.96661743707332,0.031211068126680216,11.581071815461428,12.146518870397957,1.0488251056505515,0.3050276095531925,1.2533997849072578,1.223971287988179,343.7368213013184
sturman_oft,open_field,False,14_01_A_190507151530DeepCut_resnet50_Blockcourse1May9shuffle1_1030000,bl,,15251,25,0.9825056942222423,0.01639236771359255,13.709445744910951,10.069531472624845,0.7344958840777885,0.3410049277533094,2.09999513714576,1.4493266170156662,582.7108511271706
sturman_oft,open_field,False,14_01_A_190507151530DeepCut_resnet50_Blockcourse1May9shuffle1_1030000,br,,15251,25,0.9751231846680571,0.024129565274408234,12.927375226739736,10.656952674761806,0.8243709560405073,0.336268580931944,15.88945955347573,3.8520878254832325,13636.76109788357
sturman_oft,open_field,False,14_01_A_190507151530DeepCut_resnet50_Blockcourse1May9shuffle1_1030000,centre,,15251,25,0.9182287958162932,0.07691298931217624,40.29227909344085,82.60142156750112,2.050055827716823,1.1125953837156506,9.478864987347016,8.212277795486022,33681.112822885
sturman_oft,open_field,False,14_01_A_190507151530DeepCut_resnet50_Blockcourse1May9shuffle1_1030000,nose,nose,15251,25,0.9513751819175811,0.039603960396039604,80.07423474939365,262.1117466296663,3.2733593702142882,1.518414166169601,131.96179500804251,103.10642350148413,287300.07210825995
sturman_oft,open_field,False,14_01_A_190507151530DeepCut_resnet50_Blockcourse1May9shuffle1_1030000,headcentre,head,15251,25,0.9955932092634578,0.0036063208969903614,67.56165312033974,241.0085387870271,3.5672386280682997,1.2854172205558003,129.72487009378887,102.03345009077135,340648.7907080342
sturman_oft,open_field,False,14_01_A_190507151530DeepCut_resnet50_Blockcourse1May9shuffle1_1030000,neck,neck,15251,25,0.9981620389823797,0.001245819946233034,56.5491455944489,167.74934704639398,2.9664346876155268,1.0167383428963088,127.44391571605675,100.37775027781561,255086.95300277058
sturman_oft,open_field,False,14_01_A_190507151530DeepCut_resnet50_Blockcourse1May9shuffle1_1030000,earl,,15251,25,0.9947706034817263,0.0037374598386991018,60.97527914263731,174.3455701443632,2.8592828535728843,1.159737038807957,128.58317588342427,101.64679086049557,258920.53233633732
sturman_oft,open_field,False,14_01_A_190507151530DeepCut_resnet50_Blockcourse1May9shuffle1_1030000,earr,,15251,25,0.9979304319350073,0.0013113894170874042,60.90109745149572,169.77815475605078,2.787768395984481,1.110246108689093,127.96588223270454,100.47503414511664,257219.86632499113
sturman_oft,open_field,False,14_01_A_190507151530DeepCut_resnet50_Blockcourse1May9shuffle1_1030000,bodycentre,body_center,15251,25,0.9962583729813712,0.0019015146547767359,49.949581722545375,184.81026443952072,3.699936176965107,0.9631341655188395,123.71135833273664,98.43832476756805,294388.4534319778
sturman_oft,open_field,False,14_01_A_190507151530DeepCut_resnet50_Blockcourse1May9shuffle1_1030000,bcl,,15251,25,0.9918726412251491,0.0067536554980001315,51.494432705623815,184.69781909316842,3.586753157356313,0.9276033367882549,124.2352082604475,99.35872838654755,203161.8018656298
sturman_oft,open_field,False,14_01_A_190507151530DeepCut_resnet50_Blockcourse1May9shuffle1_1030000,bcr,,15251,25,0.9979693345453424,0.0007212641793980722,53.62936492454835,189.53720873402887,3.534205728534927,1.010776143785594,123.13840773772603,97.5206380061249,282782.79495448084
sturman_oft,open_field,False,14_01_A_190507151530DeepCut_resnet50_Blockcourse1May9shuffle1_1030000,hipl,,15251,25,0.9890905694741592,0.010491115336699233,51.06428871994129,211.8010452558444,4.14773319212284,1.065752186194309,119.96211508101676,97.39339061866507,436608.3323927705
sturman_oft,open_field,False,14_01_A_190507151530DeepCut_resnet50_Blockcourse1May9shuffle1_1030000,hipr,,15251,25,0.990738273573644,0.007343780735689463,51.154861348287355,182.0663375944355,3.559120928015789,1.061429284789905,119.34561503951993,94.4451625013601,280778.6665701564
sturman_oft,open_field,False,14_01_A_190507151530DeepCut_resnet50_Blockcourse1May9shuffle1_1030000,tailbase,tail_base,15251,25,0.9860739646509166,0.013376172054291521,52.48548240776304,153.33922516722598,2.9215550307020868,0.8904813679994621,116.07987543160017,94.21626036240504,145540.4165527827
sturman_oft,open_field,False,14_01_A_190507151530DeepCut_resnet50_Blockcourse1May9shuffle1_1030000,tailcentre,,15251,25,0.9890532353597972,0.008983017507048718,71.02714271246944,120.92410907947398,1.7025056121009452,1.7780852426437734,111.96001812042854,92.59755516997257,163205.56220447578
sturman_oft,open_field,False,14_01_A_190507151530DeepCut_resnet50_Blockcourse1May9shuffle1_1030000,tailtip,,15251,25,0.9756607587169752,0.01947413284374795,104.73257232868804,296.1938859772516,2.8280971181314056,3.1350448504172683,106.79877097382787,91.55502932240674,160888.9531912205
sturman_oft,open_field,False,15_01_A_190507153142DeepCut_resnet50_Blockcourse1May9shuffle1_1030000,tl,,15239,25,0.9699269861063077,0.0279545901962071,12.657230044931294,12.809886651562328,1.0120608226356893,0.34791058466306934,1.4544634003058627,2.0298011997802674,339.4207141059521
sturman_oft,open_field,False,15_01_A_190507153142DeepCut_resnet50_Blockcourse1May9shuffle1_1030000,tr,,15239,25,0.9662856464604551,0.03248244635474769,11.53255829500053,11.37173497468916,0.9860548443634497,0.2937961088761198,1.3787470872244407,0.9650579855869827,436.1901698672943
sturman_oft,open_field,False,15_01_A_190507153142DeepCut_resnet50_Blockcourse1May9shuffle1_1030000,bl,,15239,25,0.9807968518596926,0.017848940219174488,13.345794830873764,10.505517796286448,0.7871781283482117,0.3366288707478411,2.0405870197326594,1.5048345702838057,669.3741862673517
sturman_oft,open_field,False,15_01_A_190507153142DeepCut_resnet50_Blockcourse1May9shuffle1_1030000,br,,15239,25,0.974232917512071,0.024607913905111883,13.4483902569365,11.649761600999854,0.8662569555483463,0.3634091046434118,1.2672870549767208,1.6422816489765029,548.4479139956551
sturman_oft,open_field,False,15_01_A_190507153142DeepCut_resnet50_Blockcourse1May9shuffle1_1030000,centre,,15239,25,0.9560096769599951,0.04035697880438349,34.94795965252205,32.61324107630938,0.933194423954184,0.9253214970859053,4.006996532950447,4.810049316430742,5247.147676611128
sturman_oft,open_field,False,15_01_A_190507153142DeepCut_resnet50_Blockcourse1May9shuffle1_1030000,nose,nose,15239,25,0.9551593310286643,0.036813439202047375,88.95048181313918,281.99502492670587,3.170247301404178,1.672074942402514,138.27975324375433,111.17264476482917,301161.97785354784
sturman_oft,open_field,False,15_01_A_190507153142DeepCut_resnet50_Blockcourse1May9shuffle1_1030000,headcentre,head,15239,25,0.9907012505847815,0.008333880175864557,73.09620483540752,205.04769905519387,2.8051757203661216,1.2885971249490584,137.35352870420058,110.12802053569622,289944.45585946005
sturman_oft,open_field,False,15_01_A_190507153142DeepCut_resnet50_Blockcourse1May9shuffle1_1030000,neck,neck,15239,25,0.9963655305198973,0.0019030120086619858,66.05973266788484,259.6327536079041,3.9302725445954674,1.1750631955911335,136.25587917437613,108.49944859840356,260907.57656143792
sturman_oft,open_field,False,15_01_A_190507153142DeepCut_resnet50_Blockcourse1May9shuffle1_1030000,earl,,15239,25,0.9913706750125505,0.007612048034647943,71.03183349937129,273.8721318408945,3.855625264738782,1.2662242588664647,136.220263549879,109.08185506955166,362324.51434327045
sturman_oft,open_field,False,15_01_A_190507153142DeepCut_resnet50_Blockcourse1May9shuffle1_1030000,earr,,15239,25,0.9930314381484465,0.005905899337226852,68.84224344155703,214.51555565079184,3.116045394902082,1.2124405910735758,136.9352467058412,109.41795992300379,317695.14724745153
sturman_oft,open_field,False,15_01_A_190507153142DeepCut_resnet50_Blockcourse1May9shuffle1_1030000,bodycentre,body_center,15239,25,0.9988293883110393,0.0009186954524575103,55.16865414489375,160.89827587445444,2.91647998973973,0.8769721864703685,133.8798686612581,106.72491296173322,296631.92741569906
sturman_oft,open_field,False,15_01_A_190507153142DeepCut_resnet50_Blockcourse1May9shuffle1_1030000,bcl,,15239,25,0.9985619711042022,0.0011155587636984055,58.373365103133985,188.3533883238727,3.226700876180261,0.937598828975201,133.22946389637104,106.3455835683955,242210.5028392968
sturman_oft,open_field,False,15_01_A_190507153142DeepCut_resnet50_Blockcourse1May9shuffle1_1030000,bcr,,15239,25,0.9979512180894197,0.0013780431786862655,58.27350512684205,161.13163303130355,2.7650925181276387,1.0315813052170228,134.1597914506571,107.09163041942885,288539.7304549269
sturman_oft,open_field,False,15_01_A_190507153142DeepCut_resnet50_Blockcourse1May9shuffle1_1030000,hipl,,15239,25,0.9954911399344477,0.003215434083601286,57.71565300951542,171.54279589660706,2.9722057527153902,1.074343466532523,130.93973995173155,103.9791992770511,320292.0831499458
sturman_oft,open_field,False,15_01_A_190507153142DeepCut_resnet50_Blockcourse1May9shuffle1_1030000,hipr,,15239,25,0.9903175859941304,0.007283942515913118,57.96319770550411,171.20463358820962,2.9536782021250056,1.0879132473330655,131.61135260173566,103.95956260915638,287705.61434768874
sturman_oft,open_field,False,15_01_A_190507153142DeepCut_resnet50_Blockcourse1May9shuffle1_1030000,tailbase,tail_base,15239,25,0.990952828265025,0.007480805827154013,57.57345537190491,72.69465977322739,1.2626419467729466,0.9586180738187151,129.32308094195307,101.68697126197432,161675.7846667009
sturman_oft,open_field,False,15_01_A_190507153142DeepCut_resnet50_Blockcourse1May9shuffle1_1030000,tailcentre,,15239,25,0.9729760036286081,0.023820460660148302,80.06495103328939,136.69289531956568,1.7072750754912913,1.978042064238595,126.29201991571352,97.32603617206384,170666.20872919814
sturman_oft,open_field,False,15_01_A_190507153142DeepCut_resnet50_Blockcourse1May9shuffle1_1030000,tailtip,,15239,25,0.925138079724652,0.06785222127436183,115.69188208374874,266.20812956425056,2.301009584851804,3.3244961858140774,119.01846109491851,92.79806856195405,259771.445471275
sturman_oft,open_field,False,16_02_A_190507114646DeepCut_resnet50_Blockcourse1May9shuffle1_1030000,tl,,15250,25,0.9683339369805133,0.03042622950819672,12.185915094086704,10.851699737711874,0.8905116812259535,0.33600014651228277,1.1641931935963752,1.7210958143378736,370.5034491300505
sturman_oft,open_field,False,16_02_A_190507114646DeepCut_resnet50_Blockcourse1May9shuffle1_1030000,tr,,15250,25,0.9623209465585771,0.03678688524590164,8.924410161769229,10.03304283484505,1.1242247558079557,0.23162969867721664,1.3774793687167843,0.7851844320353839,292.72106605508696
sturman_oft,open_field,False,16_02_A_190507114646DeepCut_resnet50_Blockcourse1May9shuffle1_1030000,bl,,15250,25,0.9829503013247349,0.014885245901639345,11.83596008548771,11.24930161773353,0.9504342306397693,0.29526504912050205,1.487015781933804,3.9027222191530706,1850.9824705408614
sturman_oft,open_field,False,16_02_A_190507114646DeepCut_resnet50_Blockcourse1May9shuffle1_1030000,br,,15250,25,0.9808976849512976,0.018032786885245903,12.078525489295522,13.86312441195489,1.1477497335449556,0.31276626495330084,5.71172856770106,1.387388221881102,3032.642346262179
sturman_oft,open_field,False,16_02_A_190507114646DeepCut_resnet50_Blockcourse1May9shuffle1_1030000,centre,,15250,25,0.9507667965244074,0.045377049180327866,32.47570952639768,79.85796313331639,2.459005955463555,0.8838255191762945,25.432291965872086,12.634805572879953,131740.6187694626
sturman_oft,open_field,False,16_02_A_190507114646DeepCut_resnet50_Blockcourse1May9shuffle1_1030000,nose,nose,15250,25,0.9581081784709555,0.03350819672131147,90.59450923400513,221.0197017509981,2.439658911116847,1.6449736539802227,127.65422451260117,106.98071814820116,304202.9252885422
sturman_oft,open_field,False,16_02_A_190507114646DeepCut_resnet50_Blockcourse1May9shuffle1_1030000,headcentre,head,15250,25,0.9929341272272048,0.006032786885245902,81.24439343832731,281.1493051755136,3.4605379310134707,1.4080461601229588,126.13764607440774,105.95461833277245,373832.26584895555
sturman_oft,open_field,False,16_02_A_190507114646DeepCut_resnet50_Blockcourse1May9shuffle1_1030000,neck,neck,15250,25,0.9936958230401649,0.005770491803278688,70.71852706807678,223.15800548784725,3.1555805068313356,1.1976948456449374,123.97859956415833,104.44672090803849,326779.6715415077
sturman_oft,open_field,False,16_02_A_190507114646DeepCut_resnet50_Blockcourse1May9shuffle1_1030000,earl,,15250,25,0.9926103090184634,0.006622950819672131,72.78279658405934,189.19298077375126,2.599418951362302,1.23083523896079,124.96011888751057,105.549209320064,332508.94854634616
sturman_oft,open_field,False,16_02_A_190507114646DeepCut_resnet50_Blockcourse1May9shuffle1_1030000,earr,,15250,25,0.9931441072596878,0.0061639344262295085,72.11175696351798,162.94588289779236,2.259629910005219,1.2020609740032069,124.81713646990657,104.50677401481339,320351.7408390024
sturman_oft,open_field,False,16_02_A_190507114646DeepCut_resnet50_Blockcourse1May9shuffle1_1030000,bodycentre,body_center,15250,25,0.9955256745873905,0.003934426229508197,68.39928399486948,345.1548427543625,5.046176255006588,1.4387099397835188,121.86132087371941,103.7581030801883,297730.16062073957
sturman_oft,open_field,False,16_02_A_190507114646DeepCut_resnet50_Blockcourse1May9shuffle1_1030000,bcl,,15250,25,0.9944011034359698,0.00478688524590164,64.58879689841527,257.16259097449995,3.9815355498719565,1.1363513645593142,122.17524133123258,103.56840822953085,309199.0945141882
sturman_oft,open_field,False,16_02_A_190507114646DeepCut_resnet50_Blockcourse1May9shuffle1_1030000,bcr,,15250,25,0.9931520353692477,0.005245901639344262,61.86024929055856,184.80218291162305,2.987414131546808,1.1136705363369317,121.39658055510542,101.91838886322114,226342.1254374567
sturman_oft,open_field,False,16_02_A_190507114646DeepCut_resnet50_Blockcourse1May9shuffle1_1030000,hipl,,15250,25,0.9935796084169481,0.005573770491803279,69.13307094637257,307.53172603013604,4.448402505780373,1.4958931206035593,119.57861346681717,101.30972241865668,300161.16211226775
sturman_oft,open_field,False,16_02_A_190507114646DeepCut_resnet50_Blockcourse1May9shuffle1_1030000,hipr,,15250,25,0.9902650672158257,0.007213114754098361,64.50436936658326,246.9348490509345,3.8281879425498277,1.3472705555173095,118.45174079119356,98.71774750518479,248761.42702014023
sturman_oft,open_field,False,16_02_A_190507114646DeepCut_resnet50_Blockcourse1May9shuffle1_1030000,tailbase,tail_base,15250,25,0.9940066809361098,0.005311475409836066,75.10878847769055,352.3821430095623,4.691623312686368,1.5637137835786794,117.70871758532897,98.21097611121627,263607.9286790993
sturman_oft,open_field,False,16_02_A_190507114646DeepCut_resnet50_Blockcourse1May9shuffle1_1030000,tailcentre,,15250,25,0.9864616612352308,0.010622950819672131,105.75768934760825,441.0183418109554,4.170082993789701,2.8756136239952323,116.41006307562644,95.72650712776169,271540.8937746066
sturman_oft,open_field,False,16_02_A_190507114646DeepCut_resnet50_Blockcourse1May9shuffle1_1030000,tailtip,,15250,25,0.9584436199508729,0.032262295081967214,140.94105431988683,400.75642336341247,2.8434328471378945,4.062741941141543,113.06935706762322,93.97404328822867,289722.4490248168
sturman_oft,open_field,False,17_02_A_190507120259DeepCut_resnet50_Blockcourse1May9shuffle1_1030000,tl,,15244,25,0.9704027243722958,0.02801102072946733,10.776187871986568,10.638612931096002,0.9872334314764313,0.28684574941281377,0.86945261827698,3.1533169371126673,1181.6057978504205
sturman_oft,open_field,False,17_02_A_190507120259DeepCut_resnet50_Blockcourse1May9shuffle1_1030000,tr,,15244,25,0.9705809111303934,0.02892941485174495,8.35968971641003,10.468387936978495,1.252245991430651,0.20646825880830225,6.695689679149729,11.859434804865707,29652.891291466934
sturman_oft,open_field,False,17_02_A_190507120259DeepCut_resnet50_Blockcourse1May9shuffle1_1030000,bl,,15244,25,0.9894372849886232,0.009249540802938862,12.22768279234042,12.050268897663049,0.9854908000403391,0.3112651073165833,1.0578284975040004,3.7422693428684637,1500.826811905536
sturman_oft,open_field,False,17_02_A_190507120259DeepCut_resnet50_Blockcourse1May9shuffle1_1030000,br,,15244,25,0.9765231871669044,0.022369456835476254,12.612128226140944,12.471438331033005,0.988844872761733,0.34935472059727124,1.904561153871189,3.4102111631063625,2754.13388363287
sturman_oft,open_field,False,17_02_A_190507120259DeepCut_resnet50_Blockcourse1May9shuffle1_1030000,centre,,15244,25,0.9368164787781079,0.05838362634479139,42.07665878502005,91.79342084407412,2.181575806982897,1.1600360949865018,12.67531640162355,8.236744994962166,131088.85062511914
sturman_oft,open_field,False,17_02_A_190507120259DeepCut_resnet50_Blockcourse1May9shuffle1_1030000,nose,nose,15244,25,0.9709982353147013,0.023156651797428495,94.21570622449704,222.40451504985822,2.360588525653176,1.7906470915362247,127.60212544869731,105.62848676157594,288607.67411885
sturman_oft,open_field,False,17_02_A_190507120259DeepCut_resnet50_Blockcourse1May9shuffle1_1030000,headcentre,head,15244,25,0.9918665524344374,0.0074127525583836265,81.33619865585251,208.81426591149187,2.5672980709981426,1.3226808647304946,125.73715165597369,104.40661128809278,249069.12590216225
sturman_oft,open_field,False,17_02_A_190507120259DeepCut_resnet50_Blockcourse1May9shuffle1_1030000,neck,neck,15244,25,0.9934861431755097,0.0059039622146418265,71.0824241296876,154.67888627850394,2.176049679964449,1.172111883172453,124.09618318864365,102.9825945148671,356661.806292459
sturman_oft,open_field,False,17_02_A_190507120259DeepCut_resnet50_Blockcourse1May9shuffle1_1030000,earl,,15244,25,0.9927127552557198,0.006363159275780635,76.7759327977669,195.56566621360363,2.547226182568658,1.2773738225653304,124.55862661276674,103.13921573300289,339909.2624725298
sturman_oft,open_field,False,17_02_A_190507120259DeepCut_resnet50_Blockcourse1May9shuffle1_1030000,earr,,15244,25,0.9932634608619203,0.0060351613749672,74.60833020380066,140.4982607550115,1.8831444206193253,1.2836007452358065,124.6960873205774,104.14613295132978,301712.05056926963
sturman_oft,open_field,False,17_02_A_190507120259DeepCut_resnet50_Blockcourse1May9shuffle1_1030000,bodycentre,body_center,15244,25,0.9942491800042627,0.005247966413014957,64.33728312449155,191.10584086605502,2.9703747436190064,1.1785270207816319,122.03820288944517,102.09154176969321,337490.6700642179
sturman_oft,open_field,False,17_02_A_190507120259DeepCut_resnet50_Blockcourse1May9shuffle1_1030000,bcl,,15244,25,0.9939598111390316,0.005379165573340331,65.01992208963135,139.9234570385846,2.1520089926545456,1.1007019474501112,122.2864888679164,100.0919173428898,257020.09968883145
sturman_oft,open_field,False,17_02_A_190507120259DeepCut_resnet50_Blockcourse1May9shuffle1_1030000,bcr,,15244,25,0.994033228886531,0.00518236683285227,70.33399886127391,288.235892316234,4.098101870828469,1.316376037546899,121.75519926505515,102.03168750611988,250556.86389814055
sturman_oft,open_field,False,17_02_A_190507120259DeepCut_resnet50_Blockcourse1May9shuffle1_1030000,hipl,,15244,25,0.992949418207458,0.0054447651535030174,71.87875511038203,266.54577726336566,3.7082692494331515,1.5141021831462063,119.9506347574166,98.09374270791135,329124.3296113959
sturman_oft,open_field,False,17_02_A_190507120259DeepCut_resnet50_Blockcourse1May9shuffle1_1030000,hipr,,15244,25,0.987019440180218,0.009315140383101548,70.47074132916865,268.77825240290207,3.814040370988004,1.6009861597078046,119.0188351371034,99.73927993920803,326431.7071311937
sturman_oft,open_field,False,17_02_A_190507120259DeepCut_resnet50_Blockcourse1May9shuffle1_1030000,tailbase,tail_base,15244,25,0.9913578035187234,0.007215953817895565,81.9193534425252,364.1628375185731,4.445382223067355,1.7334811176947689,117.89773650839437,96.86441473244639,330937.41828123893
sturman_oft,open_field,False,17_02_A_190507120259DeepCut_resnet50_Blockcourse1May9shuffle1_1030000,tailcentre,,15244,25,0.9843020651306702,0.011283127787982157,137.4924707223438,531.9953067077665,3.8692686509510255,4.629815803259778,115.52165426316972,93.4525670855956,287704.8785494249
sturman_oft,open_field,False,17_02_A_190507120259DeepCut_resnet50_Blockcourse1May9shuffle1_1030000,tailtip,,15244,25,0.9932872115377053,0.0053135659931776436,688.723516891823,1749.5313309632834,2.540252057689037,32.63028782266846,101.8012370764231,81.76048257712802,255461.5793331615
sturman_oft,open_field,False,18_02_A_190507122004DeepCut_resnet50_Blockcourse1May9shuffle1_1030000,tl,,15238,25,0.9632381681934212,0.032943955899724375,13.413628152842154,11.333472232260307,0.8449222017429273,0.3563730994885527,1.2191693949099518,1.868740139008971,377.69445176635514
sturman_oft,open_field,False,18_02_A_190507122004DeepCut_resnet50_Blockcourse1May9shuffle1_1030000,tr,,15238,25,0.9633363844653975,0.03570022312639454,9.02830564337408,9.20691449799225,1.0197832086853695,0.2420425807134963,1.5996297040601264,0.9262780766028592,428.49236952424917
sturman_oft,open_field,False,18_02_A_190507122004DeepCut_resnet50_Blockcourse1May9shuffle1_1030000,bl,,15238,25,0.9799574814861036,0.017521984512403204,13.965037783682662,12.000304114111486,0.8593105367844508,0.3854423550233596,1.0018658617285365,1.1623733813924997,373.17311720191515
sturman_oft,open_field,False,18_02_A_190507122004DeepCut_resnet50_Blockcourse1May9shuffle1_1030000,br,,15238,25,0.9724886303777096,0.026250164063525396,11.436658064489249,10.61295928562653,0.92797731870464,0.30980285721896195,1.2541550251047224,1.0822216013686397,422.6015503238291
sturman_oft,open_field,False,18_02_A_190507122004DeepCut_resnet50_Blockcourse1May9shuffle1_1030000,centre,,15238,25,0.9355211570841353,0.05479721748260927,41.5920089553379,113.29749812868103,2.724020814920037,1.2113624346873535,26.484270015096495,13.910884565793523,153644.9456009736
sturman_oft,open_field,False,18_02_A_190507122004DeepCut_resnet50_Blockcourse1May9shuffle1_1030000,nose,nose,15238,25,0.9152917683550904,0.07330358314739467,97.69522942732921,215.59600737563966,2.2068222638855786,1.6487060211316793,132.76468548611692,107.59507621340045,396577.79621971183
sturman_oft,open_field,False,18_02_A_190507122004DeepCut_resnet50_Blockcourse1May9shuffle1_1030000,headcentre,head,15238,25,0.9777005732075125,0.021328258301614385,90.00066151271412,298.48123674598963,3.3164338098095434,1.644664181979669,129.741690787405,106.76555514767425,305007.7645570127
sturman_oft,open_field,False,18_02_A_190507122004DeepCut_resnet50_Blockcourse1May9shuffle1_1030000,neck,neck,15238,25,0.9916210714397601,0.007743798398739992,73.95849927072547,212.6344068844559,2.8750503185050653,1.138014740204544,127.27051500619321,104.10157603263748,303541.6912032117
sturman_oft,open_field,False,18_02_A_190507122004DeepCut_resnet50_Blockcourse1May9shuffle1_1030000,earl,,15238,25,0.9890877698205998,0.008990681191757449,82.88853117513777,296.98322820182494,3.582923041238598,1.4051346342922433,128.49740900924638,105.27396268188483,311646.0846338165
sturman_oft,open_field,False,18_02_A_190507122004DeepCut_resnet50_Blockcourse1May9shuffle1_1030000,earr,,15238,25,0.9900991679419212,0.00807192544953406,82.95673514958631,275.99785849892936,3.3270096514918803,1.4797570627873844,128.3448802751714,105.01414437190559,296972.7978060827
sturman_oft,open_field,False,18_02_A_190507122004DeepCut_resnet50_Blockcourse1May9shuffle1_1030000,bodycentre,body_center,15238,25,0.9925593188943661,0.006825042656516603,66.22119877169781,247.81353483763357,3.7422085289030775,1.052543899662397,124.05941632768341,101.76579761050071,383781.37599311396
sturman_oft,open_field,False,18_02_A_190507122004DeepCut_resnet50_Blockcourse1May9shuffle1_1030000,bcl,,15238,25,0.9914614655970275,0.0076125475784223655,67.6998808616849,170.5742353189315,2.519564778369778,1.050579755132486,124.63933566181323,101.9745235868859,300247.53046448744
sturman_oft,open_field,False,18_02_A_190507122004DeepCut_resnet50_Blockcourse1May9shuffle1_1030000,bcr,,15238,25,0.9930545792818727,0.006628166426040163,68.91496256763206,168.5498319875884,2.445765414472601,1.1469649935080444,123.85608849431749,102.4001330039915,288168.9725186624
sturman_oft,open_field,False,18_02_A_190507122004DeepCut_resnet50_Blockcourse1May9shuffle1_1030000,hipl,,15238,25,0.988551364221243,0.010565691035568972,71.39306606524187,232.093744704429,3.2509283813687504,1.3498708268478978,120.41318088348189,99.2174949888871,308982.213664279
sturman_oft,open_field,False,18_02_A_190507122004DeepCut_resnet50_Blockcourse1May9shuffle1_1030000,hipr,,15238,25,0.986351929764404,0.011615697598109988,68.61450444275093,206.8804402446777,3.015112357435884,1.371043740356077,119.46499162843823,97.79737927113905,274320.7376643843
sturman_oft,open_field,False,18_02_A_190507122004DeepCut_resnet50_Blockcourse1May9shuffle1_1030000,tailbase,tail_base,15238,25,0.9847440887939306,0.012534453340333377,70.05678056172962,164.3351765584751,2.345742628205321,1.2212874496956982,116.38894624858587,95.55422856505888,256048.10838136412
sturman_oft,open_field,False,18_02_A_190507122004DeepCut_resnet50_Blockcourse1May9shuffle1_1030000,tailcentre,,15238,25,0.9734497125426652,0.02441265257907862,100.07553778213784,286.9558100901919,2.8673921364768296,2.6099467966868195,110.90420195216039,95.62238306909933,215978.61231011973
sturman_oft,open_field,False,18_02_A_190507122004DeepCut_resnet50_Blockcourse1May9shuffle1_1030000,tailtip,,15238,25,0.9619285860451552,0.03287833048956556,158.441532461693,496.23738538530023,3.131990568857174,4.803657964906558,104.81195251898795,90.08797209851947,361388.120571236
sturman_oft,open_field,False,19_02_A_190507123740DeepCut_resnet50_Blockcourse1May9shuffle1_1030000,tl,,15243,25,0.9576574049737051,0.04080561569244899,11.27958646646877,10.707253751838666,0.9492594239752054,0.29541595271951987,1.063719884004268,2.4272054398921914,971.2429075712588
sturman_oft,open_field,False,19_02_A_190507123740DeepCut_resnet50_Blockcourse1May9shuffle1_1030000,tr,,15243,25,0.9686393901732137,0.03083382536246146,10.09611646704849,9.906932928974099,0.9812617516158965,0.28254651533145014,1.0941133064565427,1.7567640485016387,666.799555006408
sturman_oft,open_field,False,19_02_A_190507123740DeepCut_resnet50_Blockcourse1May9shuffle1_1030000,bl,,15243,25,0.9838023856013401,0.014104835006232368,12.87221090411618,11.886276588035171,0.923405984921694,0.3192880573648273,1.5649163738525007,2.2504639890001212,1350.6783696123687
sturman_oft,open_field,False,19_02_A_190507123740DeepCut_resnet50_Blockcourse1May9shuffle1_1030000,br,,15243,25,0.9638343186861948,0.03542609722495572,11.627100221980895,10.323866686408465,0.8879141393217991,0.30987324795871757,1.1897046671097036,2.3305129007783405,1198.0159519225526
sturman_oft,open_field,False,19_02_A_190507123740DeepCut_resnet50_Blockcourse1May9shuffle1_1030000,centre,,15243,25,0.9363971124000846,0.05477924293118153,40.42227875745838,113.49971899549357,2.8078505834991194,1.1929746740407818,10.13633979545161,10.826483784074007,53801.156504761726
sturman_oft,open_field,False,19_02_A_190507123740DeepCut_resnet50_Blockcourse1May9shuffle1_1030000,nose,nose,15243,25,0.9472846739902777,0.03962474578495047,114.29252399649492,393.10639653555006,3.439476028612385,2.5756597131737977,135.9484782451856,108.703758902982,313115.6229152026
sturman_oft,open_field,False,19_02_A_190507123740DeepCut_resnet50_Blockcourse1May9shuffle1_1030000,headcentre,head,15243,25,0.9872354373432618,0.012005510726234993,83.63657456501896,165.41819930190255,1.9778213079889668,1.3502224432328582,133.44394643323596,105.48773478904025,300795.63763115386
sturman_oft,open_field,False,19_02_A_190507123740DeepCut_resnet50_Blockcourse1May9shuffle1_1030000,neck,neck,15243,25,0.9896879196988154,0.009709374794987864,73.81390667750159,153.02527961477352,2.073122620150052,1.1647998820111765,130.5566919039645,103.29141220496713,234266.96788129525
sturman_oft,open_field,False,19_02_A_190507123740DeepCut_resnet50_Blockcourse1May9shuffle1_1030000,earl,,15243,25,0.9881054756503432,0.011021452469986223,78.78450930626695,214.49296491534142,2.722527141490738,1.3082588762524545,132.3571683204063,104.52305890829926,242065.45768672935
sturman_oft,open_field,False,19_02_A_190507123740DeepCut_resnet50_Blockcourse1May9shuffle1_1030000,earr,,15243,25,0.9904488501219207,0.008987732073738765,79.14168374707361,151.1812806851018,1.9102611105451994,1.2771820215720848,131.07722371095062,103.86819530950454,230477.42496825015
sturman_oft,open_field,False,19_02_A_190507123740DeepCut_resnet50_Blockcourse1May9shuffle1_1030000,bodycentre,body_center,15243,25,0.98916360699723,0.01049662139998688,68.61501893073614,273.8537866189422,3.9911639009439845,1.0763398331895653,126.93422097466288,101.1583379005356,383478.0765110356
sturman_oft,open_field,False,19_02_A_190507123740DeepCut_resnet50_Blockcourse1May9shuffle1_1030000,bcl,,15243,25,0.9889374227768745,0.01082464081873647,68.70207831436271,216.1947283452732,3.1468440788067977,1.1590200369161865,128.44636458986758,101.17489911592216,368048.07547877607
sturman_oft,open_field,False,19_02_A_190507123740DeepCut_resnet50_Blockcourse1May9shuffle1_1030000,bcr,,15243,25,0.9899543133540892,0.009315751492488355,70.97594162210025,209.5966210459415,2.95306573263803,1.1939274807549745,125.79920611942775,100.29056394474112,270005.60786474304
sturman_oft,open_field,False,19_02_A_190507123740DeepCut_resnet50_Blockcourse1May9shuffle1_1030000,hipl,,15243,25,0.9873865116012461,0.011743095191235321,69.05999015243538,195.1772552751045,2.8261987128045027,1.3785985075036526,124.19901054929673,98.70002804691148,310075.8411834863
sturman_oft,open_field,False,19_02_A_190507123740DeepCut_resnet50_Blockcourse1May9shuffle1_1030000,hipr,,15243,25,0.9822675132367473,0.015285704913730894,70.86230562224024,190.34283108042902,2.6860942416286497,1.3998871087527174,121.19193324814258,97.16780014739132,280152.6934905191
sturman_oft,open_field,False,19_02_A_190507123740DeepCut_resnet50_Blockcourse1May9shuffle1_1030000,tailbase,tail_base,15243,25,0.9853384928316032,0.013973627238732533,72.99052373219752,231.2037749753152,3.167586190004646,1.2923730928108361,119.62774739402127,94.81190004702508,215055.8557104111
sturman_oft,open_field,False,19_02_A_190507123740DeepCut_resnet50_Blockcourse1May9shuffle1_1030000,tailcentre,,15243,25,0.9793070865875544,0.017581840844978023,104.8039029901021,294.16339899677854,2.8067981306436645,2.5552635331996627,116.1016917000419,94.63850816582598,225272.79670140645
sturman_oft,open_field,False,19_02_A_190507123740DeepCut_resnet50_Blockcourse1May9shuffle1_1030000,tailtip,,15243,25,0.9579934997210734,0.03575411664370531,162.0366520005331,436.0863573904142,2.691282200702218,4.627865949825634,110.84918631203584,88.10173253576805,273497.79415474413
sturman_oft,open_field,False,1_01_A_190507114629DeepCut_resnet50_Blockcourse1May9shuffle1_1030000,tl,,15232,25,0.9730203339747865,0.026326155462184874,10.55890507358688,10.083801474395992,0.9550044634476959,0.27936613397824067,1.201630968292623,1.844909232897332,290.9924028426254
sturman_oft,open_field,False,1_01_A_190507114629DeepCut_resnet50_Blockcourse1May9shuffle1_1030000,tr,,15232,25,0.964289064867375,0.034860819327731093,10.91384200263593,10.390598792267594,0.9520569190719491,0.2783681365045006,1.0779202912342374,0.891611204406177,221.1096683931798
sturman_oft,open_field,False,1_01_A_190507114629DeepCut_resnet50_Blockcourse1May9shuffle1_1030000,bl,,15232,25,0.9877253059286061,0.010241596638655462,14.008459534240176,11.999587028176766,0.8565957590730642,0.37052697717418787,1.2766130656469519,1.3615589689072138,566.6393758374924
sturman_oft,open_field,False,1_01_A_190507114629DeepCut_resnet50_Blockcourse1May9shuffle1_1030000,br,,15232,25,0.9722888055727074,0.02658876050420168,10.870140118475598,12.283705481046606,1.1300411353638782,0.2717715033813021,11.347458482501162,1.392197003600861,4776.357115065624
sturman_oft,open_field,False,1_01_A_190507114629DeepCut_resnet50_Blockcourse1May9shuffle1_1030000,centre,,15232,25,0.9536672017474448,0.04405199579831933,32.259907387850255,42.62237321145124,1.3212180896558836,0.8359482615084917,5.100796048313951,6.7940875304590875,15732.739405228858
sturman_oft,open_field,False,1_01_A_190507114629DeepCut_resnet50_Blockcourse1May9shuffle1_1030000,nose,nose,15232,25,0.9327669816616014,0.05613182773109244,89.51393741433262,248.02391659496732,2.770785463798118,1.7901725406904954,135.65218914525346,106.15089629629794,240840.7689025557
sturman_oft,open_field,False,1_01_A_190507114629DeepCut_resnet50_Blockcourse1May9shuffle1_1030000,headcentre,head,15232,25,0.9935382622266736,0.005317752100840336,77.75418198859423,265.6842719325749,3.4169772626705557,1.4373059823674321,134.9902593076469,105.09467672955003,347340.7490682166
sturman_oft,open_field,False,1_01_A_190507114629DeepCut_resnet50_Blockcourse1May9shuffle1_1030000,neck,neck,15232,25,0.9970361482031143,0.002232142857142857,64.8740671802216,222.04651982155372,3.422731600975526,1.238601908938622,134.11893580224975,103.6952709891575,305159.4524356667
sturman_oft,open_field,False,1_01_A_190507114629DeepCut_resnet50_Blockcourse1May9shuffle1_1030000,earl,,15232,25,0.9939194529575586,0.005252100840336135,69.48190332406847,225.08399568029768,3.239462146430994,1.2238380638086148,134.43263602737463,104.6900287737698,298334.219778456
sturman_oft,open_field,False,1_01_A_190507114629DeepCut_resnet50_Blockcourse1May9shuffle1_1030000,earr,,15232,25,0.9964596878995478,0.002691701680672269,69.83919385703263,223.1919463749035,3.1957978614672777,1.3839999406874264,134.72536398675626,103.95804501262447,304242.9256517508
sturman_oft,open_field,False,1_01_A_190507114629DeepCut_resnet50_Blockcourse1May9shuffle1_1030000,bodycentre,body_center,15232,25,0.9988117501053552,0.0009191176470588235,54.26188873906579,116.6964915605318,2.150616100403381,0.9074130332469663,132.50181809198295,102.12187058862851,216799.81314871664
sturman_oft,open_field,False,1_01_A_190507114629DeepCut_resnet50_Blockcourse1May9shuffle1_1030000,bcl,,15232,25,0.9969996511760097,0.0020351890756302522,55.75083630308583,86.81985725014147,1.5572834957694788,0.922015317853345,132.17067679897968,102.39834749663196,178090.1717212227
sturman_oft,open_field,False,1_01_A_190507114629DeepCut_resnet50_Blockcourse1May9shuffle1_1030000,bcr,,15232,25,0.998009897686322,0.0017069327731092437,56.31287390912234,73.56916654691571,1.3064360143586626,0.9436088434835082,132.48340262437662,101.71070494874004,159394.97908381876
sturman_oft,open_field,False,1_01_A_190507114629DeepCut_resnet50_Blockcourse1May9shuffle1_1030000,hipl,,15232,25,0.9945489506554172,0.004464285714285714,58.807732070616225,253.14849005863644,4.30468037357156,1.240496167808581,130.85058547332002,100.54459546449873,328226.84788556607
sturman_oft,open_field,False,1_01_A_190507114629DeepCut_resnet50_Blockcourse1May9shuffle1_1030000,hipr,,15232,25,0.993246119234617,0.0048581932773109245,59.094441219254705,223.4695528499449,3.7815663916817264,1.217581330980747,131.707408407308,99.566376736026,279386.89672994934
sturman_oft,open_field,False,1_01_A_190507114629DeepCut_resnet50_Blockcourse1May9shuffle1_1030000,tailbase,tail_base,15232,25,0.987659251824131,0.009913340336134453,61.386223633172186,199.5060198767035,3.250012919330217,1.1795553326980748,130.6845210186396,98.6672513926675,203467.2421263691
sturman_oft,open_field,False,1_01_A_190507114629DeepCut_resnet50_Blockcourse1May9shuffle1_1030000,tailcentre,,15232,25,0.9571452166145558,0.03459821428571429,81.26934588964397,220.98996100252614,2.7192289858295333,1.9825875817265055,130.63876139082365,97.64828691595051,221614.06598159845
sturman_oft,open_field,False,1_01_A_190507114629DeepCut_resnet50_Blockcourse1May9shuffle1_1030000,tailtip,,15232,25,0.9022740470636793,0.09020483193277311,102.72631099017835,312.77182678694595,3.044710004400431,2.822212792133211,123.84425190888648,97.0571289828651,303538.7840353045
sturman_oft,open_field,False,20_02_A_190507125529DeepCut_resnet50_Blockcourse1May9shuffle1_1030000,tl,,15226,25,0.961268854261807,0.03710757914094313,11.911086906168308,10.84989545289242,0.9109072529118787,0.32296635748141345,0.783096153495364,2.0114666322385415,210.6554364867707
sturman_oft,open_field,False,20_02_A_190507125529DeepCut_resnet50_Blockcourse1May9shuffle1_1030000,tr,,15226,25,0.9708569219437939,0.02856955208196506,9.887350178592587,10.35614080903418,1.0474131715751898,0.2551917505628787,1.2376214460517765,1.9114266141068157,795.897195015044
sturman_oft,open_field,False,20_02_A_190507125529DeepCut_resnet50_Blockcourse1May9shuffle1_1030000,bl,,15226,25,0.986436135741018,0.011953237882569289,10.201464824185956,9.615713523140576,0.9425816477201722,0.25394757945175356,1.0723458960081935,0.9397506782088698,498.3384779983991
sturman_oft,open_field,False,20_02_A_190507125529DeepCut_resnet50_Blockcourse1May9shuffle1_1030000,br,,15226,25,0.9730318136073812,0.025548404045711282,14.682842274293398,44.12206387621811,3.005008366361509,0.356314943112762,19.197892884815676,23.459760209461344,136064.48747114337
sturman_oft,open_field,False,20_02_A_190507125529DeepCut_resnet50_Blockcourse1May9shuffle1_1030000,centre,,15226,25,0.9759908694366298,0.02278996453434914,29.473402707342164,47.83857999573392,1.6231101807534691,0.8022655517010169,7.1759931292069385,4.434646565361015,20923.379415131087
sturman_oft,open_field,False,20_02_A_190507125529DeepCut_resnet50_Blockcourse1May9shuffle1_1030000,nose,nose,15226,25,0.9124402779482454,0.07539734664389859,87.84421539921243,208.02987164294962,2.368168133753002,1.5985674676760633,139.7245448190468,112.24091086962663,311475.94659945567
sturman_oft,open_field,False,20_02_A_190507125529DeepCut_resnet50_Blockcourse1May9shuffle1_1030000,headcentre,head,15226,25,0.9854389827115674,0.011821883620123473,77.88981300886948,255.5730264277452,3.2812124789494943,1.451128680654356,138.54215918210238,111.25559641490992,353708.5456097802
sturman_oft,open_field,False,20_02_A_190507125529DeepCut_resnet50_Blockcourse1May9shuffle1_1030000,neck,neck,15226,25,0.994667030357115,0.004794430579272297,70.52215679353175,260.96684974219744,3.7004944489464786,1.3566634449926191,136.7827144258034,109.42612476118718,300221.67352397036
sturman_oft,open_field,False,20_02_A_190507125529DeepCut_resnet50_Blockcourse1May9shuffle1_1030000,earl,,15226,25,0.9931702048220616,0.005976618941284644,70.40694686740608,189.81350216818544,2.6959484910722207,1.2454560492362021,137.66446497788817,110.04324095402484,286527.96890171885
sturman_oft,open_field,False,20_02_A_190507125529DeepCut_resnet50_Blockcourse1May9shuffle1_1030000,earr,,15226,25,0.9920297973215165,0.006567713122290818,72.82568806809338,226.8552415503032,3.115044259357897,1.4074242253091798,137.54257688762027,110.71571332502413,300193.9336287883
sturman_oft,open_field,False,20_02_A_190507125529DeepCut_resnet50_Blockcourse1May9shuffle1_1030000,bodycentre,body_center,15226,25,0.9971730946324023,0.002561408117693419,62.03393081344315,257.5289845400023,4.151421345754767,1.288393738817537,134.0607373173026,107.4889897216375,300313.6582599551
sturman_oft,open_field,False,20_02_A_190507125529DeepCut_resnet50_Blockcourse1May9shuffle1_1030000,bcl,,15226,25,0.9965384734725257,0.0029554709050308684,63.074598824371144,216.9588843973386,3.4397188161505787,1.1541737020686467,134.33111875948038,106.51362373011722,329683.23120740085
sturman_oft,open_field,False,20_02_A_190507125529DeepCut_resnet50_Blockcourse1May9shuffle1_1030000,bcr,,15226,25,0.9965773505727205,0.0030211480362537764,63.268798574604396,209.0590801103038,3.3042998258262877,1.1493834727695846,133.85800044835642,107.88448871983749,290321.7084414443
sturman_oft,open_field,False,20_02_A_190507125529DeepCut_resnet50_Blockcourse1May9shuffle1_1030000,hipl,,15226,25,0.9954076976241694,0.0038092736109286746,67.96531078716838,296.65629250720434,4.364819186013523,1.458598153049163,130.713975025365,103.67027327613799,302328.2482317447
sturman_oft,open_field,False,20_02_A_190507125529DeepCut_resnet50_Blockcourse1May9shuffle1_1030000,hipr,,15226,25,0.9941669312786151,0.004466044923157757,67.83337228537597,261.5007015465535,3.8550449835578906,1.4463431048487443,130.69886957129572,104.65499857327286,208040.2965106787
sturman_oft,open_field,False,20_02_A_190507125529DeepCut_resnet50_Blockcourse1May9shuffle1_1030000,tailbase,tail_base,15226,25,0.9908434579614489,0.008143964271640615,66.06459770029443,180.34576858495333,2.7298398062317966,1.2563042124536101,128.3485705958561,101.5929399186002,180816.33674852338
sturman_oft,open_field,False,20_02_A_190507125529DeepCut_resnet50_Blockcourse1May9shuffle1_1030000,tailcentre,,15226,25,0.969641242997884,0.02462892420859057,94.56627562392863,290.2172229857237,3.0689293944477645,2.4169129280571893,125.38635454111693,98.34411683312031,263540.48822890205
sturman_oft,open_field,False,20_02_A_190507125529DeepCut_resnet50_Blockcourse1May9shuffle1_1030000,tailtip,,15226,25,0.9109323805744414,0.0771049520556942,159.33569375952703,513.0718645581428,3.2200686014050452,4.814985631773525,120.57820112152743,93.70284681124224,328559.4650077489
sturman_oft,open_field,False,21_02_A_190507131119DeepCut_resnet50_Blockcourse1May9shuffle1_1030000,tl,,15235,25,0.9686170882031611,0.030981293075155892,10.529471168588227,9.282865317424468,0.8816079334655796,0.28371892416749633,1.0377164198754965,1.4857002889681508,443.8235114600709
sturman_oft,open_field,False,21_02_A_190507131119DeepCut_resnet50_Blockcourse1May9shuffle1_1030000,tr,,15235,25,0.9779973432299424,0.021791926485067278,9.418949589289454,10.467415499757376,1.1113145261611932,0.23621246575823038,0.88099697727652,1.6337521338134662,1242.465956490465
sturman_oft,open_field,False,21_02_A_190507131119DeepCut_resnet50_Blockcourse1May9shuffle1_1030000,bl,,15235,25,0.9832553228805367,0.014506071545782737,9.679100749536081,10.750809788112372,1.110724029670593,0.2388445243336368,1.2787333665734615,4.97148261567065,1811.8979577587675
sturman_oft,open_field,False,21_02_A_190507131119DeepCut_resnet50_Blockcourse1May9shuffle1_1030000,br,,15235,25,0.9694833455689821,0.029012143091565475,12.535635412431033,11.968433176514926,0.9547528132994649,0.3316290610806292,1.7649999102137905,1.7946278306932881,1035.3631390142891
sturman_oft,open_field,False,21_02_A_190507131119DeepCut_resnet50_Blockcourse1May9shuffle1_1030000,centre,,15235,25,0.9353280247529295,0.056514604529044964,37.25166702694531,91.2691381947867,2.4500685601202448,1.0682213577318074,11.25462564463962,12.179315564413969,41471.42497300042
sturman_oft,open_field,False,21_02_A_190507131119DeepCut_resnet50_Blockcourse1May9shuffle1_1030000,nose,nose,15235,25,0.9742139352338213,0.0177879881851001,93.6743266954012,162.25984555150657,1.732169862070356,1.671961345898605,123.26261581395758,99.90492881244506,240829.9225404027
sturman_oft,open_field,False,21_02_A_190507131119DeepCut_resnet50_Blockcourse1May9shuffle1_1030000,headcentre,head,15235,25,0.9974656735751368,0.001444043321299639,81.99611138677682,178.1699073930359,2.172906792525879,1.3044937041352185,121.30544342494345,98.8260040973951,226550.34559917104
sturman_oft,open_field,False,21_02_A_190507131119DeepCut_resnet50_Blockcourse1May9shuffle1_1030000,neck,neck,15235,25,0.9960262767616005,0.003478831637676403,71.89054913197914,181.5339491327479,2.5251434482644113,1.1680255164102076,119.41571379624963,97.30028359779267,222171.67589150128
sturman_oft,open_field,False,21_02_A_190507131119DeepCut_resnet50_Blockcourse1May9shuffle1_1030000,earl,,15235,25,0.9956084180140362,0.003807023301608139,77.27462760534041,184.44664313132986,2.386897858289813,1.2844994003962724,120.34738576332067,98.26530880439623,245626.42076727576
sturman_oft,open_field,False,21_02_A_190507131119DeepCut_resnet50_Blockcourse1May9shuffle1_1030000,earr,,15235,25,0.9960026946582675,0.0034131933048900556,76.21040974107471,180.1857562980446,2.364319479585882,1.2642327874267585,120.22296792009189,97.83456556062733,247501.4902793356
sturman_oft,open_field,False,21_02_A_190507131119DeepCut_resnet50_Blockcourse1May9shuffle1_1030000,bodycentre,body_center,15235,25,0.9968721686541779,0.002559894978667542,68.27337682437508,282.22311449679273,4.133721336543485,1.2043559742392205,116.9699104445506,96.01748753978084,376355.94591294625
sturman_oft,open_field,False,21_02_A_190507131119DeepCut_resnet50_Blockcourse1May9shuffle1_1030000,bcl,,15235,25,0.9959892739614268,0.0036101083032490976,67.49128611451245,252.6920699329126,3.744069560389915,1.0677506007834465,117.2905837446505,95.86404492876781,378497.9758601503
sturman_oft,open_field,False,21_02_A_190507131119DeepCut_resnet50_Blockcourse1May9shuffle1_1030000,bcr,,15235,25,0.9962155846892946,0.0031506399737446667,64.22585818607466,98.82640223683678,1.5387322961184526,0.9961090901941182,116.62733696941245,95.8241095193528,213427.2790935775
sturman_oft,open_field,False,21_02_A_190507131119DeepCut_resnet50_Blockcourse1May9shuffle1_1030000,hipl,,15235,25,0.9948289751321869,0.00426649163111257,70.30011729927283,250.5652351209655,3.5642221485106584,1.3091671808861487,114.30523467633058,94.01991418018436,306581.3154812723
sturman_oft,open_field,False,21_02_A_190507131119DeepCut_resnet50_Blockcourse1May9shuffle1_1030000,hipr,,15235,25,0.9903516420290671,0.006695109944207417,64.44057777528867,142.21082043218618,2.206852038603546,1.2182876391945892,113.57253490566454,93.56673697055093,200940.50347333876
sturman_oft,open_field,False,21_02_A_190507131119DeepCut_resnet50_Blockcourse1May9shuffle1_1030000,tailbase,tail_base,15235,25,0.9912071439881069,0.007942238267148015,71.52512627684803,207.7994729412924,2.9052653767708905,1.3392761768438688,112.06132068816515,92.0959218189331,219692.65140180936
sturman_oft,open_field,False,21_02_A_190507131119DeepCut_resnet50_Blockcourse1May9shuffle1_1030000,tailcentre,,15235,25,0.9705254090078784,0.025664588119461765,103.05325933284429,246.43302094053547,2.3913170969643884,2.650956652657983,110.1535847354232,90.20496885962808,260305.62075319755
sturman_oft,open_field,False,21_02_A_190507131119DeepCut_resnet50_Blockcourse1May9shuffle1_1030000,tailtip,,15235,25,0.9393783955113161,0.05316704955694125,157.23988290797348,374.166531389567,2.379590498732134,4.741995619303903,108.31787476433817,88.1938606908975,379412.130079057
sturman_oft,open_field,False,22_02_A_190507134157DeepCut_resnet50_Blockcourse1May9shuffle1_1030000,tl,,15240,25,0.9320162082144751,0.06476377952755906,13.141387617698175,12.516278575408126,0.9524320368232513,0.346503926622378,1.3303257048646795,2.9668776190436357,315.45369853291
sturman_oft,open_field,False,22_02_A_190507134157DeepCut_resnet50_Blockcourse1May9shuffle1_1030000,tr,,15240,25,0.9552565848713941,0.044225721784776906,12.25743725713758,19.638260082253566,1.6021505695097962,0.2844012139947553,15.70130808951674,9.226831093101467,42554.28627319009
sturman_oft,open_field,False,22_02_A_190507134157DeepCut_resnet50_Blockcourse1May9shuffle1_1030000,bl,,15240,25,0.9755087148877266,0.01778215223097113,11.952313963223206,14.968385262837451,1.2523420409549628,0.31274605741851386,1.9374713160428072,1.7324536631638057,644.4251983597969
sturman_oft,open_field,False,22_02_A_190507134157DeepCut_resnet50_Blockcourse1May9shuffle1_1030000,br,,15240,25,0.9695725426156064,0.02952755905511811,12.258706228016036,11.202514721122869,0.9138415190601967,0.32807093148828925,2.025329656287078,1.6816880378927985,701.649063094219
sturman_oft,open_field,False,22_02_A_190507134157DeepCut_resnet50_Blockcourse1May9shuffle1_1030000,centre,,15240,25,0.8905836346014122,0.09593175853018372,47.67553939633923,109.72848689622198,2.301567812039217,1.4281981340722865,14.13011265270596,11.193697015393417,164405.31661329916
sturman_oft,open_field,False,22_02_A_190507134157DeepCut_resnet50_Blockcourse1May9shuffle1_1030000,nose,nose,15240,25,0.9490101976246815,0.04173228346456693,108.23475227578396,246.34215786224814,2.2759987220607685,2.087547435211169,145.40986435490737,116.99866530457956,320569.737135928
sturman_oft,open_field,False,22_02_A_190507134157DeepCut_resnet50_Blockcourse1May9shuffle1_1030000,headcentre,head,15240,25,0.9898542483061005,0.008595800524934383,92.07293734413383,269.3092250831055,2.9249552892673494,1.6113250599152051,142.79795447532516,115.8370842918709,353426.01311289205
sturman_oft,open_field,False,22_02_A_190507134157DeepCut_resnet50_Blockcourse1May9shuffle1_1030000,neck,neck,15240,25,0.9932897251265569,0.006102362204724409,79.89829146936754,204.1455023379554,2.5550671808323138,1.3933418076667055,139.83538462662295,113.77265620790239,298368.42423222295
sturman_oft,open_field,False,22_02_A_190507134157DeepCut_resnet50_Blockcourse1May9shuffle1_1030000,earl,,15240,25,0.9912255743396251,0.008005249343832021,83.8431538554082,192.35001848793001,2.294164873850612,1.417666741213364,140.89833628726694,114.8667233515855,268861.8289662499
sturman_oft,open_field,False,22_02_A_190507134157DeepCut_resnet50_Blockcourse1May9shuffle1_1030000,earr,,15240,25,0.9924923716352524,0.006430446194225722,83.93340977919281,189.07612022584132,2.2526919938466925,1.4443742620929263,141.17357081995294,114.74408319278427,269421.2901284272
sturman_oft,open_field,False,22_02_A_190507134157DeepCut_resnet50_Blockcourse1May9shuffle1_1030000,bodycentre,body_center,15240,25,0.9949615747166743,0.004724409448818898,72.27224429373418,202.12661055191134,2.7967390874208014,1.2588637957285134,135.91910542557366,111.27321243229503,300312.5546285431
sturman_oft,open_field,False,22_02_A_190507134157DeepCut_resnet50_Blockcourse1May9shuffle1_1030000,bcl,,15240,25,0.9944601897081834,0.005249343832020997,74.83272869394654,202.39787106868508,2.704670464396118,1.3591331985886888,136.51626787627367,110.95819621702277,322160.1753869222
sturman_oft,open_field,False,22_02_A_190507134157DeepCut_resnet50_Blockcourse1May9shuffle1_1030000,bcr,,15240,25,0.9949102290776458,0.004658792650918635,73.68314489665498,181.91142775796254,2.4688336527044847,1.2888978275061327,135.8080902678567,111.24557341574085,265984.77623727836
sturman_oft,open_field,False,22_02_A_190507134157DeepCut_resnet50_Blockcourse1May9shuffle1_1030000,hipl,,15240,25,0.9933635238411389,0.005446194225721785,79.89125596524238,267.69163382803964,3.3507000308582207,1.6619871915840476,131.45288199867113,107.56779883563097,301572.615669976
sturman_oft,open_field,False,22_02_A_190507134157DeepCut_resnet50_Blockcourse1May9shuffle1_1030000,hipr,,15240,25,0.9893856898771496,0.007480314960629921,77.23190082388969,223.49062361470652,2.8937604957351444,1.777178759009929,130.4383577659756,107.60636650009432,197593.94020490904
sturman_oft,open_field,False,22_02_A_190507134157DeepCut_resnet50_Blockcourse1May9shuffle1_1030000,tailbase,tail_base,15240,25,0.9875069534899839,0.01062992125984252,86.00675520623766,274.8187532060557,3.1953159091638934,1.8285751259821945,126.86166541585658,104.90038074932883,219558.62133240374
sturman_oft,open_field,False,22_02_A_190507134157DeepCut_resnet50_Blockcourse1May9shuffle1_1030000,tailcentre,,15240,25,0.9764956376996878,0.015485564304461942,202.85559086819137,769.3330004784623,3.79251563728578,7.866641101082636,118.83386801845313,98.2317566149169,256949.96016046905
sturman_oft,open_field,False,22_02_A_190507134157DeepCut_resnet50_Blockcourse1May9shuffle1_1030000,tailtip,,15240,25,0.9866288181228118,0.010236220472440945,657.4890364935998,1565.1807114794583,2.3805426776796064,29.926017361140197,106.62890013267508,78.12238142132259,389365.08185919136
sturman_oft,open_field,False,23_02_A_190507135734DeepCut_resnet50_Blockcourse1May9shuffle1_1030000,tl,,15233,25,0.9320600217415281,0.06394012998096238,13.906795443558043,12.494277849085305,0.8984296849546997,0.39310288088711987,1.4805545289954907,2.7102838473456963,326.61206768851997
sturman_oft,open_field,False,23_02_A_190507135734DeepCut_resnet50_Blockcourse1May9shuffle1_1030000,tr,,15233,25,0.9659956609972713,0.031247948532790653,13.087492362651298,49.41580423634948,3.7758038642582785,0.3375049746703728,3.8942901715686125,2.3807053053920546,43845.44188342513
sturman_oft,open_field,False,23_02_A_190507135734DeepCut_resnet50_Blockcourse1May9shuffle1_1030000,bl,,15233,25,0.9805789961975621,0.016936913280378125,12.260590048942,13.904069886681018,1.1340457376992912,0.3086907960041163,1.5665958632808838,1.4512656225803584,578.3348426570643
sturman_oft,open_field,False,23_02_A_190507135734DeepCut_resnet50_Blockcourse1May9shuffle1_1030000,br,,15233,25,0.9672317203924942,0.03229829974397689,12.01337254235225,11.165838947408309,0.9294508189140039,0.32738883862187873,1.5226272226726334,1.6575448102293626,755.0822642313096
sturman_oft,open_field,False,23_02_A_190507135734DeepCut_resnet50_Blockcourse1May9shuffle1_1030000,centre,,15233,25,0.9778253644722427,0.02081008337162739,29.218247477286866,62.582877292927016,2.1419107132136013,0.7452014669656957,41.59123724613046,6.241190606043292,209243.78435037067
sturman_oft,open_field,False,23_02_A_190507135734DeepCut_resnet50_Blockcourse1May9shuffle1_1030000,nose,nose,15233,25,0.9499467146797315,0.04024158077857284,86.67308129446356,321.79684772485456,3.712765750551551,2.1680847796498925,151.49425524271274,116.4720962141675,326176.82512474566
sturman_oft,open_field,False,23_02_A_190507135734DeepCut_resnet50_Blockcourse1May9shuffle1_1030000,headcentre,head,15233,25,0.989683671865258,0.008337162738790782,70.10460640006791,250.75173852167353,3.5768225712687354,1.5203181952532157,149.86315429345657,115.7643318341937,315785.5303641355
sturman_oft,open_field,False,23_02_A_190507135734DeepCut_resnet50_Blockcourse1May9shuffle1_1030000,neck,neck,15233,25,0.996671913258317,0.0020350554716733406,58.549499722383615,146.79126858981465,2.507131047845589,1.1371479969298972,147.62566838897138,114.31223510952918,234253.2421462395
sturman_oft,open_field,False,23_02_A_190507135734DeepCut_resnet50_Blockcourse1May9shuffle1_1030000,earl,,15233,25,0.9895670231201108,0.007549399330401103,64.12969388425786,200.49976355335002,3.1264731111178343,1.339445757219886,149.0311527373659,114.71717855535515,178622.51212000696
sturman_oft,open_field,False,23_02_A_190507135734DeepCut_resnet50_Blockcourse1May9shuffle1_1030000,earr,,15233,25,0.9943758372479334,0.0038075231405501216,62.34213006701342,137.49013572494746,2.2054128657002128,1.2733852668139867,147.8675653004283,115.37807367954275,180794.83478614173
sturman_oft,open_field,False,23_02_A_190507135734DeepCut_resnet50_Blockcourse1May9shuffle1_1030000,bodycentre,body_center,15233,25,0.9966107452681879,0.002888465830762161,57.01462814504867,310.8485181232932,5.452083583400312,1.2133447414468692,144.8230895613321,112.77827420686657,373196.5527467948
sturman_oft,open_field,False,23_02_A_190507135734DeepCut_resnet50_Blockcourse1May9shuffle1_1030000,bcl,,15233,25,0.9954144627331263,0.004070110943346681,58.6337319930371,262.1551148770527,4.471063088874921,1.253812224525703,146.06020335140428,111.69211242593848,276183.4440772347
sturman_oft,open_field,False,23_02_A_190507135734DeepCut_resnet50_Blockcourse1May9shuffle1_1030000,bcr,,15233,25,0.9961424664808401,0.003216700584257861,57.49053864654407,235.2239202846004,4.0915240285149155,1.229830590105621,143.48788777559298,113.46120631627034,295360.3923788333
sturman_oft,open_field,False,23_02_A_190507135734DeepCut_resnet50_Blockcourse1May9shuffle1_1030000,hipl,,15233,25,0.9931444711755769,0.004989168253134642,63.781000372812166,269.4650423685282,4.224848164711331,1.4282275837358178,142.5748218404263,109.76394570406082,282228.2413235528
sturman_oft,open_field,False,23_02_A_190507135734DeepCut_resnet50_Blockcourse1May9shuffle1_1030000,hipr,,15233,25,0.9930121924378198,0.004857874351736362,60.86012987132487,248.10052898558862,4.076569167863126,1.4754033535089,139.5025160452116,111.08795164422017,259617.14204322663
sturman_oft,open_field,False,23_02_A_190507135734DeepCut_resnet50_Blockcourse1May9shuffle1_1030000,tailbase,tail_base,15233,25,0.9847514036897835,0.011947745027243484,62.536889942537925,217.99841871890385,3.485917174954045,1.3657848165212323,138.59952723683895,108.84454787536926,251615.8583318325
sturman_oft,open_field,False,23_02_A_190507135734DeepCut_resnet50_Blockcourse1May9shuffle1_1030000,tailcentre,,15233,25,0.9350464733158901,0.05455261603098536,89.46349731426305,284.549381579333,3.1806199189797115,2.5130102681269166,135.6829458053015,106.83932641884229,276461.0596825958
sturman_oft,open_field,False,23_02_A_190507135734DeepCut_resnet50_Blockcourse1May9shuffle1_1030000,tailtip,,15233,25,0.9416799384195509,0.04588721853869888,518.1984161780638,1569.2380881260046,3.0282572063801556,23.77221384018546,113.68512389791798,91.79377867594671,429784.33243067557
sturman_oft,open_field,False,24_02_A_190507141305DeepCut_resnet50_Blockcourse1May9shuffle1_1030000,tl,,15247,25,0.9649369998072659,0.03443300321374697,10.425378447300798,9.93732597278917,0.9531861143479172,0.28228654001846737,0.6364285678896614,1.9449042193509705,509.4835160220864
sturman_oft,open_field,False,24_02_A_190507141305DeepCut_resnet50_Blockcourse1May9shuffle1_1030000,tr,,15247,25,0.9722667889371578,0.02669377582475241,9.15009974366822,9.123239824516439,0.9970645217096822,0.2328769883463379,1.1240453595816087,1.3328332701252088,804.0256897881824
sturman_oft,open_field,False,24_02_A_190507141305DeepCut_resnet50_Blockcourse1May9shuffle1_1030000,bl,,15247,25,0.9814384514842807,0.016199908178658098,10.26037919570671,9.506415495366669,0.9265169750592137,0.2532037287606087,1.405800307223561,1.4782603928150035,887.527236905221
sturman_oft,open_field,False,24_02_A_190507141305DeepCut_resnet50_Blockcourse1May9shuffle1_1030000,br,,15247,25,0.9717938524684399,0.026300255788023873,12.354036595174012,10.616222574900666,0.8593322913619823,0.3309924426315594,1.3562718924651909,1.554371795044039,906.0579455293702
sturman_oft,open_field,False,24_02_A_190507141305DeepCut_resnet50_Blockcourse1May9shuffle1_1030000,centre,,15247,25,0.9445792811342386,0.04643536433396734,28.481434962251356,121.08747536101029,4.2514527628785865,0.8714836408230261,14.567268898378943,7.519335266599241,87022.37922353993
sturman_oft,open_field,False,24_02_A_190507141305DeepCut_resnet50_Blockcourse1May9shuffle1_1030000,nose,nose,15247,25,0.9652481046263691,0.027546402570997573,79.63181640416276,140.756250789441,1.7675880966352406,1.4621103160231677,125.07223310244154,93.19136303467965,268565.09254989645
sturman_oft,open_field,False,24_02_A_190507141305DeepCut_resnet50_Blockcourse1May9shuffle1_1030000,headcentre,head,15247,25,0.9874274175311883,0.011936774447432281,71.53475186847695,248.77257078651812,3.477646378698689,1.3343824545406975,123.07807261505252,91.71474006052009,385815.1253964403
sturman_oft,open_field,False,24_02_A_190507141305DeepCut_resnet50_Blockcourse1May9shuffle1_1030000,neck,neck,15247,25,0.9865852228389722,0.012854987866465535,62.31778361111748,251.24880882248743,4.031735313154891,1.1292490276268334,120.89890966274206,89.8300180460568,297270.40515120473
sturman_oft,open_field,False,24_02_A_190507141305DeepCut_resnet50_Blockcourse1May9shuffle1_1030000,earl,,15247,25,0.9853219640988353,0.014494654686167771,65.22919401163448,227.48071221809832,3.4874064545014027,1.209183345648005,121.60372765629397,90.44605241213098,303301.13495493034
sturman_oft,open_field,False,24_02_A_190507141305DeepCut_resnet50_Blockcourse1May9shuffle1_1030000,earr,,15247,25,0.9872215132838571,0.012199121138584639,65.95025625005128,235.2784034820778,3.5675131054838753,1.187685063683874,121.5272391245144,90.72762704724919,301633.63550763164
sturman_oft,open_field,False,24_02_A_190507141305DeepCut_resnet50_Blockcourse1May9shuffle1_1030000,bodycentre,body_center,15247,25,0.9863650506970577,0.01331409457598216,51.38371513562541,194.38912347886816,3.7830881431166525,1.0050623380844153,118.20753095754306,87.91139244175262,272857.28103951085
sturman_oft,open_field,False,24_02_A_190507141305DeepCut_resnet50_Blockcourse1May9shuffle1_1030000,bcl,,15247,25,0.9863378712272788,0.013576441267134517,52.29422019343256,155.6197672630675,2.9758502313915605,0.9799319432295464,118.28950253226157,87.48597045310107,205406.73774429178
sturman_oft,open_field,False,24_02_A_190507141305DeepCut_resnet50_Blockcourse1May9shuffle1_1030000,bcr,,15247,25,0.9876987029878774,0.011608841083491835,56.73888407576102,248.34769549167603,4.377028197453935,1.0158646054351632,118.15178435549292,88.3436178273133,205915.3912430773
sturman_oft,open_field,False,24_02_A_190507141305DeepCut_resnet50_Blockcourse1May9shuffle1_1030000,hipl,,15247,25,0.9858322176314372,0.013642027939922608,52.982690288039365,213.5956586053704,4.03142342233212,1.0618164242821229,115.1177538570972,84.94068494385442,282893.30405800574
sturman_oft,open_field,False,24_02_A_190507141305DeepCut_resnet50_Blockcourse1May9shuffle1_1030000,hipr,,15247,25,0.9851648409698739,0.013445267921558339,51.222665940206824,167.6499265134037,3.2729637053468594,1.0674266584143408,114.87122902453339,85.40129756127433,180860.21840227774
sturman_oft,open_field,False,24_02_A_190507141305DeepCut_resnet50_Blockcourse1May9shuffle1_1030000,tailbase,tail_base,15247,25,0.9858336280883551,0.013576441267134517,54.14978096352079,155.28385272821444,2.867672776605041,1.024887134807413,112.99249193056707,83.31783734311445,192511.8794262848
sturman_oft,open_field,False,24_02_A_190507141305DeepCut_resnet50_Blockcourse1May9shuffle1_1030000,tailcentre,,15247,25,0.9815760105897178,0.016199908178658098,78.88417065029033,201.215342031765,2.55076956977584,2.023106678537382,111.87576956818515,82.48491704806212,252141.07034352896
sturman_oft,open_field,False,24_02_A_190507141305DeepCut_resnet50_Blockcourse1May9shuffle1_1030000,tailtip,,15247,25,0.9662343601172045,0.026300255788023873,135.99834304163247,438.83327849245285,3.2267545962535373,4.204990311608433,111.13946910114298,83.44941319858238,213852.14233797163
sturman_oft,open_field,False,25_02_A_190507142904DeepCut_resnet50_Blockcourse1May9shuffle1_1030000,tl,,15243,25,0.9554457609139504,0.042708128321196616,10.990808757146144,19.61853350928409,1.7849945297727305,0.28667496697399153,3.9601143317970515,3.830228498046737,23744.465796027336
sturman_oft,open_field,False,25_02_A_190507142904DeepCut_resnet50_Blockcourse1May9shuffle1_1030000,tr,,15243,25,0.9742219541702091,0.025388703011218264,9.904749503600716,43.33208024253267,4.374878963549757,0.23344673028480437,3.927814111998854,3.4236357584114097,45806.128475700614
sturman_oft,open_field,False,25_02_A_190507142904DeepCut_resnet50_Blockcourse1May9shuffle1_1030000,bl,,15243,25,0.9843552867344716,0.014104835006232368,11.526656266903824,11.49792239703469,0.9975071808160327,0.283332328966394,1.9044290947832325,3.8100432397035644,1990.4825073834454
sturman_oft,open_field,False,25_02_A_190507142904DeepCut_resnet50_Blockcourse1May9shuffle1_1030000,br,,15243,25,0.9701952275575744,0.026569572918716786,14.478753762110767,78.91846113015855,5.450639083087323,0.38869479351748853,9.598228288743842,2.422855577544793,64811.63242592545
sturman_oft,open_field,False,25_02_A_190507142904DeepCut_resnet50_Blockcourse1May9shuffle1_1030000,centre,,15243,25,0.9445096488946975,0.05366397690743292,32.80823280806562,66.00110922166213,2.011723996467019,0.8683331874441947,17.29027406540544,7.575601356719707,146667.29348641232
sturman_oft,open_field,False,25_02_A_190507142904DeepCut_resnet50_Blockcourse1May9shuffle1_1030000,nose,nose,15243,25,0.9100652952711311,0.07675654398740406,95.96812608842248,282.27392647870516,2.9413299809420628,1.9989162195333825,140.83671732140138,114.8360436205178,336966.77289555763
sturman_oft,open_field,False,25_02_A_190507142904DeepCut_resnet50_Blockcourse1May9shuffle1_1030000,headcentre,head,15243,25,0.9754014508853096,0.022633339893721707,82.3957190674221,261.94873173256366,3.179154629601792,1.4068075525716224,138.30465024575446,113.74027790505846,334096.2371547646
sturman_oft,open_field,False,25_02_A_190507142904DeepCut_resnet50_Blockcourse1May9shuffle1_1030000,neck,neck,15243,25,0.9884948027026017,0.010890244702486387,70.39230849022468,196.8863681189667,2.7969869484577017,1.2075649990669821,135.72836033116496,111.76882987320498,303705.40491655597
sturman_oft,open_field,False,25_02_A_190507142904DeepCut_resnet50_Blockcourse1May9shuffle1_1030000,earl,,15243,25,0.9850963285367711,0.013645607819982943,73.16160034054832,145.89982777370273,1.9942131814309252,1.2074136504916329,137.00738844542363,111.93418973247798,282317.35794627335
sturman_oft,open_field,False,25_02_A_190507142904DeepCut_resnet50_Blockcourse1May9shuffle1_1030000,earr,,15243,25,0.9857519770387292,0.012989568982483763,73.63599009889319,150.75075882389103,2.0472429123507765,1.245353608359035,136.91706769404365,112.65749453118342,301953.0995011844
sturman_oft,open_field,False,25_02_A_190507142904DeepCut_resnet50_Blockcourse1May9shuffle1_1030000,bodycentre,body_center,15243,25,0.9916078545368696,0.007938069933740077,67.92551617235608,330.0357055346316,4.8587883336387145,1.4704338306446156,133.22996215331978,109.1215074311133,378474.4891076487
sturman_oft,open_field,False,25_02_A_190507142904DeepCut_resnet50_Blockcourse1May9shuffle1_1030000,bcl,,15243,25,0.9908398189648222,0.008922128189988847,68.0273488374128,286.35848618780506,4.2094612105523845,1.2452426443494375,133.9603955083495,107.71249182397833,450440.1009725581
sturman_oft,open_field,False,25_02_A_190507142904DeepCut_resnet50_Blockcourse1May9shuffle1_1030000,bcr,,15243,25,0.990587975251849,0.008790920422489011,65.4104739587394,186.79874042338506,2.855792491906063,1.202586611338258,131.65920192636204,109.64280974367854,294093.788382893
sturman_oft,open_field,False,25_02_A_190507142904DeepCut_resnet50_Blockcourse1May9shuffle1_1030000,hipl,,15243,25,0.9904589140414409,0.00852850488748934,67.7613184190413,268.966117889591,3.9693164797397156,1.3318843302608963,128.07125524558955,103.52863455350973,301603.91813156015
sturman_oft,open_field,False,25_02_A_190507142904DeepCut_resnet50_Blockcourse1May9shuffle1_1030000,hipr,,15243,25,0.9869679593569899,0.010759036934986551,66.68332621065593,257.6482663396221,3.863758468281838,1.4401410782222268,126.20482067431236,105.22955209193057,195680.1462377518
sturman_oft,open_field,False,25_02_A_190507142904DeepCut_resnet50_Blockcourse1May9shuffle1_1030000,tailbase,tail_base,15243,25,0.9880247205439135,0.010431017516236962,70.0610089172856,276.63811471662325,3.9485317010382146,1.4134114935430697,123.25778499840312,100.85955789360773,175401.67276342554
sturman_oft,open_field,False,25_02_A_190507142904DeepCut_resnet50_Blockcourse1May9shuffle1_1030000,tailcentre,,15243,25,0.9768994838587843,0.019549957357475563,93.27322936419937,332.8057756411856,3.5680739040533846,2.3204755799531207,117.7699772390111,94.66295997382252,375405.06347175076
sturman_oft,open_field,False,25_02_A_190507142904DeepCut_resnet50_Blockcourse1May9shuffle1_1030000,tailtip,,15243,25,0.9566034529494276,0.03627894771370465,212.34530588187042,805.109386861621,3.791510170276665,7.4597972841432405,109.6499217544406,88.08099161330178,423422.9676487831
sturman_oft,open_field,False,26_02_A_190507144444DeepCut_resnet50_Blockcourse1May9shuffle1_1030000,tl,,15241,25,0.9613694153947551,0.03792402073354767,10.20594345246937,8.814313735623783,0.8636451668259169,0.27094190144826197,0.8429987956909808,1.795607317124967,247.13005364107707
sturman_oft,open_field,False,26_02_A_190507144444DeepCut_resnet50_Blockcourse1May9shuffle1_1030000,tr,,15241,25,0.9658892024229004,0.03352798372810183,10.95294333118784,51.50700033188257,4.7025716078727005,0.26813914142091316,14.932638313665377,7.719994350376205,47012.06220962781
sturman_oft,open_field,False,26_02_A_190507144444DeepCut_resnet50_Blockcourse1May9shuffle1_1030000,bl,,15241,25,0.9872694788415729,0.009710648907551998,11.831119284668855,12.938315195104167,1.0935833612860326,0.2960508460437706,1.3258807906133836,3.769042481418455,1969.232578273624
sturman_oft,open_field,False,26_02_A_190507144444DeepCut_resnet50_Blockcourse1May9shuffle1_1030000,br,,15241,25,0.9695193446274623,0.029525621678367562,11.799605525393309,26.22859074633881,2.2228362371855264,0.32256355963089794,2.485470296376852,1.5064537977549322,3090.5176180826925
sturman_oft,open_field,False,26_02_A_190507144444DeepCut_resnet50_Blockcourse1May9shuffle1_1030000,centre,,15241,25,0.9433340313600262,0.05045600682369923,38.99571115007324,106.93220755234162,2.7421530316710427,1.079173288914953,20.777557516585205,8.558330219936897,103105.19586832687
sturman_oft,open_field,False,26_02_A_190507144444DeepCut_resnet50_Blockcourse1May9shuffle1_1030000,nose,nose,15241,25,0.9643598416800981,0.026113772062200644,105.68460676170886,224.28234221581442,2.1221855205603632,1.9299256032596197,133.15336555933578,106.57404353609476,249811.348758321
sturman_oft,open_field,False,26_02_A_190507144444DeepCut_resnet50_Blockcourse1May9shuffle1_1030000,headcentre,head,15241,25,0.9938056190768202,0.005117774424250377,89.84458336154347,222.60990989177952,2.4777221014646513,1.507356487166398,130.7160519434885,105.2470444873983,344198.5571938954
sturman_oft,open_field,False,26_02_A_190507144444DeepCut_resnet50_Blockcourse1May9shuffle1_1030000,neck,neck,15241,25,0.9952876659646824,0.004264812020208648,76.73986666044034,111.89924953514468,1.4581631999737252,1.0852369548713316,127.81934118808189,102.93913433870976,232350.6864803342
sturman_oft,open_field,False,26_02_A_190507144444DeepCut_resnet50_Blockcourse1May9shuffle1_1030000,earl,,15241,25,0.9940836385482018,0.004789711961157404,82.5944132046407,198.8821589264127,2.407937186182929,1.254170387623255,129.3786660008727,104.26410746244946,311515.8826120352
sturman_oft,open_field,False,26_02_A_190507144444DeepCut_resnet50_Blockcourse1May9shuffle1_1030000,earr,,15241,25,0.9953420700543384,0.004133587034971458,82.26544018267883,108.44510699905582,1.3182340817510045,1.2206336176213164,128.22749792386873,103.39075130128025,230904.07133154766
sturman_oft,open_field,False,26_02_A_190507144444DeepCut_resnet50_Blockcourse1May9shuffle1_1030000,bodycentre,body_center,15241,25,0.9960679433632222,0.0033462371235483237,74.199819575222,264.0677209620455,3.5588728176668942,1.321762150729279,124.50786477943058,101.24210329842685,294576.2170487885
sturman_oft,open_field,False,26_02_A_190507144444DeepCut_resnet50_Blockcourse1May9shuffle1_1030000,bcl,,15241,25,0.9953680987097164,0.0038055245718784858,72.48952511503973,211.27252842878025,2.9145249343749198,1.1422372484625416,125.83833292171668,101.11912787936154,315421.3266712486
sturman_oft,open_field,False,26_02_A_190507144444DeepCut_resnet50_Blockcourse1May9shuffle1_1030000,bcr,,15241,25,0.9952734837314758,0.004067974542352864,74.49618960970592,183.75249164566222,2.4666025552227917,1.1673877231917655,123.45191104646953,99.97947015317352,260670.856904761
sturman_oft,open_field,False,26_02_A_190507144444DeepCut_resnet50_Blockcourse1May9shuffle1_1030000,hipl,,15241,25,0.9940619494754509,0.004658486975920215,78.64867469989713,260.6328403525303,3.3138872504468435,1.6264489299342457,121.88730690824909,98.50977085187395,413463.69274189236
sturman_oft,open_field,False,26_02_A_190507144444DeepCut_resnet50_Blockcourse1May9shuffle1_1030000,hipr,,15241,25,0.9908267344833868,0.006364411784003674,77.73625394158776,240.3735369570333,3.092167743735809,1.5709518672721408,119.5048934404045,96.69382649100203,284084.74797773355
sturman_oft,open_field,False,26_02_A_190507144444DeepCut_resnet50_Blockcourse1May9shuffle1_1030000,tailbase,tail_base,15241,25,0.9936811224669345,0.005380224394724756,85.13286722834593,284.00119180988304,3.335975881654808,1.6587446854092533,117.62845128159235,94.97481661437327,189837.60620898585
sturman_oft,open_field,False,26_02_A_190507144444DeepCut_resnet50_Blockcourse1May9shuffle1_1030000,tailcentre,,15241,25,0.9829144998568499,0.014894035824420969,107.50526737557209,275.85898913807284,2.5660044002714137,2.735932198067778,113.2615173042716,90.65320811267715,269097.2515989603
sturman_oft,open_field,False,26_02_A_190507144444DeepCut_resnet50_Blockcourse1May9shuffle1_1030000,tailtip,,15241,25,0.966260156186576,0.027294796929335344,173.7101347306017,549.8616832627358,3.165397828488756,5.133904489132026,109.58738925553247,86.35507438932416,408300.9518148734
sturman_oft,open_field,False,27_02_A_190507150003DeepCut_resnet50_Blockcourse1May9shuffle1_1030000,tl,,15246,25,0.9478085003025994,0.05024268660632297,11.250189665167781,89.97452073252508,7.99760034367236,0.3352401243005775,5.35081150017858,10.265871935772253,86790.77204150875
sturman_oft,open_field,False,27_02_A_190507150003DeepCut_resnet50_Blockcourse1May9shuffle1_1030000,tr,,15246,25,0.9673546626821803,0.031614849796667975,9.190999240538876,8.876866263718425,0.9658216730739243,0.23178186382871072,1.6340912275745056,3.516107754019865,1102.013069502741
sturman_oft,open_field,False,27_02_A_190507150003DeepCut_resnet50_Blockcourse1May9shuffle1_1030000,bl,,15246,25,0.9807548796792019,0.015807424898333988,11.829652349639094,13.001638371309125,1.0990718904521135,0.3051106333312548,1.0267450441705055,1.3715074814543273,618.4275383375104
sturman_oft,open_field,False,27_02_A_190507150003DeepCut_resnet50_Blockcourse1May9shuffle1_1030000,br,,15246,25,0.9619717982717501,0.03725567361930998,13.472121340971988,76.13537538374668,5.6513279131624605,0.3517564055066332,9.454431811232288,12.109312524988233,131265.2171299087
sturman_oft,open_field,False,27_02_A_190507150003DeepCut_resnet50_Blockcourse1May9shuffle1_1030000,centre,,15246,25,0.960249503615818,0.03482880755608028,36.94170690959292,105.54622607162051,2.8571020372697657,0.9619283030050577,50.73855199328917,8.939779881118227,254154.93130665095
sturman_oft,open_field,False,27_02_A_190507150003DeepCut_resnet50_Blockcourse1May9shuffle1_1030000,nose,nose,15246,25,0.9280090236971107,0.06178669815033452,92.99136579373122,337.6343127855135,3.6308135696644888,1.7997610530855153,134.6801938470261,111.99443983699624,370011.1589978288
sturman_oft,open_field,False,27_02_A_190507150003DeepCut_resnet50_Blockcourse1May9shuffle1_1030000,headcentre,head,15246,25,0.982257410954275,0.015873015873015872,78.40015006941942,269.66971371377736,3.439658131712736,1.4101949794040225,133.23866442378736,110.4531517292852,372165.05460544844
sturman_oft,open_field,False,27_02_A_190507150003DeepCut_resnet50_Blockcourse1May9shuffle1_1030000,neck,neck,15246,25,0.995044856413243,0.00452577725304998,67.02804748490672,211.8629935381931,3.160811055788252,1.1775208113350368,131.4653389247184,108.40422913191134,300412.16408761113
sturman_oft,open_field,False,27_02_A_190507150003DeepCut_resnet50_Blockcourse1May9shuffle1_1030000,earl,,15246,25,0.9912773877085155,0.007936507936507936,72.33804495269302,204.47813787368338,2.826702574107527,1.265527238118164,133.5900497240652,109.81872635543577,311314.1245799746
sturman_oft,open_field,False,27_02_A_190507150003DeepCut_resnet50_Blockcourse1May9shuffle1_1030000,earr,,15246,25,0.9938814664479708,0.005247277974550702,70.05682578717408,159.48807299871208,2.276552944080304,1.211792349313201,131.1481908081026,108.84253928623424,295491.28696264344
sturman_oft,open_field,False,27_02_A_190507150003DeepCut_resnet50_Blockcourse1May9shuffle1_1030000,bodycentre,body_center,15246,25,0.9961257792103249,0.0036730945821854912,66.36382655390044,308.4118227902805,4.647288120732303,1.4842069862631917,129.39166575915687,106.82624418321178,465379.62603555433
sturman_oft,open_field,False,27_02_A_190507150003DeepCut_resnet50_Blockcourse1May9shuffle1_1030000,bcl,,15246,25,0.9959945335376299,0.0038042765315492587,65.65425564639962,277.54244017991334,4.227333589382234,1.2588724874091377,131.56753404776217,106.70639243342016,381439.4393229138
sturman_oft,open_field,False,27_02_A_190507150003DeepCut_resnet50_Blockcourse1May9shuffle1_1030000,bcr,,15246,25,0.9955223517852334,0.00400104945559491,65.44027156991483,274.44502582098346,4.193824677634061,1.316134950872289,127.4387859883229,105.4209185941266,463984.9616354139
sturman_oft,open_field,False,27_02_A_190507150003DeepCut_resnet50_Blockcourse1May9shuffle1_1030000,hipl,,15246,25,0.9947465058759678,0.0038698675062311424,70.90193508964383,307.092327759255,4.331226325078255,1.6453421285094334,128.7068827433119,103.59169953502597,303713.784330562
sturman_oft,open_field,False,27_02_A_190507150003DeepCut_resnet50_Blockcourse1May9shuffle1_1030000,hipr,,15246,25,0.9940427828398837,0.0044601862783680965,64.75035674920468,244.2953085654701,3.772879731175701,1.4438521525867967,123.97815005999558,101.66904132573711,182212.56879164823
sturman_oft,open_field,False,27_02_A_190507150003DeepCut_resnet50_Blockcourse1May9shuffle1_1030000,tailbase,tail_base,15246,25,0.9938033588028292,0.005706414797323888,68.3852269404373,237.876819340596,3.4784825609745185,1.3748782328233629,123.9410736129104,99.70582995865446,174138.46390314892
sturman_oft,open_field,False,27_02_A_190507150003DeepCut_resnet50_Blockcourse1May9shuffle1_1030000,tailcentre,,15246,25,0.9927189855258577,0.004394595303686213,96.8074424240247,407.91552767059187,4.213679418198941,2.512276199560013,119.22138027241336,95.01489712745311,371562.96429208916
sturman_oft,open_field,False,27_02_A_190507150003DeepCut_resnet50_Blockcourse1May9shuffle1_1030000,tailtip,,15246,25,0.9700933557048207,0.022497704315886134,151.87022093043174,577.127900334823,3.800138676292517,5.108494739259117,112.54267493597408,89.86250264164472,417485.0080872768
sturman_oft,open_field,False,28_02_A_190507151545DeepCut_resnet50_Blockcourse1May9shuffle1_1030000,tl,,15240,25,0.9301978188803972,0.0671259842519685,11.327427685916145,11.905254568120432,1.0510113062052668,0.3038350508117211,0.9516084829595841,2.6824682583377117,265.2330854496512
sturman_oft,open_field,False,28_02_A_190507151545DeepCut_resnet50_Blockcourse1May9shuffle1_1030000,tr,,15240,25,0.9629746353649717,0.036023622047244096,9.600649709163,9.848034507232613,1.0257675059046791,0.2433113115215139,1.3499917761549174,0.7871605316992398,403.7223972714833
sturman_oft,open_field,False,28_02_A_190507151545DeepCut_resnet50_Blockcourse1May9shuffle1_1030000,bl,,15240,25,0.9725429608127264,0.02125984251968504,11.94804169313549,12.351067622122626,1.0337315469210897,0.30524530707613745,2.1219126411850713,1.445898931719818,570.4435686367941
sturman_oft,open_field,False,28_02_A_190507151545DeepCut_resnet50_Blockcourse1May9shuffle1_1030000,br,,15240,25,0.9720002535642601,0.026509186351706036,11.404252516191717,11.127293080191778,0.9757143718444754,0.303082626849326,1.2150315905142668,1.4400539774565668,751.5976463670885
sturman_oft,open_field,False,28_02_A_190507151545DeepCut_resnet50_Blockcourse1May9shuffle1_1030000,centre,,15240,25,0.9538987891939212,0.04153543307086614,33.97466836122572,70.45544092832101,2.07376390489597,0.8971994973159344,19.58943360845334,6.779645433586474,94640.57523537538
sturman_oft,open_field,False,28_02_A_190507151545DeepCut_resnet50_Blockcourse1May9shuffle1_1030000,nose,nose,15240,25,0.9370017074283183,0.05334645669291339,103.69783605768261,263.6938523349879,2.5429060273572777,1.7438663729290298,139.78776014773442,111.00589969469398,321902.46148351714
sturman_oft,open_field,False,28_02_A_190507151545DeepCut_resnet50_Blockcourse1May9shuffle1_1030000,headcentre,head,15240,25,0.9872387870579098,0.011351706036745407,91.6008830315074,238.95549631852475,2.6086593099362667,1.466062175289985,138.4047295853389,110.21997223990431,317394.01738413447
sturman_oft,open_field,False,28_02_A_190507151545DeepCut_resnet50_Blockcourse1May9shuffle1_1030000,neck,neck,15240,25,0.9901111778683394,0.00905511811023622,83.48741366783126,189.73626409423954,2.272633152215461,1.1990639752512242,136.77814443613912,108.19545354914416,284833.5565056111
sturman_oft,open_field,False,28_02_A_190507151545DeepCut_resnet50_Blockcourse1May9shuffle1_1030000,earl,,15240,25,0.9876521164996261,0.010826771653543307,85.20175766851439,147.28848409956115,1.728702413307025,1.2757746377363972,137.69740874097883,109.3704903149096,193965.77837590367
sturman_oft,open_field,False,28_02_A_190507151545DeepCut_resnet50_Blockcourse1May9shuffle1_1030000,earr,,15240,25,0.9901304334226086,0.00879265091863517,85.15903327664586,147.9888611792313,1.7377940482071674,1.2967974983750856,137.0418602710093,109.0420859770919,197932.48677488742
sturman_oft,open_field,False,28_02_A_190507151545DeepCut_resnet50_Blockcourse1May9shuffle1_1030000,bodycentre,body_center,15240,25,0.9911869138185903,0.008333333333333333,79.87757033896995,310.36045244293075,3.8854518374291978,1.394884047015766,134.68717690939553,106.04785273941751,395510.0615015134
sturman_oft,open_field,False,28_02_A_190507151545DeepCut_resnet50_Blockcourse1May9shuffle1_1030000,bcl,,15240,25,0.9905806853702375,0.00853018372703412,78.60203551536615,227.8538791022094,2.8988292428847537,1.3375551442933973,135.30653599792748,105.83249179963651,315911.97349081666
sturman_oft,open_field,False,28_02_A_190507151545DeepCut_resnet50_Blockcourse1May9shuffle1_1030000,bcr,,15240,25,0.9901816731773493,0.008923884514435695,78.22479239559223,193.20284332135557,2.46984156051582,1.1755505703663387,133.68320900745704,105.77030073268685,292332.4111563011
sturman_oft,open_field,False,28_02_A_190507151545DeepCut_resnet50_Blockcourse1May9shuffle1_1030000,hipl,,15240,25,0.9885305918205598,0.00984251968503937,81.05668832293834,258.1822370706107,3.1852058406579062,1.516524977241305,132.5914372540584,102.99264648951409,298284.37562460825
sturman_oft,open_field,False,28_02_A_190507151545DeepCut_resnet50_Blockcourse1May9shuffle1_1030000,hipr,,15240,25,0.9858044869552447,0.012073490813648294,76.49177238100864,189.48585317347545,2.4772056820652377,1.3774927184228731,130.85782021459963,102.38736032444079,183628.2936970962
sturman_oft,open_field,False,28_02_A_190507151545DeepCut_resnet50_Blockcourse1May9shuffle1_1030000,tailbase,tail_base,15240,25,0.9878821051769995,0.011351706036745407,79.18035323912513,158.63114907535768,2.0034155265295506,1.283042255429876,130.30540008716667,100.62072997433916,167817.69005670457
sturman_oft,open_field,False,28_02_A_190507151545DeepCut_resnet50_Blockcourse1May9shuffle1_1030000,tailcentre,,15240,25,0.9726377839237217,0.022769028871391078,103.03005319849046,257.1263241510607,2.4956439035870357,2.442021173216811,128.87614821871597,97.69538604959591,363652.36905496847
sturman_oft,open_field,False,28_02_A_190507151545DeepCut_resnet50_Blockcourse1May9shuffle1_1030000,tailtip,,15240,25,0.9369853428538077,0.0526246719160105,218.482904408145,706.9497201728602,3.235720991937277,8.173516512429511,123.75443840930966,93.22362382712478,418103.6652714364
sturman_oft,open_field,False,29_02_A_190507153158DeepCut_resnet50_Blockcourse1May9shuffle1_1030000,tl,,15243,25,0.9501487980096631,0.0477596273699403,13.272711115607608,11.882021473407557,0.8952218857106958,0.35812521317041174,1.4415365735759438,2.256385881694444,342.91967627097443
sturman_oft,open_field,False,29_02_A_190507153158DeepCut_resnet50_Blockcourse1May9shuffle1_1030000,tr,,15243,25,0.9669648946535945,0.032473922456209406,9.540172323624477,9.153209784655512,0.9594386216682143,0.2415705539102259,0.986502908380475,0.8057205374468354,229.18589526482037
sturman_oft,open_field,False,29_02_A_190507153158DeepCut_resnet50_Blockcourse1May9shuffle1_1030000,bl,,15243,25,0.9805557223835196,0.016532178704979333,14.445079437261077,14.562464162335854,1.0081262775732462,0.40455477336279466,2.0260696517782275,1.8553020034964425,1794.7578073526686
sturman_oft,open_field,False,29_02_A_190507153158DeepCut_resnet50_Blockcourse1May9shuffle1_1030000,br,,15243,25,0.9636885828427706,0.034835662271206456,13.860436453856769,15.656939975293017,1.1296137771286674,0.3966116357597286,2.3779093438716297,1.8557312770476826,512.4908428648405
sturman_oft,open_field,False,29_02_A_190507153158DeepCut_resnet50_Blockcourse1May9shuffle1_1030000,centre,,15243,25,0.9396132818378427,0.055172866233681034,44.67205066715939,171.70115762398348,3.8435924713482965,1.1985075227839648,16.87796764349766,8.965322354162566,270767.30212903256
sturman_oft,open_field,False,29_02_A_190507153158DeepCut_resnet50_Blockcourse1May9shuffle1_1030000,nose,nose,15243,25,0.9090112805843572,0.07885586826740143,91.32286087479564,163.51018780404766,1.79046282866917,1.6537552258446548,138.55188036433495,113.62242434843625,230866.45737705365
sturman_oft,open_field,False,29_02_A_190507153158DeepCut_resnet50_Blockcourse1May9shuffle1_1030000,headcentre,head,15243,25,0.9796709423341096,0.01856589910122679,80.59548336896205,205.16742858664367,2.5456442471769485,1.3726858034538059,136.76362375884977,112.24310963125802,316995.7821142754
sturman_oft,open_field,False,29_02_A_190507153158DeepCut_resnet50_Blockcourse1May9shuffle1_1030000,neck,neck,15243,25,0.9874230233095437,0.011939906842485075,71.43498493106814,156.0672730106141,2.18474565594453,1.13285594331694,134.77212957985424,109.87032359288565,296596.9759258745
sturman_oft,open_field,False,29_02_A_190507153158DeepCut_resnet50_Blockcourse1May9shuffle1_1030000,earl,,15243,25,0.9862853581531698,0.012727153447484091,74.28078907774166,114.90941827017818,1.5469601184488622,1.1956912270123765,136.0719578018156,111.16470068243804,179128.6489085656
sturman_oft,open_field,False,29_02_A_190507153158DeepCut_resnet50_Blockcourse1May9shuffle1_1030000,earr,,15243,25,0.9862712472550146,0.012727153447484091,74.3319157582636,102.43509712084622,1.3780769145514502,1.2116455894516769,135.2407399520409,110.86060161114077,170940.5048353766
sturman_oft,open_field,False,29_02_A_190507153158DeepCut_resnet50_Blockcourse1May9shuffle1_1030000,bodycentre,body_center,15243,25,0.9902799152889207,0.009184543724988519,63.6201325546881,189.9910695534326,2.9863356444615325,1.0726593865327856,132.11608387616954,107.0113385070308,290367.32235213066
sturman_oft,open_field,False,29_02_A_190507153158DeepCut_resnet50_Blockcourse1May9shuffle1_1030000,bcl,,15243,25,0.9914836165223513,0.008003673817489995,67.49127170122239,195.9446783701083,2.903259539063618,1.1517132269899457,133.1894433564613,107.57979546955517,306591.07691738947
sturman_oft,open_field,False,29_02_A_190507153158DeepCut_resnet50_Blockcourse1May9shuffle1_1030000,bcr,,15243,25,0.9894610524474734,0.0098405825624877,66.86668213091463,112.80384004714018,1.6869962207230158,1.0713871246452498,131.09677908413155,107.4857829027115,193541.2023306283
sturman_oft,open_field,False,29_02_A_190507153158DeepCut_resnet50_Blockcourse1May9shuffle1_1030000,hipl,,15243,25,0.9905291855401711,0.008069277701239913,69.427272764118,213.77650911218512,3.079143117698135,1.2593869443315808,129.56527172042848,103.59297163089637,302870.63528514386
sturman_oft,open_field,False,29_02_A_190507153158DeepCut_resnet50_Blockcourse1May9shuffle1_1030000,hipr,,15243,25,0.9842005072616494,0.013251984517483434,66.80221575047626,143.70438025840295,2.151191822666128,1.2216183766034163,127.43043461433345,103.2032514762355,251451.42707791913
sturman_oft,open_field,False,29_02_A_190507153158DeepCut_resnet50_Blockcourse1May9shuffle1_1030000,tailbase,tail_base,15243,25,0.9871446845499087,0.011611887423735485,67.93179575823076,102.52736112648577,1.5092691129700238,1.1048870531400636,125.74506210115108,99.3846055569665,155463.92261491477
sturman_oft,open_field,False,29_02_A_190507153158DeepCut_resnet50_Blockcourse1May9shuffle1_1030000,tailcentre,,15243,25,0.9666124276896517,0.025651118546217936,99.53544549629376,265.3329653378272,2.6657133447773336,2.4585097973959327,121.3706732517177,93.33742696511999,275540.3246783934
sturman_oft,open_field,False,29_02_A_190507153158DeepCut_resnet50_Blockcourse1May9shuffle1_1030000,tailtip,,15243,25,0.9593091286840554,0.028800104966214,359.7450153289277,1301.0323988385653,3.616540447819645,15.219237451393163,116.32449489513665,89.1292729480553,419605.85670224275
sturman_oft,open_field,False,2_01_A_190507120240DeepCut_resnet50_Blockcourse1May9shuffle1_1030000,tl,,15226,25,0.9736688118792545,0.025220018389596744,10.108411950271126,10.067697037382725,0.9959721751459378,0.2735756311802456,1.1798073659763249,1.789382095770628,342.96176417455064
sturman_oft,open_field,False,2_01_A_190507120240DeepCut_resnet50_Blockcourse1May9shuffle1_1030000,tr,,15226,25,0.9709909121224183,0.028306843557073427,9.738230821654573,9.922266083798661,1.0188982234570632,0.2596891089441355,0.8948093511662684,0.7027857190865483,229.7297753715888
sturman_oft,open_field,False,2_01_A_190507120240DeepCut_resnet50_Blockcourse1May9shuffle1_1030000,bl,,15226,25,0.9840435752135984,0.013332457638250361,14.525674279644303,11.815208669551154,0.8134017355812883,0.41085071446082505,1.700645653524455,1.6930372723492826,550.7246881014726
sturman_oft,open_field,False,2_01_A_190507120240DeepCut_resnet50_Blockcourse1May9shuffle1_1030000,br,,15226,25,0.9757249144726916,0.022198870353342965,10.618759422152703,11.397131864741816,1.0733016364383663,0.27836772534058,1.6146349832701077,1.4767815253262788,1293.8432079942747
sturman_oft,open_field,False,2_01_A_190507120240DeepCut_resnet50_Blockcourse1May9shuffle1_1030000,centre,,15226,25,0.9246940090577048,0.06731905950348088,36.90537405571458,90.4196591311331,2.4500404465384937,1.0274656591835396,8.552418201213696,8.233664003987323,27240.73542911181
sturman_oft,open_field,False,2_01_A_190507120240DeepCut_resnet50_Blockcourse1May9shuffle1_1030000,nose,nose,15226,25,0.8931967406235777,0.09536319453566268,87.53068668118236,206.85281125471627,2.363203341568051,1.6028684876858994,139.10238752885562,105.11167565166339,288089.2383826107
sturman_oft,open_field,False,2_01_A_190507120240DeepCut_resnet50_Blockcourse1May9shuffle1_1030000,headcentre,head,15226,25,0.9868442297792147,0.010639695258111126,76.3724765398142,245.32690705688685,3.212242396368985,1.3131399992151869,137.38990544111692,103.69242387483051,327849.82032422355
sturman_oft,open_field,False,2_01_A_190507120240DeepCut_resnet50_Blockcourse1May9shuffle1_1030000,neck,neck,15226,25,0.9926957511058637,0.006633390253513727,64.21916953339016,99.48753469669992,1.5491874999251167,1.0439346796163846,135.32733439282694,101.62257118882985,265759.7292227979
sturman_oft,open_field,False,2_01_A_190507120240DeepCut_resnet50_Blockcourse1May9shuffle1_1030000,earl,,15226,25,0.9907814144254373,0.008406672796532247,69.51838582509849,133.1109056815996,1.9147582916624923,1.2054433888846552,135.52218576277122,102.19228622786069,277571.29559862014
sturman_oft,open_field,False,2_01_A_190507120240DeepCut_resnet50_Blockcourse1May9shuffle1_1030000,earr,,15226,25,0.99136290081412,0.0075528700906344415,70.08894568801145,181.47164563411673,2.5891621546414134,1.2403644412562205,137.0048641240483,102.82175375391131,303995.011169766
sturman_oft,open_field,False,2_01_A_190507120240DeepCut_resnet50_Blockcourse1May9shuffle1_1030000,bodycentre,body_center,15226,25,0.9947241506868728,0.0050571391041639305,57.565481466682726,210.46090692360488,3.656026173348584,0.992438252126639,131.8680076749769,98.98917219095543,296829.1364952368
sturman_oft,open_field,False,2_01_A_190507120240DeepCut_resnet50_Blockcourse1May9shuffle1_1030000,bcl,,15226,25,0.9952825350555032,0.004400367791934848,60.735172565676464,200.29770266874183,3.2978864504278524,1.0761433148892892,130.78419281517245,98.50630065448804,230924.58102161923
sturman_oft,open_field,False,2_01_A_190507120240DeepCut_resnet50_Blockcourse1May9shuffle1_1030000,bcr,,15226,25,0.9942676562697975,0.005451201891501379,59.582649551562945,170.41590949496188,2.860159975723866,1.0253070479491415,133.03568637622107,99.6224973073432,297368.89144424186
sturman_oft,open_field,False,2_01_A_190507120240DeepCut_resnet50_Blockcourse1May9shuffle1_1030000,hipl,,15226,25,0.9947004583788407,0.004597399185603573,59.00354380147197,147.12705016288226,2.4935290439150175,1.1348066824035299,126.75308793512222,95.2819124952442,276826.3661356227
sturman_oft,open_field,False,2_01_A_190507120240DeepCut_resnet50_Blockcourse1May9shuffle1_1030000,hipr,,15226,25,0.9925113235735226,0.00650203599106791,55.96463774198166,93.75319663317285,1.675222076222683,1.026856212053813,129.96071438611142,96.30222920710443,257672.95112181397
sturman_oft,open_field,False,2_01_A_190507120240DeepCut_resnet50_Blockcourse1May9shuffle1_1030000,tailbase,tail_base,15226,25,0.9928033950998078,0.0062393274661762775,61.4991658532522,188.3310620274636,3.062335227063966,1.081540673614116,124.96340381058224,93.21873368834773,237779.65780581298
sturman_oft,open_field,False,2_01_A_190507120240DeepCut_resnet50_Blockcourse1May9shuffle1_1030000,tailcentre,,15226,25,0.9868423397353455,0.010442663864442401,81.5880006615284,297.99056928394515,3.652382297247028,1.967943911602892,122.39341934117904,89.87264260997505,284740.3819617156
sturman_oft,open_field,False,2_01_A_190507120240DeepCut_resnet50_Blockcourse1May9shuffle1_1030000,tailtip,,15226,25,0.9707517062714985,0.02456324707736766,107.11625151497653,341.3692371827029,3.1869042498651488,3.2127957483224976,118.66038224943603,85.21475353741066,272776.41484216
sturman_oft,open_field,False,30_03_A_190507114720DeepCut_resnet50_Blockcourse1May9shuffle1_1030000,tl,,15235,25,0.9728298157952362,0.026386609780111585,11.279556422173867,12.906160262267267,1.1442081389739536,0.2904002332080028,1.1597455502631537,9.674873169923046,2664.396823252532
sturman_oft,open_field,False,30_03_A_190507114720DeepCut_resnet50_Blockcourse1May9shuffle1_1030000,tr,,15235,25,0.9592292695171449,0.039120446340662945,9.640607238780213,9.79938252950593,1.0164694284076867,0.26047039812034584,1.358433779598023,0.9016726009297914,486.4545297044744
sturman_oft,open_field,False,30_03_A_190507114720DeepCut_resnet50_Blockcourse1May9shuffle1_1030000,bl,,15235,25,0.9890727463201261,0.00590744995077125,11.30203604357147,11.475804721829507,1.0153749888593635,0.2951983983883287,1.3883541692624437,1.572567753481555,648.7847109890479
sturman_oft,open_field,False,30_03_A_190507114720DeepCut_resnet50_Blockcourse1May9shuffle1_1030000,br,,15235,25,0.9673496773742166,0.032228421398096486,13.533165925675073,11.062404624770673,0.8174291725621364,0.3507199109609379,1.7860069873757005,1.4470095314931422,591.7213552411746
sturman_oft,open_field,False,30_03_A_190507114720DeepCut_resnet50_Blockcourse1May9shuffle1_1030000,centre,,15235,25,0.9260372016501889,0.06202822448309813,36.617885213188096,132.23273792884555,3.6111516860952237,1.147515240975656,32.60566343125341,10.52987821839443,117552.94141510135
sturman_oft,open_field,False,30_03_A_190507114720DeepCut_resnet50_Blockcourse1May9shuffle1_1030000,nose,nose,15235,25,0.9587515279841415,0.034066294716114214,97.78728061356668,218.18037910888276,2.231173397397996,1.8238597937278247,125.05754027600806,104.66895506506347,296480.8914905783
sturman_oft,open_field,False,30_03_A_190507114720DeepCut_resnet50_Blockcourse1May9shuffle1_1030000,headcentre,head,15235,25,0.9972166400093464,0.0021660649819494585,85.19324902310353,249.57851662164938,2.9295574412705667,1.503102952268741,123.9592392828743,103.19699747446435,354225.4995001205
sturman_oft,open_field,False,30_03_A_190507114720DeepCut_resnet50_Blockcourse1May9shuffle1_1030000,neck,neck,15235,25,0.9974468906863933,0.0023629799803085,74.52627969823841,239.3678561006131,3.2118583816316684,1.3397801379991923,122.51687264536807,100.89451707684128,364572.68742950034
sturman_oft,open_field,False,30_03_A_190507114720DeepCut_resnet50_Blockcourse1May9shuffle1_1030000,earl,,15235,25,0.99705390079631,0.0026911716442402363,76.86432636690445,187.29079658618025,2.43664135807508,1.337780280053037,122.41929221085938,101.99433304345614,343938.31810668984
sturman_oft,open_field,False,30_03_A_190507114720DeepCut_resnet50_Blockcourse1May9shuffle1_1030000,earr,,15235,25,0.9974040458446493,0.002297341647522153,79.27134338996164,232.60239369363248,2.9342557316000724,1.3805943956269422,123.75638045416889,101.63586595173784,375477.79556758254
sturman_oft,open_field,False,30_03_A_190507114720DeepCut_resnet50_Blockcourse1May9shuffle1_1030000,bodycentre,body_center,15235,25,0.9982016498216223,0.0016409583196586807,64.3206374608822,194.612615464008,3.0256636617192316,1.193730366994699,120.17202721173014,98.56776544649948,351979.64921526867
sturman_oft,open_field,False,30_03_A_190507114720DeepCut_resnet50_Blockcourse1May9shuffle1_1030000,bcl,,15235,25,0.9977667211801606,0.0021660649819494585,68.02109890159095,268.1899103214151,3.942745922252991,1.220996107941558,119.08646129963779,98.8763531746201,238029.22173734027
sturman_oft,open_field,False,30_03_A_190507114720DeepCut_resnet50_Blockcourse1May9shuffle1_1030000,bcr,,15235,25,0.9979407481924996,0.0016409583196586807,68.7979430941525,220.09841112439386,3.1992004589901932,1.295179033224784,120.76006869083172,98.29948543154767,336699.4432626743
sturman_oft,open_field,False,30_03_A_190507114720DeepCut_resnet50_Blockcourse1May9shuffle1_1030000,hipl,,15235,25,0.9973138039527583,0.0016409583196586807,67.39184631711339,250.15350578312012,3.7119253953366833,1.4144527280328516,116.83729220237721,96.42122891367508,379953.3166366305
sturman_oft,open_field,False,30_03_A_190507114720DeepCut_resnet50_Blockcourse1May9shuffle1_1030000,hipr,,15235,25,0.9952127905841887,0.003807023301608139,66.31031734337787,166.35373188634458,2.508715665239651,1.2618616165678067,117.70724399861882,94.72897448153078,234285.31386170833
sturman_oft,open_field,False,30_03_A_190507114720DeepCut_resnet50_Blockcourse1May9shuffle1_1030000,tailbase,tail_base,15235,25,0.9948404781889595,0.004200853298326222,72.33298692640825,210.61875325234706,2.9117939435659013,1.2936253157395174,114.88485441061795,93.21982047866803,194241.12590309457
sturman_oft,open_field,False,30_03_A_190507114720DeepCut_resnet50_Blockcourse1May9shuffle1_1030000,tailcentre,,15235,25,0.9818446931973575,0.014374794880210044,102.5380738619446,351.1497795688677,3.4245794400395058,2.5921721372125752,113.18775075748815,90.74756246580263,365825.74689823936
sturman_oft,open_field,False,30_03_A_190507114720DeepCut_resnet50_Blockcourse1May9shuffle1_1030000,tailtip,,15235,25,0.967045533545572,0.02625533311453889,126.75974173213267,337.1082942405347,2.6594271149029978,3.674604477392842,110.41872971433706,88.52374988830306,324283.5663064376
sturman_oft,open_field,False,31_03_A_190507120320DeepCut_resnet50_Blockcourse1May9shuffle1_1030000,tl,,15231,25,0.9723321802429373,0.02645919506270107,11.663264070941256,9.049720277737068,0.7759166064227448,0.2917985005576284,0.7545980923735517,1.5715430856818013,277.3894270586227
sturman_oft,open_field,False,31_03_A_190507120320DeepCut_resnet50_Blockcourse1May9shuffle1_1030000,tr,,15231,25,0.9638636756531087,0.036110563981353816,8.135542622177766,7.883222315113197,0.9689854360326581,0.2061836759808772,14.827421691495855,13.806393057980653,25167.229928026118
sturman_oft,open_field,False,31_03_A_190507120320DeepCut_resnet50_Blockcourse1May9shuffle1_1030000,bl,,15231,25,0.988022763801806,0.009257435493401614,11.613538863770923,10.663475535519991,0.9181934688990703,0.30361201337465094,1.2478220360774828,1.5354199005015077,608.7443808288292
sturman_oft,open_field,False,31_03_A_190507120320DeepCut_resnet50_Blockcourse1May9shuffle1_1030000,br,,15231,25,0.9676169076530033,0.030726807169588338,16.51263128924053,21.294884838728695,1.2896118411245718,0.4029352288009331,17.214802087209687,5.74960680761141,39580.93168483716
sturman_oft,open_field,False,31_03_A_190507120320DeepCut_resnet50_Blockcourse1May9shuffle1_1030000,centre,,15231,25,0.9515481177776393,0.04444882148250279,29.767978764981873,105.58783985061827,3.5470275185370843,0.7941715809041044,52.673963006940596,7.832538361262663,100067.08599291038
sturman_oft,open_field,False,31_03_A_190507120320DeepCut_resnet50_Blockcourse1May9shuffle1_1030000,nose,nose,15231,25,0.948831769882533,0.043726610202875715,97.2869423086868,399.89533420847584,4.110472841664888,2.067661069361038,132.11433584381598,106.10753523113446,283058.6659773475
sturman_oft,open_field,False,31_03_A_190507120320DeepCut_resnet50_Blockcourse1May9shuffle1_1030000,headcentre,head,15231,25,0.9871819759885087,0.01162103604490841,79.1809267425641,263.93777877272464,3.3333504624270027,1.480156483436957,130.7453635687442,104.83939339045486,358561.9371169278
sturman_oft,open_field,False,31_03_A_190507120320DeepCut_resnet50_Blockcourse1May9shuffle1_1030000,neck,neck,15231,25,0.994835397932395,0.004595889961263213,69.16321163231432,193.52398052483827,2.7980768382135155,1.1856512432235338,129.5104497328579,103.0280512857933,335849.7786339177
sturman_oft,open_field,False,31_03_A_190507120320DeepCut_resnet50_Blockcourse1May9shuffle1_1030000,earl,,15231,25,0.9935196918285525,0.0052524456700151,70.93541816369243,151.08827974013647,2.1299413417353965,1.222511217565903,129.81172691467418,103.74966497107687,307990.92830143264
sturman_oft,open_field,False,31_03_A_190507120320DeepCut_resnet50_Blockcourse1May9shuffle1_1030000,earr,,15231,25,0.990849375231707,0.008009979646773028,73.22290534498066,196.8700141745651,2.688639753462887,1.2805693845959112,129.99700733384446,103.73756970873261,323684.3442002867
sturman_oft,open_field,False,31_03_A_190507120320DeepCut_resnet50_Blockcourse1May9shuffle1_1030000,bodycentre,body_center,15231,25,0.9960367076055383,0.0037423675398857593,67.26694825339294,316.21848729684234,4.70094891336017,1.2999999109452398,126.99824321304727,100.9839369608429,381515.8952379809
sturman_oft,open_field,False,31_03_A_190507120320DeepCut_resnet50_Blockcourse1May9shuffle1_1030000,bcl,,15231,25,0.9962557347931761,0.003611056398135382,66.30943461726086,306.74341260882903,4.625939195219459,1.2338580286808176,126.80679701968232,100.65681584877625,253968.94522881694
sturman_oft,open_field,False,31_03_A_190507120320DeepCut_resnet50_Blockcourse1May9shuffle1_1030000,bcr,,15231,25,0.9952880611513443,0.004136300965136892,64.45546583020334,175.80217793657815,2.7274983691794,1.0896298547745107,127.07077102881745,101.07376415198055,328511.92577715515
sturman_oft,open_field,False,31_03_A_190507120320DeepCut_resnet50_Blockcourse1May9shuffle1_1030000,hipl,,15231,25,0.9947100111033456,0.004136300965136892,63.925804898102086,206.21921312615189,3.225915003414754,1.3215987223943717,124.49725256096382,97.97038260277631,343849.25732228573
sturman_oft,open_field,False,31_03_A_190507120320DeepCut_resnet50_Blockcourse1May9shuffle1_1030000,hipr,,15231,25,0.9929103700301142,0.005580723524391045,66.57177247969824,228.3020416508856,3.4294120938496673,1.3983241027268134,123.52703948817138,98.0481106424139,206177.40626593176
sturman_oft,open_field,False,31_03_A_190507120320DeepCut_resnet50_Blockcourse1May9shuffle1_1030000,tailbase,tail_base,15231,25,0.9917985196420708,0.007222112796270764,66.0044973542505,184.01286449302745,2.7878837332162116,1.1834987840856022,121.97641009939152,95.30815218769443,159459.09401856488
sturman_oft,open_field,False,31_03_A_190507120320DeepCut_resnet50_Blockcourse1May9shuffle1_1030000,tailcentre,,15231,25,0.9808820948727719,0.015954303722670867,86.59177775935984,213.35799589455792,2.4639521374360016,2.0994658393482206,119.72742602252532,91.1948433290291,210742.58631140884
sturman_oft,open_field,False,31_03_A_190507120320DeepCut_resnet50_Blockcourse1May9shuffle1_1030000,tailtip,,15231,25,0.9531920706205973,0.039393342525113256,122.99388155575394,292.92370319101684,2.38161199147319,3.5047335380168105,115.98390161500645,87.98240502263796,215027.6122818115
sturman_oft,open_field,False,32_03_A_190507122023DeepCut_resnet50_Blockcourse1May9shuffle1_1030000,tl,,15228,25,0.9750151669658919,0.02462568951930654,11.347717902378548,9.187468109294816,0.8096313451155733,0.2891103401613154,0.8271196790802409,1.4903850407110641,258.80662749346925
sturman_oft,open_field,False,32_03_A_190507122023DeepCut_resnet50_Blockcourse1May9shuffle1_1030000,tr,,15228,25,0.9763009896311573,0.022918308379301287,8.829901221388738,7.487266801303505,0.8479445707916914,0.2364576552988175,0.781183264783004,0.7147791397576646,208.63661199868028
sturman_oft,open_field,False,32_03_A_190507122023DeepCut_resnet50_Blockcourse1May9shuffle1_1030000,bl,,15228,25,0.9859909766304985,0.010506960861570791,10.657122357460032,10.14781047373924,0.9522092487411227,0.27007562758146764,1.2979786388843366,1.5510303140170933,627.96272644498
sturman_oft,open_field,False,32_03_A_190507122023DeepCut_resnet50_Blockcourse1May9shuffle1_1030000,br,,15228,25,0.9704313744020988,0.028959810874704492,13.202587199754884,10.589424931794717,0.8020719554112332,0.35027654291545807,1.2882239431615177,1.2210573685366,416.15861975405494
sturman_oft,open_field,False,32_03_A_190507122023DeepCut_resnet50_Blockcourse1May9shuffle1_1030000,centre,,15228,25,0.9085699303282632,0.0797872340425532,38.04305256398609,200.6996461927147,5.275592589610158,1.1272888078930365,27.837719290128653,12.590687643569215,124710.48458789408
sturman_oft,open_field,False,32_03_A_190507122023DeepCut_resnet50_Blockcourse1May9shuffle1_1030000,nose,nose,15228,25,0.95991090442452,0.03368794326241135,101.05821735788317,340.18870271973344,3.36626463056442,1.8961367769353548,121.31707999547324,98.83905759631115,321214.9527726255
sturman_oft,open_field,False,32_03_A_190507122023DeepCut_resnet50_Blockcourse1May9shuffle1_1030000,headcentre,head,15228,25,0.9911983008612665,0.007354872603099553,82.36761351495653,232.22797899492613,2.819408856039729,1.3714866773984042,119.81453549958849,97.76435195782317,306857.1306300474
sturman_oft,open_field,False,32_03_A_190507122023DeepCut_resnet50_Blockcourse1May9shuffle1_1030000,neck,neck,15228,25,0.9974109939203383,0.002035723666929341,74.04855186559047,247.6775312099894,3.34479912125172,1.2617087285490045,118.56190012566333,96.03003010271811,336075.42587017873
sturman_oft,open_field,False,32_03_A_190507122023DeepCut_resnet50_Blockcourse1May9shuffle1_1030000,earl,,15228,25,0.9955588668283434,0.0035460992907801418,79.12172513998806,227.68963629027658,2.877713243580459,1.376371426674255,118.99008440333817,96.57901077434813,301767.44169576565
sturman_oft,open_field,False,32_03_A_190507122023DeepCut_resnet50_Blockcourse1May9shuffle1_1030000,earr,,15228,25,0.9972309151760762,0.0019043866561597059,77.60511808436962,247.10609249190614,3.1841468525730594,1.356841450760571,119.12825939576831,96.89123022350095,335497.4598107514
sturman_oft,open_field,False,32_03_A_190507122023DeepCut_resnet50_Blockcourse1May9shuffle1_1030000,bodycentre,body_center,15228,25,0.9974867913129294,0.001510375623850801,65.77393635065201,208.5379875731841,3.17052618626066,1.130752290472449,116.21311614526728,94.25671830776064,312902.20259777573
sturman_oft,open_field,False,32_03_A_190507122023DeepCut_resnet50_Blockcourse1May9shuffle1_1030000,bcl,,15228,25,0.9961326904917815,0.003020751247701602,67.94827685305127,196.5444537826737,2.8925597952650324,1.1497956367650108,115.91720590208777,93.9427875009573,254925.20739034444
sturman_oft,open_field,False,32_03_A_190507122023DeepCut_resnet50_Blockcourse1May9shuffle1_1030000,bcr,,15228,25,0.9970123418691217,0.0015760441292356187,69.01051987136631,248.92148228575874,3.607007783012524,1.271467539988842,116.11084121922485,94.57331931861161,342322.63268182654
sturman_oft,open_field,False,32_03_A_190507122023DeepCut_resnet50_Blockcourse1May9shuffle1_1030000,hipl,,15228,25,0.9924896199942136,0.0065011820330969266,71.80953735592624,287.26855511324345,4.000423421326165,1.564907320713256,114.15076030815405,92.12801260540806,347714.9168064263
sturman_oft,open_field,False,32_03_A_190507122023DeepCut_resnet50_Blockcourse1May9shuffle1_1030000,hipr,,15228,25,0.9907003199456087,0.0076175466246388235,67.68975244311784,225.75007049334482,3.3350701154218405,1.3057334081552456,113.11688406908759,92.22010496584282,252574.62617050362
sturman_oft,open_field,False,32_03_A_190507122023DeepCut_resnet50_Blockcourse1May9shuffle1_1030000,tailbase,tail_base,15228,25,0.9907488574192911,0.008339900183871814,67.72143004623767,120.1740876837465,1.7745355879475095,1.1255451569616353,111.86221228041187,90.09309874555193,154585.66237947188
sturman_oft,open_field,False,32_03_A_190507122023DeepCut_resnet50_Blockcourse1May9shuffle1_1030000,tailcentre,,15228,25,0.9752737298384719,0.021145258733911217,96.7070225903313,247.4656243840241,2.5589209320644053,2.3366736533161796,111.15782314115589,89.1518937993717,276173.973106702
sturman_oft,open_field,False,32_03_A_190507122023DeepCut_resnet50_Blockcourse1May9shuffle1_1030000,tailtip,,15228,25,0.947308033131335,0.04419490412398214,131.0039150559522,282.4803209844064,2.1562738858892736,3.7320109092908367,110.700305420796,86.42900773887311,307055.747250089
sturman_oft,open_field,False,33_03_A_190507123759DeepCut_resnet50_Blockcourse1May9shuffle1_1030000,tl,,15236,25,0.9740020858256421,0.024875295353111053,11.424681670549914,9.128958428221253,0.799055824177011,0.28660591372083705,0.9347395796965516,1.9005725682019106,352.3930755042745
sturman_oft,open_field,False,33_03_A_190507123759DeepCut_resnet50_Blockcourse1May9shuffle1_1030000,tr,,15236,25,0.9672717789525934,0.03262011026516146,8.096050563284354,6.9666079773686045,0.8604946230155998,0.2213537612904402,0.8974717375442406,1.3702552566313706,374.08483409495244
sturman_oft,open_field,False,33_03_A_190507123759DeepCut_resnet50_Blockcourse1May9shuffle1_1030000,bl,,15236,25,0.9882903821291057,0.008926227356261486,11.470530304454163,11.459414296894204,0.999030907267152,0.29313407637076794,1.2548068105919121,1.810843044965694,744.8685649481231
sturman_oft,open_field,False,33_03_A_190507123759DeepCut_resnet50_Blockcourse1May9shuffle1_1030000,br,,15236,25,0.9683690622711031,0.030322919401417694,15.016798355609687,11.586943793998445,0.771598813516066,0.3980240202577925,1.5994810869098188,1.7425039824795707,846.253619874294
sturman_oft,open_field,False,33_03_A_190507123759DeepCut_resnet50_Blockcourse1May9shuffle1_1030000,centre,,15236,25,0.9652923504083794,0.02920714098188501,33.515461466667205,212.30813603991723,6.334632636673323,0.9520866357677502,51.99640271951936,8.438497624445422,127435.75521377783
sturman_oft,open_field,False,33_03_A_190507123759DeepCut_resnet50_Blockcourse1May9shuffle1_1030000,nose,nose,15236,25,0.9535313122019458,0.036361249671829875,93.03729864648626,261.021865520758,2.8055615255185185,1.8482205277736903,129.92675230011793,107.64093864007968,297818.0625632988
sturman_oft,open_field,False,33_03_A_190507123759DeepCut_resnet50_Blockcourse1May9shuffle1_1030000,headcentre,head,15236,25,0.9929599616687327,0.0062352323444473615,76.0865350483649,228.48294972604023,3.0029354021812606,1.339226945751471,128.1501248359107,106.31525488687996,313866.54016469786
sturman_oft,open_field,False,33_03_A_190507123759DeepCut_resnet50_Blockcourse1May9shuffle1_1030000,neck,neck,15236,25,0.9969266422756015,0.0023628248884221582,62.92221064827613,140.76930079491387,2.237195726987232,1.0575903658294408,125.98148253697377,104.50418621150618,258390.98030582385
sturman_oft,open_field,False,33_03_A_190507123759DeepCut_resnet50_Blockcourse1May9shuffle1_1030000,earl,,15236,25,0.9956338323572547,0.0031504331845628774,66.6557206028031,118.1490062837712,1.7725261270193609,1.1560217312040901,127.04737380550642,105.30750666639604,245124.99204960634
sturman_oft,open_field,False,33_03_A_190507123759DeepCut_resnet50_Blockcourse1May9shuffle1_1030000,earr,,15236,25,0.997817182975527,0.001640850616959832,69.42465475575626,194.00960366090018,2.7945346554973556,1.2503742349310063,126.77888440126611,105.05922782609973,285997.8268906366
sturman_oft,open_field,False,33_03_A_190507123759DeepCut_resnet50_Blockcourse1May9shuffle1_1030000,bodycentre,body_center,15236,25,0.9971595987223771,0.0017721186663166185,58.76949405302112,204.84886177430033,3.48563255605856,1.1417227601400954,122.88661649373245,102.69727290986204,323814.8661910086
sturman_oft,open_field,False,33_03_A_190507123759DeepCut_resnet50_Blockcourse1May9shuffle1_1030000,bcl,,15236,25,0.9947957925207035,0.00439747965345235,59.71392594563116,223.44479881740304,3.7419210892421804,1.1178946732370947,123.01557576660966,102.8764435567901,314285.40273521555
sturman_oft,open_field,False,33_03_A_190507123759DeepCut_resnet50_Blockcourse1May9shuffle1_1030000,bcr,,15236,25,0.9980004067244446,0.001378314518246259,61.01264357273269,184.39613714148572,3.0222610649818598,1.1757089609341627,122.48883765261424,102.38944131722673,264611.59238606505
sturman_oft,open_field,False,33_03_A_190507123759DeepCut_resnet50_Blockcourse1May9shuffle1_1030000,hipl,,15236,25,0.9922482835636987,0.006825938566552901,61.60664530479052,259.31432227699725,4.209194008115112,1.3194070088153769,119.96107935611123,100.56965051637147,345041.34850578936
sturman_oft,open_field,False,33_03_A_190507123759DeepCut_resnet50_Blockcourse1May9shuffle1_1030000,hipr,,15236,25,0.9942551584409177,0.0038724074560252033,62.73890848259225,235.14712551448065,3.748027040982477,1.2842494863578366,118.24876812730942,99.5247633351069,262087.00362435807
sturman_oft,open_field,False,33_03_A_190507123759DeepCut_resnet50_Blockcourse1May9shuffle1_1030000,tailbase,tail_base,15236,25,0.9935958755258094,0.005578892097663429,61.46656293040785,158.3799548711947,2.576684742410467,1.186754519312664,115.84122641713341,97.50984004524281,230631.52202268146
sturman_oft,open_field,False,33_03_A_190507123759DeepCut_resnet50_Blockcourse1May9shuffle1_1030000,tailcentre,,15236,25,0.9821384267079044,0.014242583355211341,90.9178680945716,295.3719048405788,3.2487772869172065,2.5549646150747294,110.88449092810214,94.64781917069914,325740.8923980476
sturman_oft,open_field,False,33_03_A_190507123759DeepCut_resnet50_Blockcourse1May9shuffle1_1030000,tailtip,,15236,25,0.9564951079063573,0.03590181149908112,125.25379032470315,366.1461219298052,2.923233867658791,4.009005564358887,106.65441449962168,88.73075397085597,357721.395024126
sturman_oft,open_field,False,34_03_A_190507125548DeepCut_resnet50_Blockcourse1May9shuffle1_1030000,tl,,15225,25,0.9796001236720625,0.019376026272577996,11.381596702435013,9.292820398030049,0.8164777439392062,0.2897083766910802,0.7338804295626553,1.442191083370064,243.30016248488275
sturman_oft,open_field,False,34_03_A_190507125548DeepCut_resnet50_Blockcourse1May9shuffle1_1030000,tr,,15225,25,0.9697168017999683,0.02909688013136289,9.29547487619046,18.732968969710033,2.0152783175922386,0.2378181020444182,14.938236170741988,5.81552345367075,43979.242826517984
sturman_oft,open_field,False,34_03_A_190507125548DeepCut_resnet50_Blockcourse1May9shuffle1_1030000,bl,,15225,25,0.99107253449891,0.005320197044334975,11.350626940603084,11.928337503695255,1.0508967976936678,0.2934262851166354,1.3472863567632831,1.4879938290233274,548.1978965212706
sturman_oft,open_field,False,34_03_A_190507125548DeepCut_resnet50_Blockcourse1May9shuffle1_1030000,br,,15225,25,0.9634854441812669,0.03435139573070608,13.62637656234328,11.440107794057033,0.8395561168969866,0.3594256147296675,1.6131710124295384,1.7755022052278238,547.7240034181025
sturman_oft,open_field,False,34_03_A_190507125548DeepCut_resnet50_Blockcourse1May9shuffle1_1030000,centre,,15225,25,0.9665339600961588,0.02870279146141215,38.60431882978522,192.83284262360797,4.995110611168911,1.279271320686666,53.31590182092433,9.013384657133104,137089.77815925525
sturman_oft,open_field,False,34_03_A_190507125548DeepCut_resnet50_Blockcourse1May9shuffle1_1030000,nose,nose,15225,25,0.9329593398203012,0.053267651888341545,90.77995335880568,218.37142887934283,2.4055027657508785,1.8237981804937689,128.88403562496984,100.63091885591287,325689.53207789036
sturman_oft,open_field,False,34_03_A_190507125548DeepCut_resnet50_Blockcourse1May9shuffle1_1030000,headcentre,head,15225,25,0.9865768681625623,0.011559934318555008,75.265468493321,189.50375430616884,2.5178047529589915,1.3182717418930183,127.71477898805821,100.30143061012632,281427.50722664996
sturman_oft,open_field,False,34_03_A_190507125548DeepCut_resnet50_Blockcourse1May9shuffle1_1030000,neck,neck,15225,25,0.9945871377049996,0.005320197044334975,65.80961906156521,208.85471847154116,3.1736199274479397,1.1962070486447212,126.92684390794916,98.6375738670219,348700.96697249846
sturman_oft,open_field,False,34_03_A_190507125548DeepCut_resnet50_Blockcourse1May9shuffle1_1030000,earl,,15225,25,0.9941603007711997,0.005385878489326765,69.04519399541472,192.8243933552158,2.7927272297623094,1.2850539052833088,127.16457716327578,99.73357843373394,326619.69621177006
sturman_oft,open_field,False,34_03_A_190507125548DeepCut_resnet50_Blockcourse1May9shuffle1_1030000,earr,,15225,25,0.9942188393130091,0.005320197044334975,69.66207279781757,216.9735556142606,3.11465833415537,1.3024322637000267,127.7231715693152,98.94340540616459,348186.7681450417
sturman_oft,open_field,False,34_03_A_190507125548DeepCut_resnet50_Blockcourse1May9shuffle1_1030000,bodycentre,body_center,15225,25,0.9961658994846156,0.003284072249589491,60.08887629405868,251.10694315641163,4.178925595605454,1.132665608691229,124.5178927519661,96.74135915763036,314001.44745791267
sturman_oft,open_field,False,34_03_A_190507125548DeepCut_resnet50_Blockcourse1May9shuffle1_1030000,bcl,,15225,25,0.9954836945815627,0.004006568144499179,62.85022667874407,272.83857273185805,4.341091307855728,1.3695180657514119,124.24072267435898,97.08054299644849,327738.85433956457
sturman_oft,open_field,False,34_03_A_190507125548DeepCut_resnet50_Blockcourse1May9shuffle1_1030000,bcr,,15225,25,0.9946732530413785,0.004860426929392447,63.24267641396798,267.4710351218937,4.229280768750312,1.1965483919240725,125.2374919362013,95.91765018574715,357998.716560869
sturman_oft,open_field,False,34_03_A_190507125548DeepCut_resnet50_Blockcourse1May9shuffle1_1030000,hipl,,15225,25,0.9960134316352005,0.002627257799671593,68.28638449513456,339.01619860574516,4.964623637819048,1.5606299197254079,123.19087084465781,95.55566421249088,352500.1124598023
sturman_oft,open_field,False,34_03_A_190507125548DeepCut_resnet50_Blockcourse1May9shuffle1_1030000,hipr,,15225,25,0.991303703454132,0.005254515599343186,60.52204317974647,193.75647673664136,3.2014199547295097,1.33875773268355,122.81837219457094,93.57946174316139,206254.1381344355
sturman_oft,open_field,False,34_03_A_190507125548DeepCut_resnet50_Blockcourse1May9shuffle1_1030000,tailbase,tail_base,15225,25,0.993593833141139,0.005451559934318555,64.95170882058811,190.35350666925214,2.930692819723239,1.3065259505051066,122.37099782353359,93.06016676868224,162370.2881188668
sturman_oft,open_field,False,34_03_A_190507125548DeepCut_resnet50_Blockcourse1May9shuffle1_1030000,tailcentre,,15225,25,0.9731404047509524,0.02160919540229885,99.39246702032642,262.86365894063357,2.6447040386559295,2.547819785669215,123.54514950269842,92.35782319198587,438489.61577216286
sturman_oft,open_field,False,34_03_A_190507125548DeepCut_resnet50_Blockcourse1May9shuffle1_1030000,tailtip,,15225,25,0.9212534005223041,0.06555008210180624,150.2710081672782,395.21596140248823,2.630021360890472,4.336710187070054,121.26881201665292,90.90280100489339,316623.25679342216
sturman_oft,open_field,False,35_03_A_190507131135DeepCut_resnet50_Blockcourse1May9shuffle1_1030000,tl,,15227,25,0.9616282692101652,0.037039469363630395,11.48068426361456,9.88178781226247,0.8607316067022737,0.28961461535836514,0.9898321005595995,1.91644698437722,279.9335406916465
sturman_oft,open_field,False,35_03_A_190507131135DeepCut_resnet50_Blockcourse1May9shuffle1_1030000,tr,,15227,25,0.9620542960646211,0.036711105273527285,8.940115579622166,9.81076859915192,1.0973872218737637,0.23802688863038407,1.2199508127488754,0.904874623167459,279.3170188955439
sturman_oft,open_field,False,35_03_A_190507131135DeepCut_resnet50_Blockcourse1May9shuffle1_1030000,bl,,15227,25,0.9842397762670327,0.011295724699546858,11.403347750526365,11.928530485668018,1.0460551363188422,0.2983047706415652,1.4430047630152045,1.5865214511863883,683.0593779347986
sturman_oft,open_field,False,35_03_A_190507131135DeepCut_resnet50_Blockcourse1May9shuffle1_1030000,br,,15227,25,0.961786829099062,0.036579759637486046,15.451177143084019,13.082175860335209,0.8466782652990824,0.40303431728941524,2.812326300423941,1.8259582206989644,1472.94135637098
sturman_oft,open_field,False,35_03_A_190507131135DeepCut_resnet50_Blockcourse1May9shuffle1_1030000,centre,,15227,25,0.973500613823123,0.024758652393774217,28.601723578870786,130.4089379447727,4.55947829805302,0.8618261894843009,56.5447888481083,7.329698249956319,116334.05978113347
sturman_oft,open_field,False,35_03_A_190507131135DeepCut_resnet50_Blockcourse1May9shuffle1_1030000,nose,nose,15227,25,0.9343739063997971,0.057989098312208574,99.93176859647129,303.7072631433195,3.0391462835977845,2.004542686783002,138.36421219697232,110.56104406486219,337484.72859610023
sturman_oft,open_field,False,35_03_A_190507131135DeepCut_resnet50_Blockcourse1May9shuffle1_1030000,headcentre,head,15227,25,0.9734222420764125,0.024167597031588627,81.42221114961544,222.73332112191866,2.7355351565267663,1.3403634616549653,136.94991856821554,108.86804611115323,266562.0683321591
sturman_oft,open_field,False,35_03_A_190507131135DeepCut_resnet50_Blockcourse1May9shuffle1_1030000,neck,neck,15227,25,0.989445372493126,0.009982268339134433,70.02386443483329,188.57258190348378,2.6929759364962806,1.1253666497426542,135.10355623173868,107.20712333890262,320596.0438011795
sturman_oft,open_field,False,35_03_A_190507131135DeepCut_resnet50_Blockcourse1May9shuffle1_1030000,earl,,15227,25,0.9854775546137577,0.01300321796808301,77.84211974816147,274.2569223119335,3.523245810869778,1.31206434464143,135.68396365295374,108.19744965580219,356292.31149912055
sturman_oft,open_field,False,35_03_A_190507131135DeepCut_resnet50_Blockcourse1May9shuffle1_1030000,earr,,15227,25,0.986711630661442,0.011624088789649965,73.56768271983996,203.8085351252849,2.770354149952329,1.2582963859355045,136.05389506374428,107.21016238814968,291510.89048876235
sturman_oft,open_field,False,35_03_A_190507131135DeepCut_resnet50_Blockcourse1May9shuffle1_1030000,bodycentre,body_center,15227,25,0.991906980871802,0.007683719708412688,62.53713059130498,198.53478086284244,3.174670455546073,1.0238153637987186,131.77628570669089,105.2662780683527,247659.50962962376
sturman_oft,open_field,False,35_03_A_190507131135DeepCut_resnet50_Blockcourse1May9shuffle1_1030000,bcl,,15227,25,0.9913753105836727,0.008209102252577658,66.63712834532667,218.7049409747932,3.2820282987199163,1.1786227674878458,132.2532942160158,105.36304211815853,324858.6960105936
sturman_oft,open_field,False,35_03_A_190507131135DeepCut_resnet50_Blockcourse1May9shuffle1_1030000,bcr,,15227,25,0.9905697006303843,0.00880015761476325,70.60100865278399,326.13864761743383,4.619461589017585,1.2552476508939459,132.09046103654836,104.93409395090227,402300.8099740244
sturman_oft,open_field,False,35_03_A_190507131135DeepCut_resnet50_Blockcourse1May9shuffle1_1030000,hipl,,15227,25,0.9912914881121739,0.007618046890392066,67.46877730845289,249.05049457290613,3.6913444189791718,1.3123105348752409,128.7448442818309,102.72369837411617,353348.56838577474
sturman_oft,open_field,False,35_03_A_190507131135DeepCut_resnet50_Blockcourse1May9shuffle1_1030000,hipr,,15227,25,0.9892343063766914,0.009456885794969462,64.64145564884227,187.24977595477634,2.896744420051283,1.1979327978484804,127.81650651389447,101.95937869992011,244618.9919919003
sturman_oft,open_field,False,35_03_A_190507131135DeepCut_resnet50_Blockcourse1May9shuffle1_1030000,tailbase,tail_base,15227,25,0.9904112583791433,0.008865830432783871,68.81914287079414,201.74058441285126,2.9314602884783545,1.1893118629378414,125.24232888762344,99.75772681901108,239403.3011831006
sturman_oft,open_field,False,35_03_A_190507131135DeepCut_resnet50_Blockcourse1May9shuffle1_1030000,tailcentre,,15227,25,0.9769060921119423,0.01779733368358836,101.99065058680206,374.961448507012,3.6764296173195827,2.6546607633247317,121.0183122950606,97.27896013313901,323815.8457844691
sturman_oft,open_field,False,35_03_A_190507131135DeepCut_resnet50_Blockcourse1May9shuffle1_1030000,tailtip,,15227,25,0.9616694421392249,0.027845274840743416,333.84625899477686,1180.4816649724796,3.536003873540331,14.653720709663094,112.5235532367385,91.01128161575349,373536.2389946374
sturman_oft,open_field,False,36_03_A_190507132711DeepCut_resnet50_Blockcourse1May9shuffle1_1030000,tl,,15240,25,0.9752942458929352,0.024146981627296588,11.78127324835783,12.185071662228394,1.034274598794052,0.29368069092323695,0.7580620691855704,12.071839616621563,2413.469529580048
sturman_oft,open_field,False,36_03_A_190507132711DeepCut_resnet50_Blockcourse1May9shuffle1_1030000,tr,,15240,25,0.9709166128608812,0.02874015748031496,8.523085919133637,13.566759190314832,1.5917660949373462,0.21655500229768726,19.29805113100115,10.67681029276366,32683.991373025507
sturman_oft,open_field,False,36_03_A_190507132711DeepCut_resnet50_Blockcourse1May9shuffle1_1030000,bl,,15240,25,0.9910068516421506,0.006496062992125984,10.966946881315986,13.057619319621839,1.1906339531805028,0.28206651599445914,1.2442809809096316,2.1606558104109257,1823.5811999980415
sturman_oft,open_field,False,36_03_A_190507132711DeepCut_resnet50_Blockcourse1May9shuffle1_1030000,br,,15240,25,0.9652723354519666,0.03385826771653543,13.995166196153614,47.64979559539313,3.404732385992604,0.37597005337113365,11.329879543054489,1.5027569874723834,10493.598653315818
sturman_oft,open_field,False,36_03_A_190507132711DeepCut_resnet50_Blockcourse1May9shuffle1_1030000,centre,,15240,25,0.95522375642432,0.04146981627296588,32.844217133297064,181.88619307478322,5.537845287546502,0.8520129699826253,53.45635697864504,8.325954097678897,90328.13296940592
sturman_oft,open_field,False,36_03_A_190507132711DeepCut_resnet50_Blockcourse1May9shuffle1_1030000,nose,nose,15240,25,0.9519233227147674,0.039435695538057744,97.77024394667866,388.0516647953013,3.969016022982765,1.8345274283236963,125.34281726120388,100.12417751209249,324284.87726192904
sturman_oft,open_field,False,36_03_A_190507132711DeepCut_resnet50_Blockcourse1May9shuffle1_1030000,headcentre,head,15240,25,0.9905074782434881,0.007939632545931758,81.01985931358857,230.18951280741103,2.8411492534991836,1.5187000798067396,123.60861303559345,98.90413004336305,262222.6509325547
sturman_oft,open_field,False,36_03_A_190507132711DeepCut_resnet50_Blockcourse1May9shuffle1_1030000,neck,neck,15240,25,0.9918479274225047,0.007874015748031496,67.13166359246378,177.6657403097355,2.646526702932479,1.1135920746367003,122.3065035197371,96.41609552264605,267532.6310043655
sturman_oft,open_field,False,36_03_A_190507132711DeepCut_resnet50_Blockcourse1May9shuffle1_1030000,earl,,15240,25,0.9918171979134947,0.007611548556430446,71.11548041786175,165.17960542799105,2.322695487078558,1.1919570100842132,122.74770524213996,97.2589745973891,253753.83129869672
sturman_oft,open_field,False,36_03_A_190507132711DeepCut_resnet50_Blockcourse1May9shuffle1_1030000,earr,,15240,25,0.9913681566832573,0.007874015748031496,70.90751019057748,162.70277322661448,2.2945774402361567,1.2680391980675374,123.19211671180531,97.04965995728124,305975.6774836552
sturman_oft,open_field,False,36_03_A_190507132711DeepCut_resnet50_Blockcourse1May9shuffle1_1030000,bodycentre,body_center,15240,25,0.9925532272109991,0.007152230971128609,59.154941664318315,176.52008703197546,2.984029432970444,1.0475223664220865,119.81429897959116,94.59089430392025,253739.65085065662
sturman_oft,open_field,False,36_03_A_190507132711DeepCut_resnet50_Blockcourse1May9shuffle1_1030000,bcl,,15240,25,0.9924748585684093,0.007152230971128609,60.58673500201194,174.04805033817368,2.8727088583399314,1.0973753257698056,119.34699176207876,94.95446962433807,259328.46959648814
sturman_oft,open_field,False,36_03_A_190507132711DeepCut_resnet50_Blockcourse1May9shuffle1_1030000,bcr,,15240,25,0.9917590117947324,0.007939632545931758,61.66822352028275,173.35054307812206,2.8110189199970526,1.1440019935394212,119.99116694298256,94.5631945224341,288172.3658674769
sturman_oft,open_field,False,36_03_A_190507132711DeepCut_resnet50_Blockcourse1May9shuffle1_1030000,hipl,,15240,25,0.9912060258445621,0.007480314960629921,66.54902812279472,266.25860296723226,4.0009390141045795,1.3997334638155798,117.34072055016838,93.0451310080344,346687.2265941802
sturman_oft,open_field,False,36_03_A_190507132711DeepCut_resnet50_Blockcourse1May9shuffle1_1030000,hipr,,15240,25,0.9889632016518141,0.008464566929133858,61.467993679871356,217.4727700473825,3.5379838681573452,1.2251318431918494,117.17190496021888,91.90130898416038,243754.25286257124
sturman_oft,open_field,False,36_03_A_190507132711DeepCut_resnet50_Blockcourse1May9shuffle1_1030000,tailbase,tail_base,15240,25,0.9939070883815683,0.005446194225721785,66.92749075564029,217.43173811692816,3.248765726340998,1.197096843879355,115.70563818844025,90.29489297440898,212575.63154011642
sturman_oft,open_field,False,36_03_A_190507132711DeepCut_resnet50_Blockcourse1May9shuffle1_1030000,tailcentre,,15240,25,0.9808871852698445,0.013385826771653543,94.91103506959507,271.9283092889071,2.8650863315262676,2.451527013976107,115.55862881241478,88.5518899534842,362655.9072505177
sturman_oft,open_field,False,36_03_A_190507132711DeepCut_resnet50_Blockcourse1May9shuffle1_1030000,tailtip,,15240,25,0.9450160236202982,0.042979002624671914,164.6534745606456,515.2309361941831,3.129183502316022,5.618426094104336,113.02202253168967,86.00562844257801,355590.8987556751
sturman_oft,open_field,False,37_03_A_190507134213DeepCut_resnet50_Blockcourse1May9shuffle1_1030000,tl,,15232,25,0.976703237268698,0.02225577731092437,11.4862768432925,8.388450412613317,0.7303019531095332,0.29246363372629547,0.7277781421973545,1.3106461914698995,249.93357873766143
sturman_oft,open_field,False,37_03_A_190507134213DeepCut_resnet50_Blockcourse1May9shuffle1_1030000,tr,,15232,25,0.9718813915099135,0.026720063025210083,9.14869247110448,9.86847490705863,1.0786759898452738,0.2442986738352727,1.375428302790304,0.8660874540143297,286.27809825846407
sturman_oft,open_field,False,37_03_A_190507134213DeepCut_resnet50_Blockcourse1May9shuffle1_1030000,bl,,15232,25,0.9911261475292825,0.006499474789915967,10.998273340244408,11.441498972164984,1.0402995650507016,0.27310149264079453,1.016820392237028,2.308857518781467,1640.9471534942397
sturman_oft,open_field,False,37_03_A_190507134213DeepCut_resnet50_Blockcourse1May9shuffle1_1030000,br,,15232,25,0.9374202683571914,0.058889180672268907,15.836053456105455,14.320096556216319,0.904271799530667,0.41599030531338027,2.659121342344515,2.0996223467560533,667.6081197378757
sturman_oft,open_field,False,37_03_A_190507134213DeepCut_resnet50_Blockcourse1May9shuffle1_1030000,centre,,15232,25,0.9661215415729225,0.029543067226890755,28.206662086197788,113.72772308387654,4.031945458003211,0.7788842416542515,53.652983050212505,6.491516631550279,73988.21655814207
sturman_oft,open_field,False,37_03_A_190507134213DeepCut_resnet50_Blockcourse1May9shuffle1_1030000,nose,nose,15232,25,0.9431072157639384,0.04654674369747899,102.72193238741474,283.499947961117,2.7598774806133886,2.0123050599374137,127.85264007400262,111.88912762082997,319408.4463836741
sturman_oft,open_field,False,37_03_A_190507134213DeepCut_resnet50_Blockcourse1May9shuffle1_1030000,headcentre,head,15232,25,0.9840270926757175,0.014115021008403362,84.01372447273326,176.00596133909806,2.094966774103926,1.3458977465818656,125.43289651993595,110.1772050651989,262990.0397645933
sturman_oft,open_field,False,37_03_A_190507134213DeepCut_resnet50_Blockcourse1May9shuffle1_1030000,neck,neck,15232,25,0.9942649603809598,0.005383403361344538,77.13291269431686,227.1180129619799,2.9445019645772295,1.2954158038918824,123.58465852294317,107.44825581763486,324260.2732372185
sturman_oft,open_field,False,37_03_A_190507134213DeepCut_resnet50_Blockcourse1May9shuffle1_1030000,earl,,15232,25,0.9926986779172381,0.0063025210084033615,81.9430244470434,235.61927118880828,2.8754036451397993,1.388127811278043,124.65760556308562,108.70001472268575,301129.6245390563
sturman_oft,open_field,False,37_03_A_190507134213DeepCut_resnet50_Blockcourse1May9shuffle1_1030000,earr,,15232,25,0.9940161873613867,0.005646008403361344,79.59792499422382,197.86776680371466,2.4858407655485157,1.3379068822171325,123.96286218930612,108.2423198903838,346335.54812255804
sturman_oft,open_field,False,37_03_A_190507134213DeepCut_resnet50_Blockcourse1May9shuffle1_1030000,bodycentre,body_center,15232,25,0.9929825651983754,0.006368172268907563,68.40466146126188,180.9587738150875,2.645415823270552,1.1665699197674648,119.30008530309972,104.70510506944704,226346.74414820402
sturman_oft,open_field,False,37_03_A_190507134213DeepCut_resnet50_Blockcourse1May9shuffle1_1030000,bcl,,15232,25,0.9919544693626495,0.007681197478991596,72.67290960404692,227.1095810055673,3.125092723587887,1.2543603277793371,120.14190925781708,104.71859731298514,260300.86200850047
sturman_oft,open_field,False,37_03_A_190507134213DeepCut_resnet50_Blockcourse1May9shuffle1_1030000,bcr,,15232,25,0.9947206744172868,0.004529936974789916,71.09478023870317,209.74021109855664,2.950149228879345,1.2699015466854604,119.21700707749375,104.68256258395589,375239.30070385674
sturman_oft,open_field,False,37_03_A_190507134213DeepCut_resnet50_Blockcourse1May9shuffle1_1030000,hipl,,15232,25,0.9904373070291642,0.008534663865546218,74.6977191432095,279.0083942397407,3.7351661796370172,1.6665450566875364,116.48845758875277,101.04684199502582,350841.93105207256
sturman_oft,open_field,False,37_03_A_190507134213DeepCut_resnet50_Blockcourse1May9shuffle1_1030000,hipr,,15232,25,0.9887234002093495,0.008140756302521009,72.7878091187951,249.68825794574914,3.430358201031156,1.4725974977961278,114.1379694679679,100.61868989200634,261266.18581417142
sturman_oft,open_field,False,37_03_A_190507134213DeepCut_resnet50_Blockcourse1May9shuffle1_1030000,tailbase,tail_base,15232,25,0.9931615034075251,0.006039915966386555,79.03583295335038,242.20771988357862,3.064530489942933,1.439469528125034,111.62958029450783,97.43911546391092,167606.36637463619
sturman_oft,open_field,False,37_03_A_190507134213DeepCut_resnet50_Blockcourse1May9shuffle1_1030000,tailcentre,,15232,25,0.9819133586344161,0.014771533613445378,105.64769135026728,253.24501949977522,2.39707102221628,2.717929605693226,107.12973746799936,91.86697588348268,205696.32098675866
sturman_oft,open_field,False,37_03_A_190507134213DeepCut_resnet50_Blockcourse1May9shuffle1_1030000,tailtip,,15232,25,0.9673331133989977,0.02580094537815126,151.6603259198139,382.3378707265705,2.521014434115886,4.423058811027308,102.55246755504459,86.52939003904369,345479.10346034175
sturman_oft,open_field,False,38_03_A_190507135747DeepCut_resnet50_Blockcourse1May9shuffle1_1030000,tl,,15228,25,0.9720255993805691,0.02744943525085369,11.325653282015768,8.853191718889052,0.7816936911663377,0.28569497910306724,0.8613947611245815,1.5796190637003147,257.306634165531
sturman_oft,open_field,False,38_03_A_190507135747DeepCut_resnet50_Blockcourse1May9shuffle1_1030000,tr,,15228,25,0.9676247919450478,0.029944838455476755,8.64152969918554,8.553071812560601,0.9897636310116164,0.22792797938229267,0.8122542671203018,0.7167571534645664,240.55487961258316
sturman_oft,open_field,False,38_03_A_190507135747DeepCut_resnet50_Blockcourse1May9shuffle1_1030000,bl,,15228,25,0.986588485049691,0.011754662463882322,10.511421933654631,9.244360875309388,0.8794586435267651,0.26332802682122686,1.060863272827516,1.3092369750668906,612.6828386628955
sturman_oft,open_field,False,38_03_A_190507135747DeepCut_resnet50_Blockcourse1May9shuffle1_1030000,br,,15228,25,0.9571681059417463,0.0410428158655109,15.555451269538395,12.42660187965679,0.798858333604972,0.4078204754848893,1.7524587352879948,1.7553702769533435,411.81805579187267
sturman_oft,open_field,False,38_03_A_190507135747DeepCut_resnet50_Blockcourse1May9shuffle1_1030000,centre,,15228,25,0.9560481604958789,0.03762805358550039,34.00924444371779,117.97490988716234,3.4689071109003935,0.9266240981173994,47.11278455596201,8.177484213456466,115228.82659587296
sturman_oft,open_field,False,38_03_A_190507135747DeepCut_resnet50_Blockcourse1May9shuffle1_1030000,nose,nose,15228,25,0.9413745000445689,0.04806934594168637,100.1907103100924,251.68368284596025,2.512046097557287,1.8587193818590153,128.43182513980892,109.42974909899245,282660.99903393537
sturman_oft,open_field,False,38_03_A_190507135747DeepCut_resnet50_Blockcourse1May9shuffle1_1030000,headcentre,head,15228,25,0.9867977103399955,0.012017336485421592,87.40196034753224,187.08783895007727,2.1405451114159093,1.3280342189779835,126.43514426172656,108.15387225409113,261659.39071818083
sturman_oft,open_field,False,38_03_A_190507135747DeepCut_resnet50_Blockcourse1May9shuffle1_1030000,neck,neck,15228,25,0.9916845915830759,0.008011557656947728,77.73407946518503,198.97879244288092,2.559736910913032,1.1861566499979022,124.83399170819298,105.78163210981931,338204.9041023054
sturman_oft,open_field,False,38_03_A_190507135747DeepCut_resnet50_Blockcourse1May9shuffle1_1030000,earl,,15228,25,0.989841873147668,0.009259259259259259,82.86808050545164,211.43329902671618,2.5514443889261633,1.3346759329357976,125.91251613999704,107.31513972538191,321685.7613332885
sturman_oft,open_field,False,38_03_A_190507135747DeepCut_resnet50_Blockcourse1May9shuffle1_1030000,earr,,15228,25,0.9905318584335204,0.00873391121618072,83.84414400416905,235.3034643553669,2.806438865231503,1.323354194650732,124.96871364217148,106.04222525973182,351584.39999744535
sturman_oft,open_field,False,38_03_A_190507135747DeepCut_resnet50_Blockcourse1May9shuffle1_1030000,bodycentre,body_center,15228,25,0.9918007572722899,0.007945889151562911,71.7689025056166,232.12429743867125,3.234329763096284,1.196787355270588,121.88120061303198,103.47074415008554,307764.5596126393
sturman_oft,open_field,False,38_03_A_190507135747DeepCut_resnet50_Blockcourse1May9shuffle1_1030000,bcl,,15228,25,0.9913799549248201,0.008339900183871814,73.10738940412868,182.5907354504312,2.497568808552197,1.1533607138189084,122.53387549063204,104.59064859313631,311717.6048504867
sturman_oft,open_field,False,38_03_A_190507135747DeepCut_resnet50_Blockcourse1May9shuffle1_1030000,bcr,,15228,25,0.9916414772200716,0.007880220646178092,72.63738447103339,200.48502610427363,2.7600804677132036,1.176896595661141,120.67776241405014,102.63408089827384,285703.4187114389
sturman_oft,open_field,False,38_03_A_190507135747DeepCut_resnet50_Blockcourse1May9shuffle1_1030000,hipl,,15228,25,0.9906641767329202,0.008405568689256633,75.43192988064575,283.0150958311962,3.7519270192212324,1.4079026270410044,120.64496223263922,101.39984867574857,348776.9140843384
sturman_oft,open_field,False,38_03_A_190507135747DeepCut_resnet50_Blockcourse1May9shuffle1_1030000,hipr,,15228,25,0.9874563296463723,0.009324927764644077,72.15668267145317,194.51296607732465,2.6957027246248173,1.357112712112247,116.65719823521351,98.64166584794687,255795.26817459206
sturman_oft,open_field,False,38_03_A_190507135747DeepCut_resnet50_Blockcourse1May9shuffle1_1030000,tailbase,tail_base,15228,25,0.9890796482907463,0.010638297872340425,73.30955192665174,151.54777735822842,2.067230986623083,1.207956161627042,116.13599137002952,96.50792791733399,154723.8334591074
sturman_oft,open_field,False,38_03_A_190507135747DeepCut_resnet50_Blockcourse1May9shuffle1_1030000,tailcentre,,15228,25,0.9758698335306395,0.02055424218544786,102.09282884408545,242.75634165308918,2.3778001295646614,2.408225733545775,115.34745122604879,95.02720724670338,352381.41544434504
sturman_oft,open_field,False,38_03_A_190507135747DeepCut_resnet50_Blockcourse1May9shuffle1_1030000,tailtip,,15228,25,0.948787308145155,0.0436695560809036,151.7176925318865,360.59489669535515,2.3767491495401494,4.2661475908080515,115.09815098242463,92.08745022597859,370947.8769292583
sturman_oft,open_field,False,39_03_A_190507141319DeepCut_resnet50_Blockcourse1May9shuffle1_1030000,tl,,15229,25,0.9730086163605134,0.025937356359577123,11.125507103463947,8.67757178494064,0.7799708996850007,0.2793121511018122,0.8670955768870815,1.345803688063055,224.61697520998385
sturman_oft,open_field,False,39_03_A_190507141319DeepCut_resnet50_Blockcourse1May9shuffle1_1030000,tr,,15229,25,0.9743718416745307,0.025477707006369428,8.429365499207085,7.407396936688149,0.8787609147313556,0.22042985077520677,0.8768962207097247,0.6929313473805032,201.3449704496287
sturman_oft,open_field,False,39_03_A_190507141319DeepCut_resnet50_Blockcourse1May9shuffle1_1030000,bl,,15229,25,0.9852019757163509,0.011950883183400093,11.40451444930474,12.186707623359524,1.068586275858721,0.2868140766585436,1.2068138692783505,2.372347958734572,1735.7738934052502
sturman_oft,open_field,False,39_03_A_190507141319DeepCut_resnet50_Blockcourse1May9shuffle1_1030000,br,,15229,25,0.9714836263380295,0.026725326679361745,15.755054527152769,12.656172234755536,0.8033086913754237,0.41474657798613673,1.8107346247605665,1.3825984619795897,622.9856646432492
sturman_oft,open_field,False,39_03_A_190507141319DeepCut_resnet50_Blockcourse1May9shuffle1_1030000,centre,,15229,25,0.9457937062189783,0.04964213014643115,32.04718588090076,153.61205363536004,4.793308660742926,0.8966028325274826,43.14179373925026,8.520417444946522,117405.60820025107
sturman_oft,open_field,False,39_03_A_190507141319DeepCut_resnet50_Blockcourse1May9shuffle1_1030000,nose,nose,15229,25,0.9592519912346967,0.03381705955742334,94.9956222019057,249.21054813999768,2.6233898190626124,1.7561026697411237,133.55204432584617,99.44259582781525,300642.7918772922
sturman_oft,open_field,False,39_03_A_190507141319DeepCut_resnet50_Blockcourse1May9shuffle1_1030000,headcentre,head,15229,25,0.9869634896757504,0.013132838663077025,80.48593198659472,217.19605718607266,2.6985592615396143,1.3183135729150006,132.02644397634424,98.5838074268023,316930.37116219685
sturman_oft,open_field,False,39_03_A_190507141319DeepCut_resnet50_Blockcourse1May9shuffle1_1030000,neck,neck,15229,25,0.9877896361071091,0.012082211570030862,71.68618957182116,221.56064459635215,3.0907019318466404,1.1812749243010476,129.78924449556052,97.17298614975593,348024.5993873522
sturman_oft,open_field,False,39_03_A_190507141319DeepCut_resnet50_Blockcourse1May9shuffle1_1030000,earl,,15229,25,0.9870096155710093,0.012476196729923172,79.20648938102386,289.14233300773515,3.650487924250905,1.3910215295116664,130.7947064885285,97.88229011686998,330691.4236503574
sturman_oft,open_field,False,39_03_A_190507141319DeepCut_resnet50_Blockcourse1May9shuffle1_1030000,earr,,15229,25,0.9876662066783757,0.012213539956661633,76.26383565130402,232.78137802413542,3.0523166850467103,1.3013321598344394,130.76163877635753,98.11268820552402,371065.96062305983
sturman_oft,open_field,False,39_03_A_190507141319DeepCut_resnet50_Blockcourse1May9shuffle1_1030000,bodycentre,body_center,15229,25,0.9879323752450571,0.011950883183400093,64.87025269447841,239.73239060963195,3.6955673926338406,1.102822076303803,126.99839040878977,94.98512111774046,301606.7791334225
sturman_oft,open_field,False,39_03_A_190507141319DeepCut_resnet50_Blockcourse1May9shuffle1_1030000,bcl,,15229,25,0.9878557386053267,0.012082211570030862,66.02594901915123,178.77177684590302,2.70759874718422,1.0806683919416917,127.47369320594609,95.42159797917054,265750.94715588907
sturman_oft,open_field,False,39_03_A_190507141319DeepCut_resnet50_Blockcourse1May9shuffle1_1030000,bcr,,15229,25,0.9877347349337766,0.011950883183400093,66.7030500266058,233.61435085801008,3.5023038791303924,1.2202168277450105,126.82512801127638,94.83129884731241,343137.6111763264
sturman_oft,open_field,False,39_03_A_190507141319DeepCut_resnet50_Blockcourse1May9shuffle1_1030000,hipl,,15229,25,0.9867274455407654,0.012410532536607788,68.9650780542703,262.0345254972147,3.799524815893246,1.2825222709954933,124.75800753977089,93.43172191563723,355658.5013883964
sturman_oft,open_field,False,39_03_A_190507141319DeepCut_resnet50_Blockcourse1May9shuffle1_1030000,hipr,,15229,25,0.9849956107668746,0.012541860923238559,63.764645577034536,192.6564380399714,3.0213676606611375,1.216844928151074,122.63166529937517,92.63035649087307,204139.67096040875
sturman_oft,open_field,False,39_03_A_190507141319DeepCut_resnet50_Blockcourse1May9shuffle1_1030000,tailbase,tail_base,15229,25,0.9857016471110324,0.014117801562807801,65.16743762803193,152.57302085028664,2.3412462788725175,1.0207718166331934,120.83115120659848,89.8637332110876,244013.87314936647
sturman_oft,open_field,False,39_03_A_190507141319DeepCut_resnet50_Blockcourse1May9shuffle1_1030000,tailcentre,,15229,25,0.9723835265642706,0.024427079913323265,89.22182014324375,276.9658603660092,3.104239074268451,2.08954946737163,118.15317200081114,88.2469008500306,308338.1739318293
sturman_oft,open_field,False,39_03_A_190507141319DeepCut_resnet50_Blockcourse1May9shuffle1_1030000,tailtip,,15229,25,0.9572235598795225,0.03821656050955414,119.48313051803744,368.23112765994097,3.0818670892151756,3.6293700768357073,112.8575418518708,85.26658867572739,336866.23447916465
sturman_oft,open_field,False,3_01_A_190507121945DeepCut_resnet50_Blockcourse1May9shuffle1_1030000,tl,,15253,25,0.976695498374535,0.022421818658624533,13.198447705581568,43.59519513299151,3.303054730788931,0.3480853002981409,6.930441044580178,11.431045902252237,106384.61450342991
sturman_oft,open_field,False,3_01_A_190507121945DeepCut_resnet50_Blockcourse1May9shuffle1_1030000,tr,,15253,25,0.9701915300123763,0.029109027732249392,11.243874138695022,11.982620019260505,1.0657020766555132,0.28545439497050096,17.18392707394113,6.163427662833048,23897.020461512046
sturman_oft,open_field,False,3_01_A_190507121945DeepCut_resnet50_Blockcourse1May9shuffle1_1030000,bl,,15253,25,0.9879920202509689,0.011079787582770603,12.963953252068343,10.344882885934714,0.7979728625050566,0.3357848986459123,1.4265072812172346,1.1298276335741346,563.5125108177446
sturman_oft,open_field,False,3_01_A_190507121945DeepCut_resnet50_Blockcourse1May9shuffle1_1030000,br,,15253,25,0.969232106393637,0.029371271225332722,10.549206837522123,11.905139978561998,1.1285341317052389,0.25596774070641615,14.464345036676981,1.5371773058998186,8446.952500642472
sturman_oft,open_field,False,3_01_A_190507121945DeepCut_resnet50_Blockcourse1May9shuffle1_1030000,centre,,15253,25,0.9405219393394536,0.05087523765816561,39.413377401118666,106.67236278396389,2.706501442348765,1.0843681862751307,10.665239521703581,6.813962300769592,43001.45345626054
sturman_oft,open_field,False,3_01_A_190507121945DeepCut_resnet50_Blockcourse1May9shuffle1_1030000,nose,nose,15253,25,0.9385147359299596,0.05100635940470727,92.31562333330757,215.0342618995714,2.3293377018447408,1.8347216340214232,133.62003757835137,96.78834296108033,279463.15103385097
sturman_oft,open_field,False,3_01_A_190507121945DeepCut_resnet50_Blockcourse1May9shuffle1_1030000,headcentre,head,15253,25,0.990378580212257,0.00832623090539566,75.6326170346264,173.5808330345888,2.295052582341814,1.2240219689611338,132.27674448873216,95.90046074158148,266058.65527271485
sturman_oft,open_field,False,3_01_A_190507121945DeepCut_resnet50_Blockcourse1May9shuffle1_1030000,neck,neck,15253,25,0.991127912028144,0.008588474398478988,66.05607256916902,167.58922942888435,2.537075289382325,1.0848249910462653,131.14171366119055,94.72022290240047,283884.3891053086
sturman_oft,open_field,False,3_01_A_190507121945DeepCut_resnet50_Blockcourse1May9shuffle1_1030000,earl,,15253,25,0.9897628648061639,0.009571887497541468,72.43642132329452,252.42597011826072,3.4847934990002623,1.1724342465656024,131.65986566979487,95.27086857619472,286729.6787283268
sturman_oft,open_field,False,3_01_A_190507121945DeepCut_resnet50_Blockcourse1May9shuffle1_1030000,earr,,15253,25,0.9910972223378459,0.008457352651937323,70.46257132489575,154.81702942647206,2.197152708387925,1.2043051380030159,131.44568487399468,95.13138313986575,275930.0444944233
sturman_oft,open_field,False,3_01_A_190507121945DeepCut_resnet50_Blockcourse1May9shuffle1_1030000,bodycentre,body_center,15253,25,0.9927501187636049,0.007015013439979021,61.71044953757775,246.85591458766305,4.00022875278754,1.0632885144552569,128.74331861230323,93.11589603018001,303848.60220369324
sturman_oft,open_field,False,3_01_A_190507121945DeepCut_resnet50_Blockcourse1May9shuffle1_1030000,bcl,,15253,25,0.9925132830115777,0.007146135186520685,60.50474998762474,147.9592449004155,2.4454153588053527,1.022012258424729,129.2352337016441,93.16356446072461,207852.9387640211
sturman_oft,open_field,False,3_01_A_190507121945DeepCut_resnet50_Blockcourse1May9shuffle1_1030000,bcr,,15253,25,0.9921159418435954,0.007605061299416508,64.50924920988305,247.3139408840648,3.8337749069039764,1.1540360684502036,127.95594896751109,93.01743305012783,301758.86432353326
sturman_oft,open_field,False,3_01_A_190507121945DeepCut_resnet50_Blockcourse1May9shuffle1_1030000,hipl,,15253,25,0.9929825391959638,0.006031600340916541,65.55694910068561,235.64959314712107,3.594578399083196,1.305856414657117,127.38362526613065,91.80759208870386,329448.3787978168
sturman_oft,open_field,False,3_01_A_190507121945DeepCut_resnet50_Blockcourse1May9shuffle1_1030000,hipr,,15253,25,0.9909213464674165,0.007408378679604012,62.71535522283473,162.01248656277835,2.583298555626923,1.2536619695550335,125.41077903691608,90.55420490685835,270221.04314636835
sturman_oft,open_field,False,3_01_A_190507121945DeepCut_resnet50_Blockcourse1May9shuffle1_1030000,tailbase,tail_base,15253,25,0.9926420384482509,0.0067527699468956925,64.2060562100076,117.36613387460838,1.8279604885047414,1.1605119052750306,125.12428802452109,89.82071496775016,160921.74715877484
sturman_oft,open_field,False,3_01_A_190507121945DeepCut_resnet50_Blockcourse1May9shuffle1_1030000,tailcentre,,15253,25,0.9818999015944189,0.01396446600668721,95.05484115223757,225.73195096340996,2.374754912291979,2.6254498503056882,124.6425376561805,88.70975547521262,222625.42110033348
sturman_oft,open_field,False,3_01_A_190507121945DeepCut_resnet50_Blockcourse1May9shuffle1_1030000,tailtip,,15253,25,0.9450219273801663,0.047466072248082344,137.37037131208658,336.77903440449853,2.45161333690642,4.2438146276185496,117.72332601413137,86.77416162292377,293902.69704368414
sturman_oft,open_field,False,40_03_A_190507142917DeepCut_resnet50_Blockcourse1May9shuffle1_1030000,tl,,15237,25,0.9716336803051511,0.028023889217037475,11.211610221309645,8.251942548627733,0.7360176090445474,0.28167863430056267,0.6934449886013253,1.3310262606729033,156.1463446781074
sturman_oft,open_field,False,40_03_A_190507142917DeepCut_resnet50_Blockcourse1May9shuffle1_1030000,tr,,15237,25,0.9751253303634516,0.02447988449169784,8.563467571101631,8.097394234499989,0.9455742276441311,0.22606247953222514,0.8404332639038197,0.6398396056842087,127.83816792146021
sturman_oft,open_field,False,40_03_A_190507142917DeepCut_resnet50_Blockcourse1May9shuffle1_1030000,bl,,15237,25,0.9846377016569033,0.011944608518737285,11.359521654370868,13.981992700768687,1.230861045578337,0.3005153031002557,1.2211425530691384,1.455995954546944,650.0717816685845
sturman_oft,open_field,False,40_03_A_190507142917DeepCut_resnet50_Blockcourse1May9shuffle1_1030000,br,,15237,25,0.9533545194456425,0.043381243026842556,17.511495201818754,16.53581783634374,0.9442836060410376,0.4314157651912322,19.773399851473446,2.255008367511151,10809.35457918504
sturman_oft,open_field,False,40_03_A_190507142917DeepCut_resnet50_Blockcourse1May9shuffle1_1030000,centre,,15237,25,0.9493446209349797,0.04416879963247358,31.51628659959194,121.59080878256542,3.85803093896664,0.8773340123909162,40.43862902416782,5.870768430345087,107018.14333452332
sturman_oft,open_field,False,40_03_A_190507142917DeepCut_resnet50_Blockcourse1May9shuffle1_1030000,nose,nose,15237,25,0.942935326495743,0.04725339633786178,95.4034440989574,185.93509597033992,1.948934839055479,1.6624230010062222,124.26649850258237,96.72129602197694,270847.47151144844
sturman_oft,open_field,False,40_03_A_190507142917DeepCut_resnet50_Blockcourse1May9shuffle1_1030000,headcentre,head,15237,25,0.9825907927736285,0.015094834941261404,83.30695244302593,258.82075379334196,3.1068325776333117,1.4043835387784938,122.63013702786935,96.3369984638242,373719.26706788526
sturman_oft,open_field,False,40_03_A_190507142917DeepCut_resnet50_Blockcourse1May9shuffle1_1030000,neck,neck,15237,25,0.9917864234454364,0.00767867690490254,72.88813077713252,172.8401347128384,2.3713069997819756,1.1198797655461554,121.19249419041219,94.9467524102536,359728.0939925362
sturman_oft,open_field,False,40_03_A_190507142917DeepCut_resnet50_Blockcourse1May9shuffle1_1030000,earl,,15237,25,0.9910389473449686,0.008269344359125812,75.61244354898508,141.03639550858458,1.8652537715860877,1.2030086656686165,122.62890695885179,95.84314786669982,301293.4776390352
sturman_oft,open_field,False,40_03_A_190507142917DeepCut_resnet50_Blockcourse1May9shuffle1_1030000,earr,,15237,25,0.9918589738458679,0.007022379733543348,77.87605784241028,206.80562125333697,2.6555738308149612,1.2578847232776023,121.26832890200639,95.04857956594594,387204.2965464882
sturman_oft,open_field,False,40_03_A_190507142917DeepCut_resnet50_Blockcourse1May9shuffle1_1030000,bodycentre,body_center,15237,25,0.9919751656096916,0.007481787753494782,65.7073544644148,210.9048850334655,3.2097607148022593,1.1630634281354801,117.86695197226943,93.620648449035,300581.8482102282
sturman_oft,open_field,False,40_03_A_190507142917DeepCut_resnet50_Blockcourse1May9shuffle1_1030000,bcl,,15237,25,0.9912590429547687,0.00846623351053357,67.49690761499681,204.9892031427188,3.0370162187574534,1.2224860884820619,119.68034540787103,93.9619416999293,327498.5822745122
sturman_oft,open_field,False,40_03_A_190507142917DeepCut_resnet50_Blockcourse1May9shuffle1_1030000,bcr,,15237,25,0.9922186117410238,0.007284898602087025,68.87957320600992,214.79437995919898,3.1184046294360255,1.1863534367237547,117.3354918246242,92.64002107167352,360971.84002867556
sturman_oft,open_field,False,40_03_A_190507142917DeepCut_resnet50_Blockcourse1May9shuffle1_1030000,hipl,,15237,25,0.9902722130530133,0.008138084924853973,68.10487299857354,225.96630422095458,3.3179168284432077,1.3622638006432972,117.63489123003448,92.54758578846877,349850.29221230705
sturman_oft,open_field,False,40_03_A_190507142917DeepCut_resnet50_Blockcourse1May9shuffle1_1030000,hipr,,15237,25,0.9863309975120115,0.01004134672179563,69.28033797005247,237.61222798216968,3.4297209705426286,1.378922771267077,113.047910715541,90.73872809494937,299234.73409822024
sturman_oft,open_field,False,40_03_A_190507142917DeepCut_resnet50_Blockcourse1May9shuffle1_1030000,tailbase,tail_base,15237,25,0.9886247250807991,0.010500754741747062,68.56361833252221,132.42636539678446,1.9314378181521648,1.2170204489382745,113.0663290842236,90.30869484756379,249376.88165678532
sturman_oft,open_field,False,40_03_A_190507142917DeepCut_resnet50_Blockcourse1May9shuffle1_1030000,tailcentre,,15237,25,0.965027088211255,0.026448776005775415,98.99335802680699,272.6453944048032,2.7541786624812947,2.4941871762235577,111.49105739896153,89.48934610188654,356782.0111167692
sturman_oft,open_field,False,40_03_A_190507142917DeepCut_resnet50_Blockcourse1May9shuffle1_1030000,tailtip,,15237,25,0.9177959201361255,0.07147076196101594,142.66300391948312,340.3047695388807,2.3853750460136367,4.196792126037595,108.98321553548706,89.12947190389248,340047.67044488416
sturman_oft,open_field,False,41_03_A_190507144457DeepCut_resnet50_Blockcourse1May9shuffle1_1030000,tl,,15239,25,0.9749662098499552,0.023557976245160445,10.760364469505836,8.706874943375182,0.809161712695689,0.27565303850621004,1.033604893684907,1.5683009371900625,305.50978874677764
sturman_oft,open_field,False,41_03_A_190507144457DeepCut_resnet50_Blockcourse1May9shuffle1_1030000,tr,,15239,25,0.9740906547914145,0.02506726163134064,8.539678590735006,8.537071072306903,0.9996946584815344,0.22975707556070205,0.9262607553945625,0.6866669503619167,175.2443288084225
sturman_oft,open_field,False,41_03_A_190507144457DeepCut_resnet50_Blockcourse1May9shuffle1_1030000,bl,,15239,25,0.9871434112125216,0.010696239910755299,11.054069052310647,11.54258504120718,1.0441933180066774,0.28636425888575423,1.0294336415604382,1.31535575957177,413.82801558093036
sturman_oft,open_field,False,41_03_A_190507144457DeepCut_resnet50_Blockcourse1May9shuffle1_1030000,br,,15239,25,0.9616261983067981,0.03628847037207166,18.865597842051724,51.09076103109029,2.708144287757908,0.454526787470328,22.864081712910124,13.530520368447352,105594.52121168307
sturman_oft,open_field,False,41_03_A_190507144457DeepCut_resnet50_Blockcourse1May9shuffle1_1030000,centre,,15239,25,0.960696089886893,0.03641971257956559,26.34524707102404,116.21414614922152,4.411199706570232,0.733841696808188,53.53476961964352,8.703875808150295,117990.04354653665
sturman_oft,open_field,False,41_03_A_190507144457DeepCut_resnet50_Blockcourse1May9shuffle1_1030000,nose,nose,15239,25,0.9333174733678627,0.0532843362425356,95.15054370272469,340.38118630559006,3.577291028089449,1.9915919338677361,141.06369152047097,108.19233747356496,328600.7981052127
sturman_oft,open_field,False,41_03_A_190507144457DeepCut_resnet50_Blockcourse1May9shuffle1_1030000,headcentre,head,15239,25,0.9835804798693175,0.01384605289060962,74.92534145605893,204.5508067213002,2.730061722057844,1.3635022845156994,139.13193421990692,107.11979564066506,281504.32367190137
sturman_oft,open_field,False,41_03_A_190507144457DeepCut_resnet50_Blockcourse1May9shuffle1_1030000,neck,neck,15239,25,0.9958572385876547,0.003084191876107356,65.06101940813826,189.10418625248957,2.906566604285871,1.147074265354084,137.248271136866,105.15011441209414,318075.82414083945
sturman_oft,open_field,False,41_03_A_190507144457DeepCut_resnet50_Blockcourse1May9shuffle1_1030000,earl,,15239,25,0.9942859417830202,0.004921582781022377,68.95905508925694,191.6296553795049,2.7788903883829277,1.2754586170931916,137.8539290740376,105.90005703875207,269546.30361516034
sturman_oft,open_field,False,41_03_A_190507144457DeepCut_resnet50_Blockcourse1May9shuffle1_1030000,earr,,15239,25,0.9951780573794031,0.003871645121070936,70.81993859575506,229.94242974528325,3.2468600552989746,1.31143037680977,137.9314994950593,106.23317896915894,377949.8885281358
sturman_oft,open_field,False,41_03_A_190507144457DeepCut_resnet50_Blockcourse1May9shuffle1_1030000,bodycentre,body_center,15239,25,0.9975516628785681,0.002165496423649846,61.226391811973066,294.1070273870255,4.803598884125517,1.1377812362225723,133.49604618695128,103.28451761207035,234193.58601094657
sturman_oft,open_field,False,41_03_A_190507144457DeepCut_resnet50_Blockcourse1May9shuffle1_1030000,bcl,,15239,25,0.9972763097840067,0.0019686331124089507,62.550914290305265,239.80867392650043,3.8338156467789353,1.274075762631498,134.02580949051142,103.12064629252149,256237.5140470824
sturman_oft,open_field,False,41_03_A_190507144457DeepCut_resnet50_Blockcourse1May9shuffle1_1030000,bcr,,15239,25,0.9962219952817304,0.002624844149878601,63.196590454813084,248.66703381359974,3.9348172428922727,1.1655061274676846,133.78144708580467,103.53164332564315,348719.0555285961
sturman_oft,open_field,False,41_03_A_190507144457DeepCut_resnet50_Blockcourse1May9shuffle1_1030000,hipl,,15239,25,0.9966266630527283,0.0016405275936741256,64.04676116425634,260.4602737974042,4.066720456471165,1.4027757526220395,130.63114663872815,100.40565070468895,342159.8830634722
sturman_oft,open_field,False,41_03_A_190507144457DeepCut_resnet50_Blockcourse1May9shuffle1_1030000,hipr,,15239,25,0.9913308574025482,0.003543539602336111,60.015425052317305,168.66243109148476,2.8103180298141104,1.3214014525899511,127.91700664266716,100.27303909389349,213365.65212152703
sturman_oft,open_field,False,41_03_A_190507144457DeepCut_resnet50_Blockcourse1May9shuffle1_1030000,tailbase,tail_base,15239,25,0.9952837992871447,0.0034122973948421814,61.65095060100177,152.4022788645681,2.472018312432829,1.1883006816020083,125.54441376086555,97.9350409060692,188036.21044932987
sturman_oft,open_field,False,41_03_A_190507144457DeepCut_resnet50_Blockcourse1May9shuffle1_1030000,tailcentre,,15239,25,0.9782859007355829,0.01830828794540324,86.16319396226382,233.32365600570392,2.707927193459086,2.2574081878749404,119.95036199556887,93.61338576064361,265141.6790020875
sturman_oft,open_field,False,41_03_A_190507144457DeepCut_resnet50_Blockcourse1May9shuffle1_1030000,tailtip,,15239,25,0.9791688686734822,0.01489599055056106,195.25719862430003,822.2765228842871,4.211248182795313,7.565594297738632,115.19024109026935,90.28485798194963,374772.240997084
sturman_oft,open_field,False,42_03_A_190507150017DeepCut_resnet50_Blockcourse1May9shuffle1_1030000,tl,,15225,25,0.9748703935404717,0.024170771756978654,11.784940993272286,8.931709815263304,0.7578917722508905,0.295381288041589,0.708765250792154,1.2986474733087767,199.30588989972193
sturman_oft,open_field,False,42_03_A_190507150017DeepCut_resnet50_Blockcourse1May9shuffle1_1030000,tr,,15225,25,0.9766949393028892,0.02213464696223317,8.644578877175231,9.007955038608861,1.0420351490334678,0.23151605861027522,0.8869180671839695,0.8261605804398385,235.17526406586427
sturman_oft,open_field,False,42_03_A_190507150017DeepCut_resnet50_Blockcourse1May9shuffle1_1030000,bl,,15225,25,0.9904464443094038,0.008341543513957307,10.406428198607625,10.044463020510591,0.9652171550902101,0.2679509397474447,0.8765907702292672,1.152012736576732,411.4865508479997
sturman_oft,open_field,False,42_03_A_190507150017DeepCut_resnet50_Blockcourse1May9shuffle1_1030000,br,,15225,25,0.9695386684449827,0.02909688013136289,15.584622476335403,11.956497625591023,0.7671984126498068,0.40569235059916453,1.4600194348472366,1.693561857747103,443.5309015992255
sturman_oft,open_field,False,42_03_A_190507150017DeepCut_resnet50_Blockcourse1May9shuffle1_1030000,centre,,15225,25,0.9663825147903612,0.02949096880131363,33.11446886662512,188.11198626381682,5.680658416158628,0.9483738174281193,58.64725140921919,6.8992947735371315,86179.01685021097
sturman_oft,open_field,False,42_03_A_190507150017DeepCut_resnet50_Blockcourse1May9shuffle1_1030000,nose,nose,15225,25,0.9428901066431663,0.047619047619047616,85.32455308440659,307.00013113940224,3.5980280006354675,1.7162588108644898,133.90625264639485,104.43362801099512,374370.4620840473
sturman_oft,open_field,False,42_03_A_190507150017DeepCut_resnet50_Blockcourse1May9shuffle1_1030000,headcentre,head,15225,25,0.9827775983270166,0.01464696223316913,68.84332528464687,235.3686212903144,3.4189025634240426,1.2278016269299459,131.63719264708328,103.91073460640426,324786.2876843194
sturman_oft,open_field,False,42_03_A_190507150017DeepCut_resnet50_Blockcourse1May9shuffle1_1030000,neck,neck,15225,25,0.9897140710322532,0.010049261083743842,56.53290162163687,146.17647392444454,2.5856885058328287,0.9814503157639106,130.69819647801486,101.1250309627752,348784.7334088474
sturman_oft,open_field,False,42_03_A_190507150017DeepCut_resnet50_Blockcourse1May9shuffle1_1030000,earl,,15225,25,0.9895922418513713,0.009786535303776683,61.306258847929925,166.89908185576687,2.7223824286808918,1.12721443780728,130.98760080845372,101.77392442178166,326324.5819301014
sturman_oft,open_field,False,42_03_A_190507150017DeepCut_resnet50_Blockcourse1May9shuffle1_1030000,earr,,15225,25,0.9891981382988553,0.010377668308702792,63.440800671358225,220.9574331968159,3.4828916227183133,1.2047120447014232,130.9359902806365,101.62039352548018,363769.17156565737
sturman_oft,open_field,False,42_03_A_190507150017DeepCut_resnet50_Blockcourse1May9shuffle1_1030000,bodycentre,body_center,15225,25,0.9907651744687499,0.008998357963875206,51.27401695320484,173.34002250031128,3.3806600847854344,1.001027406796494,128.22023164731112,99.38266952441849,337701.25617328705
sturman_oft,open_field,False,42_03_A_190507150017DeepCut_resnet50_Blockcourse1May9shuffle1_1030000,bcl,,15225,25,0.9909666931022368,0.008801313628899837,52.501647844225715,191.9962442677912,3.6569565366300694,1.0125322183799537,128.38901518712333,99.33659384150141,254961.6217668583
sturman_oft,open_field,False,42_03_A_190507150017DeepCut_resnet50_Blockcourse1May9shuffle1_1030000,bcr,,15225,25,0.9900086449186986,0.009655172413793104,53.64763175228719,196.18263441746188,3.656874087626392,0.9933433355994334,127.7721783702256,99.21557725794239,344663.7586318878
sturman_oft,open_field,False,42_03_A_190507150017DeepCut_resnet50_Blockcourse1May9shuffle1_1030000,hipl,,15225,25,0.989976558967177,0.008801313628899837,57.06194835401927,239.5737756320441,4.198485725473291,1.2367220039637368,126.70514407580455,97.01860769230485,349371.64165762096
sturman_oft,open_field,False,42_03_A_190507150017DeepCut_resnet50_Blockcourse1May9shuffle1_1030000,hipr,,15225,25,0.9881651104905922,0.009720853858784894,52.895830824782834,200.56907043087247,3.7917746503548924,1.1064658424533063,124.67551744597064,96.45723231815337,208142.78051972075
sturman_oft,open_field,False,42_03_A_190507150017DeepCut_resnet50_Blockcourse1May9shuffle1_1030000,tailbase,tail_base,15225,25,0.9898975104142488,0.009523809523809525,55.12832917008788,115.39988716524385,2.0932955687664623,1.0220283973426632,124.50689922046706,95.01545804992062,163556.4048152587
sturman_oft,open_field,False,42_03_A_190507150017DeepCut_resnet50_Blockcourse1May9shuffle1_1030000,tailcentre,,15225,25,0.9666764728952512,0.023382594417077174,84.50103948375367,295.1757325013108,3.493160963517636,2.229733655066249,123.89893621510323,93.49127573650716,385470.0209216374
sturman_oft,open_field,False,42_03_A_190507150017DeepCut_resnet50_Blockcourse1May9shuffle1_1030000,tailtip,,15225,25,0.9097822672021018,0.07993431855500821,112.9193786036165,321.95128337676624,2.8511606011127575,3.4382185548533513,121.79568517765681,92.56616015340862,384380.00678388117
sturman_oft,open_field,False,43_03_A_190507151557DeepCut_resnet50_Blockcourse1May9shuffle1_1030000,tl,,15243,25,0.9699799972870746,0.029980974873712523,11.591136272081968,8.479853296550475,0.7315808474251806,0.28267257233818077,0.9495379212046348,1.669206072639567,262.4740665470331
sturman_oft,open_field,False,43_03_A_190507151557DeepCut_resnet50_Blockcourse1May9shuffle1_1030000,tr,,15243,25,0.9603818681740912,0.03660696713245424,8.877345057194333,12.16813048133833,1.370694774500975,0.2374491832627776,1.0947204904290784,0.8117848548153324,645.1792608848289
sturman_oft,open_field,False,43_03_A_190507151557DeepCut_resnet50_Blockcourse1May9shuffle1_1030000,bl,,15243,25,0.9841389958704267,0.012858361214983927,10.799567392367932,12.70827142342093,1.1767389342282248,0.27084843596474534,1.292730000783416,2.379743570001339,1872.5483635946678
sturman_oft,open_field,False,43_03_A_190507151557DeepCut_resnet50_Blockcourse1May9shuffle1_1030000,br,,15243,25,0.9633861293940846,0.034901266154956374,15.915378101603554,12.23376592704238,0.7686757957581772,0.4021094998469576,20.55596037946306,2.011755784495447,8033.462136826351
sturman_oft,open_field,False,43_03_A_190507151557DeepCut_resnet50_Blockcourse1May9shuffle1_1030000,centre,,15243,25,0.9326678555558252,0.057009774978678734,80.15634242505614,689.4113372343847,8.600833276280843,2.833996834717403,75.15371482606731,6.965879456363124,100929.00125850893
sturman_oft,open_field,False,43_03_A_190507151557DeepCut_resnet50_Blockcourse1May9shuffle1_1030000,nose,nose,15243,25,0.9494152720156112,0.04218329725119727,91.6021050469284,313.49040891811364,3.4223057293007657,1.7804947706607563,131.16655931818536,102.21734162797155,323180.9538812216
sturman_oft,open_field,False,43_03_A_190507151557DeepCut_resnet50_Blockcourse1May9shuffle1_1030000,headcentre,head,15243,25,0.9871942189248428,0.010955848586236305,78.16900806251569,273.17253755381813,3.4946399388277807,1.3787520568357177,129.68809909258565,100.9716350160758,279636.4501417489
sturman_oft,open_field,False,43_03_A_190507151557DeepCut_resnet50_Blockcourse1May9shuffle1_1030000,neck,neck,15243,25,0.990022488718997,0.00885652430623893,66.15683990626277,179.3902624097283,2.711590557588683,1.1484942919512873,128.60879998579836,99.02867645650409,298932.70741690666
sturman_oft,open_field,False,43_03_A_190507151557DeepCut_resnet50_Blockcourse1May9shuffle1_1030000,earl,,15243,25,0.9883154406894311,0.010431017516236962,71.64823356134941,210.48670488114118,2.9377794038831415,1.3098551094505193,128.6788383164453,99.59391155131644,328875.35254700005
sturman_oft,open_field,False,43_03_A_190507151557DeepCut_resnet50_Blockcourse1May9shuffle1_1030000,earr,,15243,25,0.9906586245301592,0.008397297119989504,72.42902075591732,245.00853788044873,3.3827398924267795,1.339914942398288,129.12314762754025,100.12916154802052,305107.60799052403
sturman_oft,open_field,False,43_03_A_190507151557DeepCut_resnet50_Blockcourse1May9shuffle1_1030000,bodycentre,body_center,15243,25,0.9901184679594892,0.00951256314373811,60.91343975788408,282.2508788460844,4.633638815472613,1.2488536666910712,125.98511018115789,97.22400454197087,391335.5810230525
sturman_oft,open_field,False,43_03_A_190507151557DeepCut_resnet50_Blockcourse1May9shuffle1_1030000,bcl,,15243,25,0.9900991246509934,0.009184543724988519,65.2351891689422,279.6189419899652,4.286320704395059,1.2893713420617454,125.57272511208333,96.62630666449384,327430.55208238814
sturman_oft,open_field,False,43_03_A_190507151557DeepCut_resnet50_Blockcourse1May9shuffle1_1030000,bcr,,15243,25,0.9900183903121467,0.009446959259988192,65.18344168148191,294.5281675264729,4.518450697428362,1.2154369749920102,125.96547586035682,97.90512702665002,291755.80578048417
sturman_oft,open_field,False,43_03_A_190507151557DeepCut_resnet50_Blockcourse1May9shuffle1_1030000,hipl,,15243,25,0.9883985509457476,0.010365413632487044,63.110115792033966,219.7842944602027,3.4825525464801133,1.270283915386135,123.63727244025033,94.08596643238454,358229.56697701727
sturman_oft,open_field,False,43_03_A_190507151557DeepCut_resnet50_Blockcourse1May9shuffle1_1030000,hipr,,15243,25,0.987203207397558,0.010955848586236305,58.750091286955254,163.15711459008793,2.7771380608274048,1.1973274798961413,123.27775675846677,95.62298269319817,266253.1611350731
sturman_oft,open_field,False,43_03_A_190507151557DeepCut_resnet50_Blockcourse1May9shuffle1_1030000,tailbase,tail_base,15243,25,0.9876300523320669,0.011283868004985894,61.887765733886354,139.0460017591723,2.2467445723773856,1.1905511978477867,121.27301465467164,92.63911276782363,232711.6064488074
sturman_oft,open_field,False,43_03_A_190507151557DeepCut_resnet50_Blockcourse1May9shuffle1_1030000,tailcentre,,15243,25,0.9753719311013729,0.02132126221872335,85.7689954545816,235.65751404593698,2.7475839351613702,2.054683350588949,118.60251960496151,90.7525493580593,317843.22768375947
sturman_oft,open_field,False,43_03_A_190507151557DeepCut_resnet50_Blockcourse1May9shuffle1_1030000,tailtip,,15243,25,0.9500332308325454,0.03929672636620088,130.3022399954607,387.81286030700926,2.976256281707202,4.096235038946979,114.95965558619437,88.18583837481083,339718.402103394
sturman_oft,open_field,False,44_03_A_190507153213DeepCut_resnet50_Blockcourse1May9shuffle1_1030000,tl,,15228,25,0.9766665232821121,0.02252429734699238,11.913577122876907,8.526927078594216,0.7157318906527649,0.2971308780237669,0.6970595853528029,1.1376711344163724,188.48529046383914
sturman_oft,open_field,False,44_03_A_190507153213DeepCut_resnet50_Blockcourse1May9shuffle1_1030000,tr,,15228,25,0.9793382328671986,0.02029156816390859,8.064781253811999,7.0057109524444945,0.8686795998506579,0.21022019494147698,0.8862188609902727,0.56863885448084,231.49293297135603
sturman_oft,open_field,False,44_03_A_190507153213DeepCut_resnet50_Blockcourse1May9shuffle1_1030000,bl,,15228,25,0.9860304638504638,0.012477016023115314,10.23085641748418,9.649049459019366,0.943132135304868,0.26025787966905906,1.030346090330862,1.4532790253600965,546.6945965045395
sturman_oft,open_field,False,44_03_A_190507153213DeepCut_resnet50_Blockcourse1May9shuffle1_1030000,br,,15228,25,0.9720251142004045,0.02593905962700289,14.117544183612889,11.493320606459854,0.8141161420837532,0.36703861075916133,1.1834793075750827,1.3553067310688616,422.08880353618747
sturman_oft,open_field,False,44_03_A_190507153213DeepCut_resnet50_Blockcourse1May9shuffle1_1030000,centre,,15228,25,0.9397289173431461,0.053716837404780664,72.19945557247766,605.736222579986,8.389761637079323,2.7600131289854524,63.1645764181802,6.488383318358213,129315.18921382687
sturman_oft,open_field,False,44_03_A_190507153213DeepCut_resnet50_Blockcourse1May9shuffle1_1030000,nose,nose,15228,25,0.9585002283486194,0.032374573154715,103.86313660524705,310.14994191099674,2.9861407237274626,1.9304728785735876,118.76767234192951,97.96024415681782,324228.8720564488
sturman_oft,open_field,False,44_03_A_190507153213DeepCut_resnet50_Blockcourse1May9shuffle1_1030000,headcentre,head,15228,25,0.9903638082142261,0.007157867086945101,87.13990893134341,250.91123799416093,2.8794067043592064,1.488070752424945,116.97999495652631,97.31757599655433,297695.43262500357
sturman_oft,open_field,False,44_03_A_190507153213DeepCut_resnet50_Blockcourse1May9shuffle1_1030000,neck,neck,15228,25,0.9890278905692738,0.010703966377725242,72.36099219908233,179.71267413530023,2.483557351464555,1.1532215478295011,115.63028165096013,94.35770160758858,291786.638990699
sturman_oft,open_field,False,44_03_A_190507153213DeepCut_resnet50_Blockcourse1May9shuffle1_1030000,earl,,15228,25,0.988646478380686,0.010441292356185973,77.2982192921903,156.98816012473685,2.030941483028418,1.2430694184571716,115.87847736276294,94.7963547041544,321440.65177638654
sturman_oft,open_field,False,44_03_A_190507153213DeepCut_resnet50_Blockcourse1May9shuffle1_1030000,earr,,15228,25,0.9890681042100834,0.010703966377725242,76.86477065577779,175.61959772800725,2.2847865963782232,1.2552962676759871,116.58134233446712,95.43820934828014,288066.40469261893
sturman_oft,open_field,False,44_03_A_190507153213DeepCut_resnet50_Blockcourse1May9shuffle1_1030000,bodycentre,body_center,15228,25,0.9888630335568787,0.010638297872340425,63.061421775233,176.15507492786057,2.7933888892597794,1.073746396594812,113.31100313639982,93.10175635714069,311340.70371542865
sturman_oft,open_field,False,44_03_A_190507153213DeepCut_resnet50_Blockcourse1May9shuffle1_1030000,bcl,,15228,25,0.9893639902622173,0.01024428684003152,70.98494420217071,314.5145987442322,4.430722631104278,1.202156403279532,112.74715227842087,92.58789981882781,323767.34071894176
sturman_oft,open_field,False,44_03_A_190507153213DeepCut_resnet50_Blockcourse1May9shuffle1_1030000,bcr,,15228,25,0.9885341779164734,0.010703966377725242,67.58796009752376,217.7279741175638,3.2214017674656934,1.2571842352067482,113.7867848309349,93.98168281509341,349861.9618852139
sturman_oft,open_field,False,44_03_A_190507153213DeepCut_resnet50_Blockcourse1May9shuffle1_1030000,hipl,,15228,25,0.9882488306802591,0.010703966377725242,68.18865887649918,241.62373270736478,3.5434592304416035,1.4929140391202345,111.06708894464082,90.61810699823327,354673.83837031305
sturman_oft,open_field,False,44_03_A_190507153213DeepCut_resnet50_Blockcourse1May9shuffle1_1030000,hipr,,15228,25,0.9851190777182861,0.0128053585500394,66.39080053502933,218.95928394696318,3.2980365078055534,1.3800821943800015,111.04684812761668,92.02655573767063,235748.88612228556
sturman_oft,open_field,False,44_03_A_190507153213DeepCut_resnet50_Blockcourse1May9shuffle1_1030000,tailbase,tail_base,15228,25,0.9870995141669525,0.012214342001576044,67.88071776978211,141.56097692274093,2.0854372430598906,1.1828927386866366,109.49461517644359,89.71451318910547,234460.42733822524
sturman_oft,open_field,False,44_03_A_190507153213DeepCut_resnet50_Blockcourse1May9shuffle1_1030000,tailcentre,,15228,25,0.9688904685045842,0.025479380089309167,96.00364742146681,202.28960902728605,2.107103370137719,2.3573011736439775,109.64024709905532,89.37541760356412,289331.44995247934
sturman_oft,open_field,False,44_03_A_190507153213DeepCut_resnet50_Blockcourse1May9shuffle1_1030000,tailtip,,15228,25,0.9350454898285434,0.0549645390070922,146.20277219360247,306.60985004705,2.097154831243799,4.360995232318343,109.7621549030216,89.42515474879579,227864.67320945556
sturman_oft,open_field,False,45_04_A_190507114741DeepCut_resnet50_Blockcourse1May9shuffle1_1030000,tl,,15226,25,0.9794583142030792,0.019703139366872454,14.195581037837329,10.292274425076197,0.7250336846123353,0.4076130145371908,0.9879716559227055,1.1934933871571711,292.2458132034535
sturman_oft,open_field,False,45_04_A_190507114741DeepCut_resnet50_Blockcourse1May9shuffle1_1030000,tr,,15226,25,0.9698185207796648,0.029554709050308683,12.934649587478406,9.46451172851162,0.7317176754192005,0.3305976788513057,1.0354538184786706,1.0263793165800266,270.65641754016724
sturman_oft,open_field,False,45_04_A_190507114741DeepCut_resnet50_Blockcourse1May9shuffle1_1030000,bl,,15226,25,0.9842454702715108,0.013266780507027454,15.494977653468945,11.591772744270168,0.7480987067880704,0.39208847905409167,1.3321196720272042,1.5187529180287296,699.6841007137318
sturman_oft,open_field,False,45_04_A_190507114741DeepCut_resnet50_Blockcourse1May9shuffle1_1030000,br,,15226,25,0.974429726594775,0.023709444371469855,17.841958567475885,31.509411933675292,1.766028758250443,0.4551023783830935,14.441434500382798,2.1970242398223467,18150.92501208332
sturman_oft,open_field,False,45_04_A_190507114741DeepCut_resnet50_Blockcourse1May9shuffle1_1030000,centre,,15226,25,0.9305553693002836,0.06390384867988966,31.44512718821829,119.09229407783592,3.787305211551405,0.9229926607412554,28.25480009695013,10.727240025469682,103808.88793022481
sturman_oft,open_field,False,45_04_A_190507114741DeepCut_resnet50_Blockcourse1May9shuffle1_1030000,nose,nose,15226,25,0.924671769639313,0.06462629712334166,82.85129810572974,305.40703173703764,3.686206960176966,1.6337562560785615,126.17277097395953,98.15659778204135,377648.0056188042
sturman_oft,open_field,False,45_04_A_190507114741DeepCut_resnet50_Blockcourse1May9shuffle1_1030000,headcentre,head,15226,25,0.9841172031722557,0.01405490608170235,65.34712635216637,194.39008508269782,2.9747304270902104,1.1763233509073132,124.71337600947757,97.00386290635494,312883.6716951086
sturman_oft,open_field,False,45_04_A_190507114741DeepCut_resnet50_Blockcourse1May9shuffle1_1030000,neck,neck,15226,25,0.992899389654441,0.006633390253513727,56.89314060602559,188.6389565695149,3.3156713544046474,1.0286613502610793,123.50285522737454,95.5312855331708,320474.67369248206
sturman_oft,open_field,False,45_04_A_190507114741DeepCut_resnet50_Blockcourse1May9shuffle1_1030000,earl,,15226,25,0.9908061737979302,0.008406672796532247,63.665446316471474,287.373216384808,4.513801960270858,1.254803981227664,123.91673078626347,95.90879611479052,319616.99539642833
sturman_oft,open_field,False,45_04_A_190507114741DeepCut_resnet50_Blockcourse1May9shuffle1_1030000,earr,,15226,25,0.9927761988423429,0.006633390253513727,61.5535418267067,213.81732827010086,3.473680342750485,1.1197731854993838,124.08500327117767,96.12939218733626,320919.2992584641
sturman_oft,open_field,False,45_04_A_190507114741DeepCut_resnet50_Blockcourse1May9shuffle1_1030000,bodycentre,body_center,15226,25,0.9927403021779493,0.007093130172074084,54.79984678236528,324.5005857382181,5.921560091708927,1.055120963931876,121.21236440858513,94.09546905000623,359578.7034834567
sturman_oft,open_field,False,45_04_A_190507114741DeepCut_resnet50_Blockcourse1May9shuffle1_1030000,bcl,,15226,25,0.9923220488772385,0.007487192959411533,54.37981275947875,226.40588633956213,4.163417909159647,1.1827714991610452,121.17738492753253,94.12420968092358,258491.4077952812
sturman_oft,open_field,False,45_04_A_190507114741DeepCut_resnet50_Blockcourse1May9shuffle1_1030000,bcr,,15226,25,0.9934974079155254,0.006107973203730461,54.88100011376227,231.41761315368794,4.216716398644061,1.142270330934965,121.00368429349504,94.38943739856255,319110.06375196826
sturman_oft,open_field,False,45_04_A_190507114741DeepCut_resnet50_Blockcourse1May9shuffle1_1030000,hipl,,15226,25,0.9919486451866153,0.007093130172074084,60.18167561599891,337.6756804213551,5.610938495231697,1.412237543670371,119.74341473717332,92.39015391496773,439494.1451478267
sturman_oft,open_field,False,45_04_A_190507114741DeepCut_resnet50_Blockcourse1May9shuffle1_1030000,hipr,,15226,25,0.9911174414118877,0.007290161565742808,54.31989635941793,230.74843254081276,4.247954212099777,1.188784032327324,118.46695553213075,92.18627485703465,303386.3993466192
sturman_oft,open_field,False,45_04_A_190507114741DeepCut_resnet50_Blockcourse1May9shuffle1_1030000,tailbase,tail_base,15226,25,0.9917548545987944,0.008078287140417707,58.88134347747628,277.4053158196553,4.711259958356256,1.2563699402638862,117.22533133082831,90.23437885314341,256581.3793992286
sturman_oft,open_field,False,45_04_A_190507114741DeepCut_resnet50_Blockcourse1May9shuffle1_1030000,tailcentre,,15226,25,0.973247255412129,0.024366215683698934,77.36384189226784,291.54857741802846,3.768537992516209,2.0212101880674638,117.31811834873216,88.96311900389706,284037.493826565
sturman_oft,open_field,False,45_04_A_190507114741DeepCut_resnet50_Blockcourse1May9shuffle1_1030000,tailtip,,15226,25,0.9434366696034031,0.05175357940365165,104.38465713893032,328.12694055900886,3.1434403249731395,2.7843199670947487,116.20080379825036,86.13573013761633,282345.94316049264
sturman_oft,open_field,False,46_04_A_190507120344DeepCut_resnet50_Blockcourse1May9shuffle1_1030000,tl,,15225,25,0.9797721556059049,0.019113300492610837,12.809833906125055,9.40202848359679,0.733969585593236,0.333484110693425,1.0373627738643738,1.1925687391851287,323.11704893159185
sturman_oft,open_field,False,46_04_A_190507120344DeepCut_resnet50_Blockcourse1May9shuffle1_1030000,tr,,15225,25,0.976967175609764,0.020886699507389164,11.907024441190357,9.97122654754118,0.8374238750235022,0.3098965116502774,0.8667247285943113,0.7373423682513007,177.80174972950908
sturman_oft,open_field,False,46_04_A_190507120344DeepCut_resnet50_Blockcourse1May9shuffle1_1030000,bl,,15225,25,0.9858029953012325,0.01090311986863711,15.123956767966177,12.202174416313929,0.8068109823058452,0.39410213427186913,1.4972335646516821,1.6007894585183484,567.8448265042881
sturman_oft,open_field,False,46_04_A_190507120344DeepCut_resnet50_Blockcourse1May9shuffle1_1030000,br,,15225,25,0.9669138141512283,0.031395730706075535,17.520835840112355,13.948824814192692,0.7961278184148116,0.4416595966223281,1.7308002945094767,1.6439643522783318,1209.8271384990535
sturman_oft,open_field,False,46_04_A_190507120344DeepCut_resnet50_Blockcourse1May9shuffle1_1030000,centre,,15225,25,0.9331452657240756,0.05464696223316913,39.43404691363633,104.30317618559272,2.6450030962844084,1.1558389073192792,12.1742772081397,9.349197717834949,50372.82838093551
sturman_oft,open_field,False,46_04_A_190507120344DeepCut_resnet50_Blockcourse1May9shuffle1_1030000,nose,nose,15225,25,0.9432892624243531,0.04748768472906404,109.11495455383896,394.25522983881706,3.6132098615711343,2.1417202063448073,128.893384660809,105.02782247481119,397148.488664221
sturman_oft,open_field,False,46_04_A_190507120344DeepCut_resnet50_Blockcourse1May9shuffle1_1030000,headcentre,head,15225,25,0.9847402618534263,0.013267651888341543,90.5606209032025,297.0536070164416,3.2801631001840543,1.5443230307535867,126.65998420084632,103.99912310074755,367679.0476768642
sturman_oft,open_field,False,46_04_A_190507120344DeepCut_resnet50_Blockcourse1May9shuffle1_1030000,neck,neck,15225,25,0.9970322921142986,0.0024302134646962234,78.46252034726037,200.70347921679112,2.5579535086116945,1.2440853006623909,124.9951392131509,101.91480906072874,320885.4959244537
sturman_oft,open_field,False,46_04_A_190507120344DeepCut_resnet50_Blockcourse1May9shuffle1_1030000,earl,,15225,25,0.9933502893690601,0.005188834154351396,86.00263591058025,303.1341541288899,3.524707712959733,1.5296194432507058,125.72035485625834,103.31904091329945,332267.05302871304
sturman_oft,open_field,False,46_04_A_190507120344DeepCut_resnet50_Blockcourse1May9shuffle1_1030000,earr,,15225,25,0.9963520515904638,0.0030213464696223317,81.64975065344261,175.84714180349184,2.1536764092503393,1.357465917393893,125.5007829903151,101.84577940226238,321064.2954533723
sturman_oft,open_field,False,46_04_A_190507120344DeepCut_resnet50_Blockcourse1May9shuffle1_1030000,bodycentre,body_center,15225,25,0.9990350986916835,0.0008538587848932677,71.85266205974145,273.8777121438269,3.8116571368798136,1.3086733334429035,121.56786213435817,100.03690519846272,375638.7294638693
sturman_oft,open_field,False,46_04_A_190507120344DeepCut_resnet50_Blockcourse1May9shuffle1_1030000,bcl,,15225,25,0.998720506560822,0.001050903119868637,72.08187368551782,218.56691803256567,3.0322036159345647,1.2527092182204342,122.18363329874302,101.37116232710783,294538.014626115
sturman_oft,open_field,False,46_04_A_190507120344DeepCut_resnet50_Blockcourse1May9shuffle1_1030000,bcr,,15225,25,0.9987747435460146,0.0009195402298850574,74.21485159281967,206.1773548689245,2.7781144938498037,1.238661852794559,121.21929873850257,98.8259036634753,322607.8273309137
sturman_oft,open_field,False,46_04_A_190507120344DeepCut_resnet50_Blockcourse1May9shuffle1_1030000,hipl,,15225,25,0.9980362251161159,0.0007881773399014779,74.37148352566975,242.6160172926891,3.2622183368030946,1.440132421637959,119.28998241712881,98.8588326747439,329376.8247055697
sturman_oft,open_field,False,46_04_A_190507120344DeepCut_resnet50_Blockcourse1May9shuffle1_1030000,hipr,,15225,25,0.9958788310209127,0.001444991789819376,79.85521242952888,333.15096565342344,4.171937629587105,1.7270064961512226,117.43125302956949,95.7965239702749,361456.17407286755
sturman_oft,open_field,False,46_04_A_190507120344DeepCut_resnet50_Blockcourse1May9shuffle1_1030000,tailbase,tail_base,15225,25,0.9955072860862626,0.003349753694581281,82.28037824921434,272.1138910793785,3.307154109758566,1.6032901742612136,115.44495648676728,94.29896273783424,259226.26685770912
sturman_oft,open_field,False,46_04_A_190507120344DeepCut_resnet50_Blockcourse1May9shuffle1_1030000,tailcentre,,15225,25,0.9918372123719045,0.005779967159277504,104.30355550637488,249.44769413458093,2.391555042621103,2.5839143196179304,112.09324239545685,89.90453871442833,276837.4094836751
sturman_oft,open_field,False,46_04_A_190507120344DeepCut_resnet50_Blockcourse1May9shuffle1_1030000,tailtip,,15225,25,0.9677785035052715,0.02561576354679803,140.94479280189765,354.17776762255903,2.5128829563811346,3.8476887649913762,107.58666085624623,84.39672171599935,307904.1044026014
sturman_oft,open_field,False,47_04_A_190507122047DeepCut_resnet50_Blockcourse1May9shuffle1_1030000,tl,,15246,25,0.9730827377276613,0.02623638987275351,16.07560961135459,12.043974669995597,0.749207959210993,0.5203581770395012,1.0428091067013223,1.597824268867364,277.7451877606853
sturman_oft,open_field,False,47_04_A_190507122047DeepCut_resnet50_Blockcourse1May9shuffle1_1030000,tr,,15246,25,0.975875911893814,0.023022432113341203,11.123224732740347,10.36326208384776,0.9316778481823085,0.29929831405599533,0.9983659018855261,0.7779708343994385,330.6606187160056
sturman_oft,open_field,False,47_04_A_190507122047DeepCut_resnet50_Blockcourse1May9shuffle1_1030000,bl,,15246,25,0.9840616456021728,0.012855831037649219,15.066212915779312,11.400401177196002,0.7566865834781884,0.3736188959232463,1.6285210154044945,1.6483999368365236,845.8329996177674
sturman_oft,open_field,False,47_04_A_190507122047DeepCut_resnet50_Blockcourse1May9shuffle1_1030000,br,,15246,25,0.9649024784338219,0.03200839564475928,18.242622570015946,19.27008408655964,1.0563220289517175,0.44181716005729965,13.627528405793944,1.7441982092079016,4668.702490398191
sturman_oft,open_field,False,47_04_A_190507122047DeepCut_resnet50_Blockcourse1May9shuffle1_1030000,centre,,15246,25,0.929305506516094,0.0618522891250164,35.660337225444835,100.62026340113201,2.821629609529775,0.999673943568577,8.04973908456656,10.383254715287496,31682.54399152292
sturman_oft,open_field,False,47_04_A_190507122047DeepCut_resnet50_Blockcourse1May9shuffle1_1030000,nose,nose,15246,25,0.9387014485044334,0.050898596353141805,94.36253102150813,254.76799028303975,2.699885087068831,1.865887411906464,128.05901536069018,103.06411325542892,354598.5221483133
sturman_oft,open_field,False,47_04_A_190507122047DeepCut_resnet50_Blockcourse1May9shuffle1_1030000,headcentre,head,15246,25,0.9936625769597158,0.004853732126459399,79.1988020256521,214.50333165617226,2.7084163670391845,1.3224532405762395,126.02752653617867,101.95653584064381,257587.22616134293
sturman_oft,open_field,False,47_04_A_190507122047DeepCut_resnet50_Blockcourse1May9shuffle1_1030000,neck,neck,15246,25,0.9989035604222309,0.0007870916961826052,68.53281614920469,134.5364803227012,1.9630957529863957,1.0735873252349308,124.15948982230051,100.22027587201771,311294.2536387865
sturman_oft,open_field,False,47_04_A_190507122047DeepCut_resnet50_Blockcourse1May9shuffle1_1030000,earl,,15246,25,0.9982492535285995,0.0013118194936376755,73.61622279535487,151.12246283657217,2.0528418478719868,1.2083047776347713,125.04677615075697,101.07489138264393,312248.84408470395
sturman_oft,open_field,False,47_04_A_190507122047DeepCut_resnet50_Blockcourse1May9shuffle1_1030000,earr,,15246,25,0.9981048302076221,0.0013118194936376755,73.45004279329439,155.85808683176276,2.1219604632550575,1.245525655544867,124.9536040740058,100.70395454354735,316932.8002973086
sturman_oft,open_field,False,47_04_A_190507122047DeepCut_resnet50_Blockcourse1May9shuffle1_1030000,bodycentre,body_center,15246,25,0.9997565168498868,6.559097468188377e-05,60.644654471212704,138.6029396557934,2.2854931051109633,1.0234318881496127,121.09593155211238,98.34380866950174,321571.84200374415
sturman_oft,open_field,False,47_04_A_190507122047DeepCut_resnet50_Blockcourse1May9shuffle1_1030000,bcl,,15246,25,0.9996107842577234,0.0003279548734094189,65.64222142419042,251.9614715891937,3.838405619471328,1.207775963148151,121.43684082916671,98.5381038230095,275067.72414274793
sturman_oft,open_field,False,47_04_A_190507122047DeepCut_resnet50_Blockcourse1May9shuffle1_1030000,bcr,,15246,25,0.9995350529812741,0.00013118194936376755,64.15268184661936,157.63490000757275,2.457183323753434,1.1095167786162041,120.80733394413063,98.38659995704752,318351.4265528154
sturman_oft,open_field,False,47_04_A_190507122047DeepCut_resnet50_Blockcourse1May9shuffle1_1030000,hipl,,15246,25,0.9987095824012634,0.0003935458480913026,64.84603587262062,225.40598812788159,3.4760180031768573,1.2689947476175594,118.21446301393638,95.67932138205143,323140.7427279535
sturman_oft,open_field,False,47_04_A_190507122047DeepCut_resnet50_Blockcourse1May9shuffle1_1030000,hipr,,15246,25,0.9974466714742661,0.0009182736455463728,63.325974660342574,187.80462236113112,2.965680723722716,1.2566940901065853,117.2122010334465,95.84501605888785,294779.64773207693
sturman_oft,open_field,False,47_04_A_190507122047DeepCut_resnet50_Blockcourse1May9shuffle1_1030000,tailbase,tail_base,15246,25,0.996659417239509,0.002689229961957235,67.01214591120181,178.37092960333243,2.661770148947219,1.2281673559689268,114.46462931691022,93.16142335102671,243008.82410192944
sturman_oft,open_field,False,47_04_A_190507122047DeepCut_resnet50_Blockcourse1May9shuffle1_1030000,tailcentre,,15246,25,0.9904612211707726,0.006427915518824609,90.34866067594456,213.16162788031073,2.359322498922945,2.2473393964440103,110.98384548834133,89.7422389021877,246590.5456106081
sturman_oft,open_field,False,47_04_A_190507122047DeepCut_resnet50_Blockcourse1May9shuffle1_1030000,tailtip,,15246,25,0.958354967620278,0.03509117145480782,124.56920326041893,320.91491416940573,2.576197854444931,3.427232523183857,105.6305327779019,85.89412627880179,307951.2607843442
sturman_oft,open_field,False,48_04_A_190507123817DeepCut_resnet50_Blockcourse1May9shuffle1_1030000,tl,,15240,25,0.9800875426296957,0.01909448818897638,16.343456970723604,16.767116627330626,1.025922279317401,0.5329466225672217,1.0209398396831417,2.9978500779047867,2231.503850362413
sturman_oft,open_field,False,48_04_A_190507123817DeepCut_resnet50_Blockcourse1May9shuffle1_1030000,tr,,15240,25,0.9761898833172997,0.022637795275590553,10.976217808536996,10.087150403473505,0.9190005682675139,0.29334999670783324,0.9885812914484633,0.702082601887081,250.5233100445348
sturman_oft,open_field,False,48_04_A_190507123817DeepCut_resnet50_Blockcourse1May9shuffle1_1030000,bl,,15240,25,0.9900224745234479,0.007020997375328084,15.563327139203846,16.768302193901242,1.0774240009170069,0.38995508181087885,1.4292745549459802,2.148631648368522,1613.2539907212351
sturman_oft,open_field,False,48_04_A_190507123817DeepCut_resnet50_Blockcourse1May9shuffle1_1030000,br,,15240,25,0.9713336596847206,0.02788713910761155,18.172311882771524,12.491915117910764,0.6874147438419144,0.4557744047667261,4.370173480927906,1.432153870328417,2052.5589585419866
sturman_oft,open_field,False,48_04_A_190507123817DeepCut_resnet50_Blockcourse1May9shuffle1_1030000,centre,,15240,25,0.8668794397567826,0.11023622047244094,50.09013437500762,171.1966370724264,3.4177715673656617,1.46487534032592,28.703508665872356,12.883973051718897,137192.42724817598
sturman_oft,open_field,False,48_04_A_190507123817DeepCut_resnet50_Blockcourse1May9shuffle1_1030000,nose,nose,15240,25,0.9490524578164882,0.040091863517060365,107.71394805261707,247.11791195875998,2.294205313484987,2.0228950758872197,117.61745490053819,92.74031225193052,377218.11931968265
sturman_oft,open_field,False,48_04_A_190507123817DeepCut_resnet50_Blockcourse1May9shuffle1_1030000,headcentre,head,15240,25,0.9954172695285379,0.0038713910761154855,97.52326619825403,329.7874446104429,3.3816283792220556,1.662197165522547,115.30784956982498,90.71140914609809,376777.53159959876
sturman_oft,open_field,False,48_04_A_190507123817DeepCut_resnet50_Blockcourse1May9shuffle1_1030000,neck,neck,15240,25,0.9959812296168229,0.0034776902887139107,83.24043554114378,210.69423700179067,2.531152505775267,1.3663479621209296,113.28178537801455,88.76930368597445,323589.14444822655
sturman_oft,open_field,False,48_04_A_190507123817DeepCut_resnet50_Blockcourse1May9shuffle1_1030000,earl,,15240,25,0.9950142844729223,0.004068241469816273,86.9233830174897,187.77201865137303,2.1602014571107038,1.4407596906455302,113.93732585933238,89.74594024190054,323942.95219347393
sturman_oft,open_field,False,48_04_A_190507123817DeepCut_resnet50_Blockcourse1May9shuffle1_1030000,earr,,15240,25,0.9958534899932818,0.003543307086614173,88.81751297911133,223.20297822233346,2.5130514324897586,1.4949237035827996,114.3196971880098,89.03172273756374,369818.4494349996
sturman_oft,open_field,False,48_04_A_190507123817DeepCut_resnet50_Blockcourse1May9shuffle1_1030000,bodycentre,body_center,15240,25,0.9961105695351216,0.0034776902887139107,77.60118193120555,293.4752360263251,3.781839769998538,1.4425389296701325,110.3433486602816,86.71901510546614,469011.4244678214
sturman_oft,open_field,False,48_04_A_190507123817DeepCut_resnet50_Blockcourse1May9shuffle1_1030000,bcl,,15240,25,0.9954052287391008,0.0040026246719160104,75.46430156555907,224.256976101973,2.9716961722245765,1.3379404870616551,110.17775405093822,87.05754847640185,298564.0909639023
sturman_oft,open_field,False,48_04_A_190507123817DeepCut_resnet50_Blockcourse1May9shuffle1_1030000,bcr,,15240,25,0.9959889749138374,0.0037401574803149606,77.91107530488718,218.4483865260428,2.803816860070215,1.3838458401716476,110.774567003742,86.44093504656647,320105.032506299
sturman_oft,open_field,False,48_04_A_190507123817DeepCut_resnet50_Blockcourse1May9shuffle1_1030000,hipl,,15240,25,0.9947415201604523,0.0040026246719160104,79.1732941511502,333.01444625413217,4.206146148452183,1.5298356108004538,107.66283203289402,84.75026325323348,475816.79601611214
sturman_oft,open_field,False,48_04_A_190507123817DeepCut_resnet50_Blockcourse1May9shuffle1_1030000,hipr,,15240,25,0.9922220939628564,0.005118110236220472,76.81484505980735,212.6121746566057,2.76785267862049,1.4927659490096419,107.71882255955786,84.03085217609959,304679.2021366443
sturman_oft,open_field,False,48_04_A_190507123817DeepCut_resnet50_Blockcourse1May9shuffle1_1030000,tailbase,tail_base,15240,25,0.9940385492122549,0.00531496062992126,80.22651720369771,255.0379205094779,3.1789728558442643,1.4292164726009486,105.13332649564373,82.11995838049062,397964.5560835313
sturman_oft,open_field,False,48_04_A_190507123817DeepCut_resnet50_Blockcourse1May9shuffle1_1030000,tailcentre,,15240,25,0.9901279073453012,0.00879265091863517,109.81057877713033,324.48502207844024,2.954952297783709,2.757229339266644,103.6821094554327,80.42751000891687,362413.5024585763
sturman_oft,open_field,False,48_04_A_190507123817DeepCut_resnet50_Blockcourse1May9shuffle1_1030000,tailtip,,15240,25,0.975193723930618,0.020341207349081365,146.86418302639228,416.09175653966054,2.8331738070192825,4.4650323204522095,102.28945379253207,80.47860514323916,362383.24167180806
sturman_oft,open_field,False,49_04_A_190507125609DeepCut_resnet50_Blockcourse1May9shuffle1_1030000,tl,,15227,25,0.9783508084024988,0.020489919222433834,14.322382305222908,10.388962526251202,0.7253655366022931,0.410337470980042,0.788133972580326,1.97829378804175,570.3522201238367
sturman_oft,open_field,False,49_04_A_190507125609DeepCut_resnet50_Blockcourse1May9shuffle1_1030000,tr,,15227,25,0.9808355819911241,0.01865108031785644,10.886799476452026,9.427611844086268,0.8659672536890243,0.2909424897672033,0.862757643757647,1.865258955504206,810.546012076108
sturman_oft,open_field,False,49_04_A_190507125609DeepCut_resnet50_Blockcourse1May9shuffle1_1030000,bl,,15227,25,0.9859101865060176,0.01195245287975307,15.215486849372565,12.401575579261914,0.8150626859352392,0.3824426920717041,1.6140207964031152,2.2586088318590236,1019.8239985947905
sturman_oft,open_field,False,49_04_A_190507125609DeepCut_resnet50_Blockcourse1May9shuffle1_1030000,br,,15227,25,0.9798171996870678,0.018454061863794575,18.587224740731028,12.750277998430075,0.6859699700348387,0.46660187097832806,1.8114609048440269,2.112770436651543,1762.8085023848473
sturman_oft,open_field,False,49_04_A_190507125609DeepCut_resnet50_Blockcourse1May9shuffle1_1030000,centre,,15227,25,0.9288821356677959,0.061469757667301506,31.3443550460846,60.90036199103028,1.9429451300398566,0.857344567557152,6.683759332009112,8.374554870368655,46804.77142936727
sturman_oft,open_field,False,49_04_A_190507125609DeepCut_resnet50_Blockcourse1May9shuffle1_1030000,nose,nose,15227,25,0.9124386695539551,0.07572075917777632,98.47782179282515,402.6526393878197,4.088764678760959,2.1962759438910497,129.35178539969252,103.07075121567206,326909.4455064102
sturman_oft,open_field,False,49_04_A_190507125609DeepCut_resnet50_Blockcourse1May9shuffle1_1030000,headcentre,head,15227,25,0.9733625509115436,0.02429894266762987,82.71868121341507,367.64644313616844,4.444539464883836,1.6947993708012759,128.16908934689863,101.98856357250632,295605.51368897804
sturman_oft,open_field,False,49_04_A_190507125609DeepCut_resnet50_Blockcourse1May9shuffle1_1030000,neck,neck,15227,25,0.9874933786739655,0.009982268339134433,69.59614983477044,308.85175266419,4.437770672622564,1.327109020843038,126.97997984825386,100.30849702546564,321380.89805189945
sturman_oft,open_field,False,49_04_A_190507125609DeepCut_resnet50_Blockcourse1May9shuffle1_1030000,earl,,15227,25,0.9797332481850374,0.018388389045773956,69.77162787790809,190.99449636180472,2.737423536914202,1.231031384786274,127.6738551601538,101.50557711626259,317567.2195821066
sturman_oft,open_field,False,49_04_A_190507125609DeepCut_resnet50_Blockcourse1May9shuffle1_1030000,earr,,15227,25,0.9824911418387478,0.015958494779010967,72.55238098569437,287.1499272529461,3.9578291346436356,1.5496605708909548,127.4970196805056,100.4244590196514,317293.6142847833
sturman_oft,open_field,False,49_04_A_190507125609DeepCut_resnet50_Blockcourse1May9shuffle1_1030000,bodycentre,body_center,15227,25,0.9918230210379605,0.007880738162474551,58.45246818768088,237.39901906172727,4.061402818773702,1.1876246543288873,124.52413528021603,98.29925462274359,317825.63093427866
sturman_oft,open_field,False,49_04_A_190507125609DeepCut_resnet50_Blockcourse1May9shuffle1_1030000,bcl,,15227,25,0.9916382000225077,0.008012083798515795,58.76820666361446,176.6094257945354,3.005186576569143,1.0910435791139976,124.37436756562815,99.05110081734271,213579.1939965097
sturman_oft,open_field,False,49_04_A_190507125609DeepCut_resnet50_Blockcourse1May9shuffle1_1030000,bcr,,15227,25,0.9915180866306653,0.007880738162474551,61.242926371432944,266.38871379928486,4.349705828615387,1.3136429478671507,124.18959061755177,97.39143410061654,313948.80581734737
sturman_oft,open_field,False,49_04_A_190507125609DeepCut_resnet50_Blockcourse1May9shuffle1_1030000,hipl,,15227,25,0.9910388050987801,0.007880738162474551,59.1396862817867,222.5977056514638,3.763931120480384,1.2478504584579866,122.33593289431899,96.23671705550571,326903.0748011069
sturman_oft,open_field,False,49_04_A_190507125609DeepCut_resnet50_Blockcourse1May9shuffle1_1030000,hipr,,15227,25,0.9909896745973464,0.007618046890392066,57.31815169860433,202.57384422822955,3.5342005669237606,1.2357374943757646,122.1887819148502,93.8759883901385,325279.63605286874
sturman_oft,open_field,False,49_04_A_190507125609DeepCut_resnet50_Blockcourse1May9shuffle1_1030000,tailbase,tail_base,15227,25,0.991485710083996,0.007946410980495174,62.36085303918974,220.9175769956285,3.542568233580708,1.2516172164021568,119.92827652794463,92.36151151972311,274904.9156751294
sturman_oft,open_field,False,49_04_A_190507125609DeepCut_resnet50_Blockcourse1May9shuffle1_1030000,tailcentre,,15227,25,0.9791347422070252,0.018322716227753333,107.45553116478824,442.3337158244573,4.116435059504915,3.3997429964587793,118.91527005129096,88.09091397495004,256643.881184863
sturman_oft,open_field,False,49_04_A_190507125609DeepCut_resnet50_Blockcourse1May9shuffle1_1030000,tailtip,,15227,25,0.9474526246988962,0.04176791226111513,152.41539408393365,576.3191242714179,3.7812396033568936,5.481692180219772,113.74875243725606,82.99447404301472,288971.465432613
sturman_oft,open_field,False,4_01_A_190507123718DeepCut_resnet50_Blockcourse1May9shuffle1_1030000,tl,,15232,25,0.9781242945845857,0.021664915966386554,11.686930502201276,9.196330541093404,0.7868901538655716,0.31834109138541805,1.0000134137127532,2.860414777900856,608.0868576075497
sturman_oft,open_field,False,4_01_A_190507123718DeepCut_resnet50_Blockcourse1May9shuffle1_1030000,tr,,15232,25,0.9745181639612254,0.024356617647058824,10.332243317438344,9.183692897250417,0.888838233392215,0.2658138045881159,1.0258369115615023,0.7391226568294597,203.58126678782344
sturman_oft,open_field,False,4_01_A_190507123718DeepCut_resnet50_Blockcourse1May9shuffle1_1030000,bl,,15232,25,0.9797363731258807,0.018119747899159665,15.348962178330822,11.915545281712774,0.7763095083089567,0.3910085292962908,1.9473712139473593,1.4340533953809163,479.2029541184226
sturman_oft,open_field,False,4_01_A_190507123718DeepCut_resnet50_Blockcourse1May9shuffle1_1030000,br,,15232,25,0.9686591501598161,0.030330882352941176,12.190203445585164,11.094806118626972,0.9101411775572208,0.32978608120949066,1.730441134308773,1.3341741808001804,491.6553293657878
sturman_oft,open_field,False,4_01_A_190507123718DeepCut_resnet50_Blockcourse1May9shuffle1_1030000,centre,,15232,25,0.9311040124891153,0.06446953781512606,37.59212920285037,69.82439647673577,1.8574206345152013,1.0063081116137584,7.464532833121894,6.606637987664899,28956.478321349667
sturman_oft,open_field,False,4_01_A_190507123718DeepCut_resnet50_Blockcourse1May9shuffle1_1030000,nose,nose,15232,25,0.9252356035799226,0.06492909663865547,83.90968615505582,162.59417945477477,1.9377283708857962,1.5513192797195299,137.11781561226786,103.73317982553803,233320.27477421367
sturman_oft,open_field,False,4_01_A_190507123718DeepCut_resnet50_Blockcourse1May9shuffle1_1030000,headcentre,head,15232,25,0.9909679694864273,0.008075105042016808,74.80454771354565,262.9761929233165,3.5155107672109702,1.2933090484753433,135.7626717491089,102.69141485975372,265008.50704245997
sturman_oft,open_field,False,4_01_A_190507123718DeepCut_resnet50_Blockcourse1May9shuffle1_1030000,neck,neck,15232,25,0.9935440152860051,0.005580357142857143,61.91025508188222,143.4534154140027,2.317118791131968,1.032891201814531,134.1474870116031,101.34284965234018,261609.31236663813
sturman_oft,open_field,False,4_01_A_190507123718DeepCut_resnet50_Blockcourse1May9shuffle1_1030000,earl,,15232,25,0.9895319105145529,0.009322478991596638,68.49199906919776,207.19035297970566,3.0250300151172453,1.232522473943775,134.68346183718137,102.03103269001474,269992.6708033561
sturman_oft,open_field,False,4_01_A_190507123718DeepCut_resnet50_Blockcourse1May9shuffle1_1030000,earr,,15232,25,0.9927615317273415,0.0063025210084033615,67.17974920673734,192.92447863201622,2.8717653892740067,1.2068912833130274,134.89030088217282,101.85618526275081,263233.9386802889
sturman_oft,open_field,False,4_01_A_190507123718DeepCut_resnet50_Blockcourse1May9shuffle1_1030000,bodycentre,body_center,15232,25,0.9913251516741833,0.007352941176470588,54.01284724418625,144.57653368291741,2.6767063959672877,0.8994002657289442,131.62212831459968,99.7561565448213,257970.62514218356
sturman_oft,open_field,False,4_01_A_190507123718DeepCut_resnet50_Blockcourse1May9shuffle1_1030000,bcl,,15232,25,0.9880959539764225,0.011488970588235295,58.0855657214362,177.83307800134153,3.0615709047955972,0.9542595148654359,131.72773014352921,99.80450902213619,259799.3649165154
sturman_oft,open_field,False,4_01_A_190507123718DeepCut_resnet50_Blockcourse1May9shuffle1_1030000,bcr,,15232,25,0.9907972865949283,0.0078125,58.474887962262734,180.42898283626576,3.0855806504957672,0.9918413106481302,131.4216344906928,99.69453252016932,256554.98168018548
sturman_oft,open_field,False,4_01_A_190507123718DeepCut_resnet50_Blockcourse1May9shuffle1_1030000,hipl,,15232,25,0.9866269696699533,0.013195903361344538,58.982990159264034,235.4732327939906,3.992222709601075,1.170655098304511,129.6589345399064,97.77478167813204,325372.9053001105
sturman_oft,open_field,False,4_01_A_190507123718DeepCut_resnet50_Blockcourse1May9shuffle1_1030000,hipr,,15232,25,0.9857581549288877,0.01293329831932773,56.714520577473365,169.15625946266505,2.9825917197271132,1.0999156741881113,128.75944192829542,96.9370613608599,259590.33889946566
sturman_oft,open_field,False,4_01_A_190507123718DeepCut_resnet50_Blockcourse1May9shuffle1_1030000,tailbase,tail_base,15232,25,0.985676764839274,0.013786764705882353,57.187191519335066,71.43551213230366,1.249152305514972,0.9526634587862077,127.3570715583259,95.8716515234346,122567.40862661561
sturman_oft,open_field,False,4_01_A_190507123718DeepCut_resnet50_Blockcourse1May9shuffle1_1030000,tailcentre,,15232,25,0.9702587272255767,0.027704831932773108,81.04683562012866,147.07450391562492,1.8146853333666457,1.997275628289008,124.56603925742661,93.52363868806344,185721.70041467526
sturman_oft,open_field,False,4_01_A_190507123718DeepCut_resnet50_Blockcourse1May9shuffle1_1030000,tailtip,,15232,25,0.9651450430426527,0.0273765756302521,243.87641322727578,1074.0860132908251,4.40422261044922,9.675348685768371,118.27699115791138,91.87185820594918,273875.48651899083
sturman_oft,open_field,False,50_04_A_190507131154DeepCut_resnet50_Blockcourse1May9shuffle1_1030000,tl,,15221,25,0.9805184834776927,0.018067144077261676,15.199635623785717,17.992674609252372,1.1837569698773478,0.4124778021033946,0.9138021941102568,7.844593719134294,3846.2758740335325
sturman_oft,open_field,False,50_04_A_190507131154DeepCut_resnet50_Blockcourse1May9shuffle1_1030000,tr,,15221,25,0.9736278768352027,0.02463701465081138,11.882876730931379,12.378181714358231,1.0416822453554166,0.32144663583275673,1.1921665852157945,0.9231591002960012,271.0625879299491
sturman_oft,open_field,False,50_04_A_190507131154DeepCut_resnet50_Blockcourse1May9shuffle1_1030000,bl,,15221,25,0.9895547380640679,0.007292556336640168,15.42950749193034,13.653612915179806,0.8849027049191733,0.39440033888235665,1.2247043576288486,1.6704675029804041,578.3214565246126
sturman_oft,open_field,False,50_04_A_190507131154DeepCut_resnet50_Blockcourse1May9shuffle1_1030000,br,,15221,25,0.9684492260380179,0.029958609815386637,19.979827393336212,53.10644551000644,2.6580032181718853,0.48135453858776867,19.704228744419016,3.8190902902961037,23678.33840848507
sturman_oft,open_field,False,50_04_A_190507131154DeepCut_resnet50_Blockcourse1May9shuffle1_1030000,centre,,15221,25,0.9659775332155823,0.029564417580973654,33.28539727569035,69.42299321529444,2.085689187973034,0.8939709838163117,25.211717908845138,7.60989207094031,91606.78133698695
sturman_oft,open_field,False,50_04_A_190507131154DeepCut_resnet50_Blockcourse1May9shuffle1_1030000,nose,nose,15221,25,0.9180464976626951,0.07088890348860127,108.53124058030325,354.95499299794477,3.270532900020712,1.9585051924509091,137.6470012013627,104.87322491153603,394642.7140990571
sturman_oft,open_field,False,50_04_A_190507131154DeepCut_resnet50_Blockcourse1May9shuffle1_1030000,headcentre,head,15221,25,0.9840579092204982,0.01405952302739636,91.45696436697837,247.16069499323825,2.7024808521031405,1.4782212703185322,135.53552101562926,103.67396181799887,381269.8746795695
sturman_oft,open_field,False,50_04_A_190507131154DeepCut_resnet50_Blockcourse1May9shuffle1_1030000,neck,neck,15221,25,0.9941695366693807,0.0053872938703107545,79.81307706769694,166.5028556544122,2.086160085184857,1.2385434788339627,134.49794951426355,101.43808243580375,323184.6358498264
sturman_oft,open_field,False,50_04_A_190507131154DeepCut_resnet50_Blockcourse1May9shuffle1_1030000,earl,,15221,25,0.9921772777760094,0.006504171867814204,84.24471380054217,218.8942926385968,2.5983148706143275,1.3893726817909442,135.5332989050178,102.83648659209088,324426.20865037135
sturman_oft,open_field,False,50_04_A_190507131154DeepCut_resnet50_Blockcourse1May9shuffle1_1030000,earr,,15221,25,0.9933793790827881,0.005978582221930228,83.63221135630197,130.34418461223777,1.558540453473444,1.2929918216355387,134.3536104926275,101.63746568058967,320166.396484047
sturman_oft,open_field,False,50_04_A_190507131154DeepCut_resnet50_Blockcourse1May9shuffle1_1030000,bodycentre,body_center,15221,25,0.9953206195075365,0.0045332106957492934,76.7433302761236,345.5456570194719,4.502614830190372,1.4560713074896396,131.60867749064982,99.6265367428185,294119.76686182676
sturman_oft,open_field,False,50_04_A_190507131154DeepCut_resnet50_Blockcourse1May9shuffle1_1030000,bcl,,15221,25,0.9945325464114011,0.004993101635897773,72.69069624258142,227.7918705464679,3.133714248468429,1.2642985472130794,133.03174924223293,100.16201434924677,287235.0546207798
sturman_oft,open_field,False,50_04_A_190507131154DeepCut_resnet50_Blockcourse1May9shuffle1_1030000,bcr,,15221,25,0.9948181606225621,0.004861704224426779,77.27298631273304,233.1059191753755,3.016654723708592,1.290839649479436,130.4311163144642,98.4793192122405,319885.4607731169
sturman_oft,open_field,False,50_04_A_190507131154DeepCut_resnet50_Blockcourse1May9shuffle1_1030000,hipl,,15221,25,0.994365898387738,0.004598909401484791,77.45686711185662,307.5022118924181,3.9699799818697743,1.605388624078356,130.27122453635636,97.39010377973784,347011.9404852494
sturman_oft,open_field,False,50_04_A_190507131154DeepCut_resnet50_Blockcourse1May9shuffle1_1030000,hipr,,15221,25,0.9925684624977318,0.005321595164575258,81.25604193502424,333.22817670785616,4.1009649100840955,1.7755646817201858,127.23791284868044,95.16064139568495,309760.7944400725
sturman_oft,open_field,False,50_04_A_190507131154DeepCut_resnet50_Blockcourse1May9shuffle1_1030000,tailbase,tail_base,15221,25,0.9915670714560214,0.006307075750607713,80.60104875809014,261.2297057426344,3.2410211748815994,1.5324956295386194,125.5624888042781,93.51796863562949,169109.5198946435
sturman_oft,open_field,False,50_04_A_190507131154DeepCut_resnet50_Blockcourse1May9shuffle1_1030000,tailcentre,,15221,25,0.9856716641677397,0.012679850206950923,108.42244239440922,313.2630984668187,2.889282804820601,2.6442471701013766,120.72264126045532,89.92329965441093,285087.9225781184
sturman_oft,open_field,False,50_04_A_190507131154DeepCut_resnet50_Blockcourse1May9shuffle1_1030000,tailtip,,15221,25,0.9708450472109751,0.02352013665330793,155.5039705799415,519.3789490690212,3.3399722665089047,4.569463825042785,113.40899522957733,85.1673797159139,326273.0420712964
sturman_oft,open_field,False,51_04_A_190507132728DeepCut_resnet50_Blockcourse1May9shuffle1_1030000,tl,,15242,25,0.9717660516699911,0.02683374885185671,14.445569693000813,11.280080055901639,0.7808677882303997,0.3990152287563362,1.3124546791297707,1.5944090873625072,362.7255334911827
sturman_oft,open_field,False,51_04_A_190507132728DeepCut_resnet50_Blockcourse1May9shuffle1_1030000,tr,,15242,25,0.9771125126527904,0.021978742947119802,12.022612592180728,11.468045716629765,0.9538730145965411,0.32916687935939093,1.3684341268984985,0.9678821439684426,362.1339511772853
sturman_oft,open_field,False,51_04_A_190507132728DeepCut_resnet50_Blockcourse1May9shuffle1_1030000,bl,,15242,25,0.985610961556247,0.010759742815903424,16.78853956366542,12.647569231984944,0.7533454106608196,0.46330279642010086,1.5239740997858067,1.794008642174159,798.0503186009963
sturman_oft,open_field,False,51_04_A_190507132728DeepCut_resnet50_Blockcourse1May9shuffle1_1030000,br,,15242,25,0.9627530386798762,0.036150111533919435,17.919702531414273,20.402026441462702,1.1385248391091745,0.43779624111571486,9.744838553433377,3.1679868064048082,15082.84592678304
sturman_oft,open_field,False,51_04_A_190507132728DeepCut_resnet50_Blockcourse1May9shuffle1_1030000,centre,,15242,25,0.9332977438040284,0.05773520535362813,32.06466855688284,80.54764657049869,2.512037398035375,0.9090961592890927,49.42630091230892,10.04771675682487,73701.62775053857
sturman_oft,open_field,False,51_04_A_190507132728DeepCut_resnet50_Blockcourse1May9shuffle1_1030000,nose,nose,15242,25,0.9430407828944294,0.04441674320955255,93.27741149767111,290.79417920022627,3.117519821049994,1.802030568525072,138.6201355115124,112.13955891415965,362368.88858524937
sturman_oft,open_field,False,51_04_A_190507132728DeepCut_resnet50_Blockcourse1May9shuffle1_1030000,headcentre,head,15242,25,0.9818854017757302,0.01692691247867734,74.36223585412297,198.34441283231104,2.6672733888933213,1.261289316896367,136.94778770486332,110.67348629588746,333004.9716038491
sturman_oft,open_field,False,51_04_A_190507132728DeepCut_resnet50_Blockcourse1May9shuffle1_1030000,neck,neck,15242,25,0.9904617728711176,0.009053929930455321,65.62649471978425,184.79112309137943,2.8158005982250174,1.100227504276878,135.0914908851353,108.45712751423012,320813.2304374834
sturman_oft,open_field,False,51_04_A_190507132728DeepCut_resnet50_Blockcourse1May9shuffle1_1030000,earl,,15242,25,0.9884154386187832,0.010825351003805274,73.2977751579369,281.2664337469128,3.837312021283861,1.3649590164714955,135.61075918354342,109.23365960383299,327887.23235824954
sturman_oft,open_field,False,51_04_A_190507132728DeepCut_resnet50_Blockcourse1May9shuffle1_1030000,earr,,15242,25,0.9904030093608167,0.00898832174255347,71.02326572942253,214.4165221249274,3.018961743350277,1.2146096163573545,135.86795280188488,109.43610477662122,322826.8078796788
sturman_oft,open_field,False,51_04_A_190507132728DeepCut_resnet50_Blockcourse1May9shuffle1_1030000,bodycentre,body_center,15242,25,0.9912710120700317,0.00839784805143682,64.10003238861572,253.8869940846371,3.9607935382217985,1.2805155864601723,131.77293179086067,106.12349613897874,316713.7744331769
sturman_oft,open_field,False,51_04_A_190507132728DeepCut_resnet50_Blockcourse1May9shuffle1_1030000,bcl,,15242,25,0.9911621944799681,0.00839784805143682,65.02745534777941,218.56499055011741,3.361118613379373,1.2029553610941344,131.621326987525,105.43628258668681,281067.3876428284
sturman_oft,open_field,False,51_04_A_190507132728DeepCut_resnet50_Blockcourse1May9shuffle1_1030000,bcr,,15242,25,0.9898153933295739,0.00898832174255347,66.5294546620193,251.56291800454258,3.7812262145018933,1.3135312609952645,131.40221029394925,106.54181824688834,387899.3580801153
sturman_oft,open_field,False,51_04_A_190507132728DeepCut_resnet50_Blockcourse1May9shuffle1_1030000,hipl,,15242,25,0.9916142124529664,0.006954467917596116,68.88415501828953,313.1127809142838,4.545497884544694,1.5253713628130545,127.8665355467096,102.41897358601989,326362.9797954912
sturman_oft,open_field,False,51_04_A_190507132728DeepCut_resnet50_Blockcourse1May9shuffle1_1030000,hipr,,15242,25,0.9886343924627109,0.00866028080304422,65.48057856482815,234.79790621355917,3.585764074779833,1.3759374765078394,127.25990884288265,103.09708171588552,310162.6349807742
sturman_oft,open_field,False,51_04_A_190507132728DeepCut_resnet50_Blockcourse1May9shuffle1_1030000,tailbase,tail_base,15242,25,0.9916204569995474,0.007544941608712767,71.8034168084125,283.0871416157318,3.9425302332209524,1.529399714970031,123.81781366768205,99.5743270712672,177090.533540592
sturman_oft,open_field,False,51_04_A_190507132728DeepCut_resnet50_Blockcourse1May9shuffle1_1030000,tailcentre,,15242,25,0.9875771623124853,0.009972444561081224,89.47949282830541,279.8502522956868,3.1275350747982853,2.347841149515676,117.44825926252166,94.35265807444073,264591.07445398456
sturman_oft,open_field,False,51_04_A_190507132728DeepCut_resnet50_Blockcourse1May9shuffle1_1030000,tailtip,,15242,25,0.9664717551397536,0.028014696234090013,147.70565168430403,642.6854056974635,4.3511226440481465,4.708169358606778,109.54012383661141,88.99372289545062,340071.2403552941
sturman_oft,open_field,False,52_04_A_190507134227DeepCut_resnet50_Blockcourse1May9shuffle1_1030000,tl,,15235,25,0.9790059157931144,0.020413521496553986,12.558403039280819,9.415667485605153,0.7497503827639824,0.33260021856069716,0.7980500099070056,1.444708620929558,436.6288327228813
sturman_oft,open_field,False,52_04_A_190507134227DeepCut_resnet50_Blockcourse1May9shuffle1_1030000,tr,,15235,25,0.9802250217385945,0.019363308171972432,12.397643650922127,10.569382070262419,0.8525315267854369,0.3300861402444175,1.0657487003457256,1.3112619134542822,536.5011992120868
sturman_oft,open_field,False,52_04_A_190507134227DeepCut_resnet50_Blockcourse1May9shuffle1_1030000,bl,,15235,25,0.9897404701798949,0.007679684936002625,15.975675426307697,14.637320530155089,0.9162254577387887,0.4279797830550391,1.3401546876432762,2.06364966515217,1593.623366337414
sturman_oft,open_field,False,52_04_A_190507134227DeepCut_resnet50_Blockcourse1May9shuffle1_1030000,br,,15235,25,0.966388354038934,0.031440761404660324,17.06930863722588,16.045846797816868,0.9400408147066379,0.4369411154464256,5.972268016057077,2.187444213360437,4374.133031595641
sturman_oft,open_field,False,52_04_A_190507134227DeepCut_resnet50_Blockcourse1May9shuffle1_1030000,centre,,15235,25,0.9062925089841442,0.08178536265178865,40.985436034454544,100.3107486795806,2.4474730144447903,1.1174027462722527,8.557131687179316,11.57917258304652,28157.16937107795
sturman_oft,open_field,False,52_04_A_190507134227DeepCut_resnet50_Blockcourse1May9shuffle1_1030000,nose,nose,15235,25,0.9636424532631479,0.02815884476534296,116.24179391202736,313.5539134134088,2.697428376326579,2.086838226085833,116.94263506865092,97.83486555080864,401505.56699657935
sturman_oft,open_field,False,52_04_A_190507134227DeepCut_resnet50_Blockcourse1May9shuffle1_1030000,headcentre,head,15235,25,0.9931972476119169,0.005710534952412209,96.8631053352822,288.2682319681037,2.9760374806309513,1.6381345585034965,115.31316871035354,96.39543188565786,374422.6823481019
sturman_oft,open_field,False,52_04_A_190507134227DeepCut_resnet50_Blockcourse1May9shuffle1_1030000,neck,neck,15235,25,0.9940119810346153,0.005251066622907778,82.56898226130382,193.62215005998866,2.344974405125134,1.3518974893010278,113.75063418439221,94.269810015032,336839.6478554759
sturman_oft,open_field,False,52_04_A_190507134227DeepCut_resnet50_Blockcourse1May9shuffle1_1030000,earl,,15235,25,0.991739979580969,0.007220216606498195,90.02325010781767,233.95987891632186,2.5988828290038,1.4728573848079323,113.98866907642294,95.1176811836111,343798.38152643375
sturman_oft,open_field,False,52_04_A_190507134227DeepCut_resnet50_Blockcourse1May9shuffle1_1030000,earr,,15235,25,0.9961819101248486,0.002888086642599278,86.03102484504429,186.55315328853294,2.1684404390688727,1.4401705243066247,114.25748120411882,94.93770942357867,344990.9919292171
sturman_oft,open_field,False,52_04_A_190507134227DeepCut_resnet50_Blockcourse1May9shuffle1_1030000,bodycentre,body_center,15235,25,0.9936282879530817,0.005973088283557598,75.79248925988287,245.99092191043954,3.2455844149275497,1.339166385180583,111.24130592628615,92.32649155081488,333473.7750330402
sturman_oft,open_field,False,52_04_A_190507134227DeepCut_resnet50_Blockcourse1May9shuffle1_1030000,bcl,,15235,25,0.9935975526077144,0.00590744995077125,78.05988953070924,177.54408494236117,2.2744598539626963,1.3341409316964683,110.96824194106617,92.09841808531017,248585.45665230867
sturman_oft,open_field,False,52_04_A_190507134227DeepCut_resnet50_Blockcourse1May9shuffle1_1030000,bcr,,15235,25,0.9940632921204944,0.005447981621266819,73.96321630671298,184.77901663641936,2.4982555635516435,1.28756636086593,110.81055884736757,92.31031743013354,335453.13233588164
sturman_oft,open_field,False,52_04_A_190507134227DeepCut_resnet50_Blockcourse1May9shuffle1_1030000,hipl,,15235,25,0.9918289059336005,0.007220216606498195,81.33775706134529,264.44906216743493,3.2512460599077784,1.5503759296761097,109.11605239119781,89.25282635769997,426856.7229858984
sturman_oft,open_field,False,52_04_A_190507134227DeepCut_resnet50_Blockcourse1May9shuffle1_1030000,hipr,,15235,25,0.9916813673994993,0.007417131604857237,73.57399190855341,202.53731613838576,2.7528384811595306,1.4386956697344153,107.94715253281808,89.40049059156065,310595.7707507975
sturman_oft,open_field,False,52_04_A_190507134227DeepCut_resnet50_Blockcourse1May9shuffle1_1030000,tailbase,tail_base,15235,25,0.9944933065027732,0.004397768296685264,83.52598353767208,226.2417941624616,2.70863969007227,1.5010807884869581,105.58797234468322,86.42959066392528,194545.52499331185
sturman_oft,open_field,False,52_04_A_190507134227DeepCut_resnet50_Blockcourse1May9shuffle1_1030000,tailcentre,,15235,25,0.9924282779938517,0.004988513291762389,110.03342820295954,267.52452731096133,2.4313023022195157,2.6055025587130194,103.30607445784965,83.1983503812071,282513.03419097
sturman_oft,open_field,False,52_04_A_190507134227DeepCut_resnet50_Blockcourse1May9shuffle1_1030000,tailtip,,15235,25,0.977405926412076,0.018772563176895306,147.61038035710175,334.69504177312916,2.267422121421466,4.03848776157988,100.51273669999985,80.19181433945174,263477.58456581115
sturman_oft,open_field,False,53_04_A_190507135800DeepCut_resnet50_Blockcourse1May9shuffle1_1030000,tl,,15237,25,0.9764763081277958,0.021985955240532915,15.221656456495788,11.636478694585545,0.7644686192887844,0.4183365457641278,1.0323442941547054,1.278449398977001,460.6439442367209
sturman_oft,open_field,False,53_04_A_190507135800DeepCut_resnet50_Blockcourse1May9shuffle1_1030000,tr,,15237,25,0.9724472592182419,0.02690818402572685,11.283696054591994,9.625493086726497,0.8530443429313502,0.3012560001042364,1.2325492766465327,0.9174191820143838,220.34844625555422
sturman_oft,open_field,False,53_04_A_190507135800DeepCut_resnet50_Blockcourse1May9shuffle1_1030000,bl,,15237,25,0.9856591007837342,0.012929054275776071,17.082161507122542,12.343138437096078,0.7225747416068808,0.4469385035552954,1.4808453247979034,1.7944115470419053,559.5628661856337
sturman_oft,open_field,False,53_04_A_190507135800DeepCut_resnet50_Blockcourse1May9shuffle1_1030000,br,,15237,25,0.9754112275686369,0.023364179300387214,15.767180522627477,14.509118354683663,0.9202100739483277,0.42227297471791286,1.8803631158126062,1.4440231640465186,1116.522198768989
sturman_oft,open_field,False,53_04_A_190507135800DeepCut_resnet50_Blockcourse1May9shuffle1_1030000,centre,,15237,25,0.9222939640602399,0.07022379733543349,32.62391433408932,80.02228542543743,2.4528719823733933,0.9278229761908571,6.107647274328432,10.364372630659009,23930.521898499785
sturman_oft,open_field,False,53_04_A_190507135800DeepCut_resnet50_Blockcourse1May9shuffle1_1030000,nose,nose,15237,25,0.9218214649618818,0.06451401194460851,80.13240186804302,269.64934857994194,3.3650476248544687,1.6039927024618612,130.4687285860304,106.09259106843439,382344.8553286984
sturman_oft,open_field,False,53_04_A_190507135800DeepCut_resnet50_Blockcourse1May9shuffle1_1030000,headcentre,head,15237,25,0.9836582309963307,0.015094834941261404,67.88558268957652,275.25346957117796,4.054667554815607,1.3651332405138679,128.37516462824155,104.67590571685044,370523.45490916236
sturman_oft,open_field,False,53_04_A_190507135800DeepCut_resnet50_Blockcourse1May9shuffle1_1030000,neck,neck,15237,25,0.9875413039040908,0.012404016538688719,58.17013308756125,214.60612500994154,3.6892837203398394,1.0058620637347815,126.52856991458906,102.25997862446567,323545.18651955173
sturman_oft,open_field,False,53_04_A_190507135800DeepCut_resnet50_Blockcourse1May9shuffle1_1030000,earl,,15237,25,0.9865941076975933,0.012929054275776071,67.38612210155775,304.2199075597752,4.51457804770669,1.2199766292446435,126.50695381646065,103.01166572840907,336502.88571845554
sturman_oft,open_field,False,53_04_A_190507135800DeepCut_resnet50_Blockcourse1May9shuffle1_1030000,earr,,15237,25,0.987710951855155,0.011747719367329526,59.88678885034617,177.69778888764958,2.967228537360831,1.1080236430498045,128.03554366720826,103.11566544946282,326494.59198302013
sturman_oft,open_field,False,53_04_A_190507135800DeepCut_resnet50_Blockcourse1May9shuffle1_1030000,bodycentre,body_center,15237,25,0.9883980790273312,0.01161645993305769,52.873717150111155,281.11349546330445,5.3166962834333935,1.146480173916613,123.9388605133588,99.41610090330121,385736.95716423064
sturman_oft,open_field,False,53_04_A_190507135800DeepCut_resnet50_Blockcourse1May9shuffle1_1030000,bcl,,15237,25,0.9883020598603459,0.011682089650193607,54.12829384387297,202.32841984297204,3.7379419426476996,1.0484638886085458,123.28583163724171,99.32298872184175,275376.99452576286
sturman_oft,open_field,False,53_04_A_190507135800DeepCut_resnet50_Blockcourse1May9shuffle1_1030000,bcr,,15237,25,0.9883053769407806,0.01161645993305769,52.274797910139924,185.91924378396237,3.5565750842988715,1.036257101953935,124.98394154889371,99.58984593097304,319225.21377028676
sturman_oft,open_field,False,53_04_A_190507135800DeepCut_resnet50_Blockcourse1May9shuffle1_1030000,hipl,,15237,25,0.9877062002809966,0.01161645993305769,56.39499380789519,268.09390504246574,4.753859996078821,1.2736072086396006,120.0583383830938,96.52775525200107,322320.96768760734
sturman_oft,open_field,False,53_04_A_190507135800DeepCut_resnet50_Blockcourse1May9shuffle1_1030000,hipr,,15237,25,0.9873891073789639,0.011747719367329526,54.61177344434946,260.02478675192475,4.761332041650239,1.2588033040020201,121.28934144476682,97.1638593409568,315600.6291251697
sturman_oft,open_field,False,53_04_A_190507135800DeepCut_resnet50_Blockcourse1May9shuffle1_1030000,tailbase,tail_base,15237,25,0.9884156261974099,0.011222681630242174,57.771359162920945,219.37371143401398,3.797274542483213,1.1878923780869124,118.05109550620924,94.25916046964261,244686.74234214178
sturman_oft,open_field,False,53_04_A_190507135800DeepCut_resnet50_Blockcourse1May9shuffle1_1030000,tailcentre,,15237,25,0.9825179864432841,0.014044759467086696,80.96694796835591,238.39563601097254,2.944357444523462,2.072461736897156,115.98972177643418,91.48032974301785,238252.72582144538
sturman_oft,open_field,False,53_04_A_190507135800DeepCut_resnet50_Blockcourse1May9shuffle1_1030000,tailtip,,15237,25,0.9523943215227193,0.03767145763601759,106.89215886470218,290.40812997985233,2.71683286280553,2.9847631613380936,113.86003543244749,88.53413768000057,255977.0228846954
sturman_oft,open_field,False,54_04_A_190507141337DeepCut_resnet50_Blockcourse1May9shuffle1_1030000,tl,,15246,25,0.973653215671108,0.026170798898071626,13.095253706616578,18.7850256483057,1.4344911575721728,0.33336466140635884,3.979769468583149,6.092111867617123,12130.544930254095
sturman_oft,open_field,False,54_04_A_190507141337DeepCut_resnet50_Blockcourse1May9shuffle1_1030000,tr,,15246,25,0.9794456615162446,0.018562245834973106,10.841536464217704,50.188390148550056,4.629269136731305,0.2954532302743167,2.7967848084178777,2.0185657166798463,33372.084566618025
sturman_oft,open_field,False,54_04_A_190507141337DeepCut_resnet50_Blockcourse1May9shuffle1_1030000,bl,,15246,25,0.9879439112947914,0.01023219205037387,16.461098141294453,11.9394795441852,0.7253148873606262,0.47006550356936905,1.3178868705934224,1.4473578580143127,606.147199793327
sturman_oft,open_field,False,54_04_A_190507141337DeepCut_resnet50_Blockcourse1May9shuffle1_1030000,br,,15246,25,0.9668585209748446,0.03181162272071363,16.558438089905373,14.034032549219207,0.8475456726667272,0.42334962824131167,2.059992145525113,1.3629761958649271,1618.5415856743675
sturman_oft,open_field,False,54_04_A_190507141337DeepCut_resnet50_Blockcourse1May9shuffle1_1030000,centre,,15246,25,0.9312802721599293,0.06401679128951857,36.95371824021352,83.92236784939024,2.271012819437066,1.0018733778798368,48.03572369187198,7.229131764424698,100539.58897507416
sturman_oft,open_field,False,54_04_A_190507141337DeepCut_resnet50_Blockcourse1May9shuffle1_1030000,nose,nose,15246,25,0.9547067700674977,0.03561589925226289,105.8616911879946,326.35707606210605,3.082862860017459,2.1581128207734106,124.73606832984788,103.65878615366707,291228.44953856466
sturman_oft,open_field,False,54_04_A_190507141337DeepCut_resnet50_Blockcourse1May9shuffle1_1030000,headcentre,head,15246,25,0.9925173033719361,0.006755870392234029,87.25735469473105,255.55885384295263,2.928794423541977,1.5609691594464903,123.21820764572948,102.47577724140794,365672.3296119036
sturman_oft,open_field,False,54_04_A_190507141337DeepCut_resnet50_Blockcourse1May9shuffle1_1030000,neck,neck,15246,25,0.9979705810253661,0.0017053653417289782,75.3331586065218,195.3781313287217,2.5935210330050764,1.2425037544201576,122.15659142577174,100.5563390534958,328117.5558011197
sturman_oft,open_field,False,54_04_A_190507141337DeepCut_resnet50_Blockcourse1May9shuffle1_1030000,earl,,15246,25,0.995569105860553,0.003082775810048537,82.46043466581101,237.96719906760487,2.8858348859306786,1.4021667018673887,122.33550767492903,101.93010506811244,338193.8448377554
sturman_oft,open_field,False,54_04_A_190507141337DeepCut_resnet50_Blockcourse1May9shuffle1_1030000,earr,,15246,25,0.997613949425324,0.0017709563164108619,81.78272221025462,235.162919197097,2.875459667294008,1.466224483769399,122.3328442430806,100.84222554461802,321656.57754021283
sturman_oft,open_field,False,54_04_A_190507141337DeepCut_resnet50_Blockcourse1May9shuffle1_1030000,bodycentre,body_center,15246,25,0.9987355253561329,0.0011150465695920241,67.9407821373436,188.41087851515894,2.7731632252081337,1.1835204402633872,119.9432264885467,98.81009131870839,322083.4574896702
sturman_oft,open_field,False,54_04_A_190507141337DeepCut_resnet50_Blockcourse1May9shuffle1_1030000,bcl,,15246,25,0.998633240161567,0.0013118194936376755,70.29551782790864,227.99623090384645,3.2433964205514063,1.281806126016196,120.41309467549706,99.44103284155305,274776.4752958925
sturman_oft,open_field,False,54_04_A_190507141337DeepCut_resnet50_Blockcourse1May9shuffle1_1030000,bcr,,15246,25,0.9984117704325737,0.0010494555949101404,71.92472425561593,200.8121428680519,2.791976541395949,1.1800106484771689,119.37245889758496,98.21006611598986,316428.1791689486
sturman_oft,open_field,False,54_04_A_190507141337DeepCut_resnet50_Blockcourse1May9shuffle1_1030000,hipl,,15246,25,0.9972553176566652,0.0009838646202282567,73.54513988448748,280.8990889132683,3.819410628009656,1.5605110386876104,118.54401622579232,96.92326183325774,331370.9527248241
sturman_oft,open_field,False,54_04_A_190507141337DeepCut_resnet50_Blockcourse1May9shuffle1_1030000,hipr,,15246,25,0.9909724424407814,0.0038698675062311424,74.78838237261678,250.32860494023794,3.3471589704003804,1.6280097366529516,116.8860130579133,95.32024116694292,316072.2930072077
sturman_oft,open_field,False,54_04_A_190507141337DeepCut_resnet50_Blockcourse1May9shuffle1_1030000,tailbase,tail_base,15246,25,0.9850194815707054,0.011806375442739079,75.53908825390918,221.59210234755022,2.9334759985812076,1.4159938410657245,115.72684928678201,93.46615163936269,164266.4733922339
sturman_oft,open_field,False,54_04_A_190507141337DeepCut_resnet50_Blockcourse1May9shuffle1_1030000,tailcentre,,15246,25,0.9828340478469173,0.012134330316148498,113.36076978992948,380.3280559187682,3.355023581998956,2.930717811558806,113.67558073176583,91.03708779897089,274793.38504322706
sturman_oft,open_field,False,54_04_A_190507141337DeepCut_resnet50_Blockcourse1May9shuffle1_1030000,tailtip,,15246,25,0.9461321723335264,0.046963137872228784,137.65074737605494,378.44590117168553,2.7493196251073764,4.000416501570753,111.07269084311909,88.13552704114274,298986.23006279534
sturman_oft,open_field,False,55_04_A_190507142930DeepCut_resnet50_Blockcourse1May9shuffle1_1030000,tl,,15243,25,0.9727956281867012,0.026700780686216626,14.513914639599234,10.936230238225544,0.753499693899779,0.4142262746464623,1.1037051562326676,1.454892082817885,346.4667721975722
sturman_oft,open_field,False,55_04_A_190507142930DeepCut_resnet50_Blockcourse1May9shuffle1_1030000,tr,,15243,25,0.9714493151842856,0.027291215639965886,12.694726339723807,11.87982652330536,0.9358080044728103,0.341366996921389,1.175421888716722,0.9828849577815951,345.01978851905244
sturman_oft,open_field,False,55_04_A_190507142930DeepCut_resnet50_Blockcourse1May9shuffle1_1030000,bl,,15243,25,0.9823062759578787,0.014104835006232368,19.6582770855697,14.964846808860262,0.7612491544259143,0.5196884490410228,1.592093869150522,2.078273253220913,633.2182742448663
sturman_oft,open_field,False,55_04_A_190507142930DeepCut_resnet50_Blockcourse1May9shuffle1_1030000,br,,15243,25,0.9746738509549046,0.024601456406219246,16.13339539488394,13.751128117550005,0.8523393731434007,0.42440164066996844,1.6898378096802968,1.3443401800997905,1090.9837071094562
sturman_oft,open_field,False,55_04_A_190507142930DeepCut_resnet50_Blockcourse1May9shuffle1_1030000,centre,,15243,25,0.9570024096691288,0.03726300596995342,32.11074423541354,75.06328946644886,2.3376377986177235,0.8758065180569293,22.638594527120325,8.981575926791182,106740.27953824583
sturman_oft,open_field,False,55_04_A_190507142930DeepCut_resnet50_Blockcourse1May9shuffle1_1030000,nose,nose,15243,25,0.9262434854162089,0.06494784491241881,90.716679728036,240.26987109076168,2.6485743505061974,1.7866114270273532,129.5943820082622,110.71688382330127,308395.2890695306
sturman_oft,open_field,False,55_04_A_190507142930DeepCut_resnet50_Blockcourse1May9shuffle1_1030000,headcentre,head,15243,25,0.9798444384083476,0.01902512628747622,76.83194497269942,203.6771969979777,2.650944175243123,1.4045252809978441,127.8278801199358,109.69074141084796,367076.4196111049
sturman_oft,open_field,False,55_04_A_190507142930DeepCut_resnet50_Blockcourse1May9shuffle1_1030000,neck,neck,15243,25,0.9878372435067525,0.011677491307485403,67.61476295658508,195.55611728004303,2.892210350653867,1.1686494511834893,126.3065281597484,108.52399648641578,321722.4414023731
sturman_oft,open_field,False,55_04_A_190507142930DeepCut_resnet50_Blockcourse1May9shuffle1_1030000,earl,,15243,25,0.9859324215841615,0.013186380633733516,74.12521478641679,229.33639078246674,3.0939052445685715,1.3854776127673822,126.13274372231386,108.83906012409192,333719.30182270857
sturman_oft,open_field,False,55_04_A_190507142930DeepCut_resnet50_Blockcourse1May9shuffle1_1030000,earr,,15243,25,0.986975797356047,0.012530341796234338,70.19107782593142,151.80955671958048,2.162804182834416,1.2134259116615405,127.41694210765019,109.85860311698242,326946.48814318364
sturman_oft,open_field,False,55_04_A_190507142930DeepCut_resnet50_Blockcourse1May9shuffle1_1030000,bodycentre,body_center,15243,25,0.989629877418747,0.010234205864987207,65.38481833775226,339.093370897712,5.186117810193935,1.4408575763569202,124.0994504567152,107.50527605022008,468594.9931721435
sturman_oft,open_field,False,55_04_A_190507142930DeepCut_resnet50_Blockcourse1May9shuffle1_1030000,bcl,,15243,25,0.9892483784529447,0.010562225283736798,66.70735464828992,305.08448985389003,4.573476065156948,1.3854089960099767,123.19706416663321,106.22131585504032,275659.6478224637
sturman_oft,open_field,False,55_04_A_190507142930DeepCut_resnet50_Blockcourse1May9shuffle1_1030000,bcr,,15243,25,0.9896793849416772,0.009971790329987535,63.58776780077118,226.43079915494204,3.5609175630190295,1.1747932369635488,124.74108171728597,108.09219975539553,318232.632845695
sturman_oft,open_field,False,55_04_A_190507142930DeepCut_resnet50_Blockcourse1May9shuffle1_1030000,hipl,,15243,25,0.9896676817380138,0.009250147608738437,66.40235830485442,276.18710391230917,4.159296611790943,1.4290114650892378,120.20565748198554,104.45679877843162,333320.71995941584
sturman_oft,open_field,False,55_04_A_190507142930DeepCut_resnet50_Blockcourse1May9shuffle1_1030000,hipr,,15243,25,0.9890296039095328,0.009906186446237617,60.857279907701795,190.0937231211468,3.123598744627584,1.195910531556271,121.59041325885899,105.77133178621304,319570.17945188325
sturman_oft,open_field,False,55_04_A_190507142930DeepCut_resnet50_Blockcourse1May9shuffle1_1030000,tailbase,tail_base,15243,25,0.9837709514009102,0.012399134028734502,64.63235815382919,171.03658683729148,2.646299651178027,1.1861362353811273,118.14373202304903,102.79063916266348,188260.9074710735
sturman_oft,open_field,False,55_04_A_190507142930DeepCut_resnet50_Blockcourse1May9shuffle1_1030000,tailcentre,,15243,25,0.9780573475895017,0.019090730171226138,89.56638373580004,242.72660790485614,2.7100190694406403,2.2909082288608125,115.90053744934627,101.54511846885161,245943.10613118557
sturman_oft,open_field,False,55_04_A_190507142930DeepCut_resnet50_Blockcourse1May9shuffle1_1030000,tailtip,,15243,25,0.9381992096883109,0.05294233418618382,147.4389102408232,478.7862482302691,3.2473534119875893,4.733091448064737,112.7897679996595,98.89889846369402,238890.0063029259
sturman_oft,open_field,False,56_04_A_190507144511DeepCut_resnet50_Blockcourse1May9shuffle1_1030000,tl,,15227,25,0.9720702367476518,0.02699152820647534,15.571784227334348,12.653934936461264,0.812619462980282,0.41819950355989266,1.2221274044619317,1.6487552419489093,351.5618379361985
sturman_oft,open_field,False,56_04_A_190507144511DeepCut_resnet50_Blockcourse1May9shuffle1_1030000,tr,,15227,25,0.974081407470854,0.024758652393774217,12.35603702026818,11.02680133653015,0.8924221672727571,0.33037054970602253,1.0215088488223345,0.8491360698286569,340.83104571021613
sturman_oft,open_field,False,56_04_A_190507144511DeepCut_resnet50_Blockcourse1May9shuffle1_1030000,bl,,15227,25,0.9841370956308383,0.014842056872660405,15.768547186383087,11.134155026861388,0.7060989763518782,0.41483553463327955,1.3620221324381345,1.6384948668893164,520.2292146325163
sturman_oft,open_field,False,56_04_A_190507144511DeepCut_resnet50_Blockcourse1May9shuffle1_1030000,br,,15227,25,0.9671357135133248,0.03132593419583634,15.837477074731677,13.678223629830415,0.8636617792901938,0.41836858949045,2.601738747206518,1.7787292043993153,1290.9868217188932
sturman_oft,open_field,False,56_04_A_190507144511DeepCut_resnet50_Blockcourse1May9shuffle1_1030000,centre,,15227,25,0.9152909966857621,0.07683719708412688,38.27670439324067,125.26208863823496,3.272541108851449,1.1284016398313255,11.056381251595191,9.053870500459093,82744.47981910674
sturman_oft,open_field,False,56_04_A_190507144511DeepCut_resnet50_Blockcourse1May9shuffle1_1030000,nose,nose,15227,25,0.9368795698800121,0.0540487292309713,111.40708298615884,219.14591344384598,1.9670734352776524,1.9190830815402526,131.2840856044888,101.23329129025667,381721.49772889784
sturman_oft,open_field,False,56_04_A_190507144511DeepCut_resnet50_Blockcourse1May9shuffle1_1030000,headcentre,head,15227,25,0.9885503413477268,0.010047941157155054,97.240580723622,239.0242842232923,2.4580713365199776,1.5758239520064992,129.39958810893108,99.90884341987037,363123.40354016644
sturman_oft,open_field,False,56_04_A_190507144511DeepCut_resnet50_Blockcourse1May9shuffle1_1030000,neck,neck,15227,25,0.9909240633587879,0.008865830432783871,87.72898580384053,236.5508844156926,2.6963822988289583,1.3365169900591025,127.75913329862718,98.03695949820622,318837.41234183946
sturman_oft,open_field,False,56_04_A_190507144511DeepCut_resnet50_Blockcourse1May9shuffle1_1030000,earl,,15227,25,0.9901495244354743,0.009456885794969462,93.3196428829317,238.27017996297803,2.553269307533516,1.600358415343078,128.44264193837552,98.95913733838896,329551.3100057942
sturman_oft,open_field,False,56_04_A_190507144511DeepCut_resnet50_Blockcourse1May9shuffle1_1030000,earr,,15227,25,0.9910305274259381,0.008603139160701385,90.36753282784038,189.23460174360827,2.0940551968384487,1.4762103329604224,128.121043584679,98.71662077535218,314663.82774933235
sturman_oft,open_field,False,56_04_A_190507144511DeepCut_resnet50_Blockcourse1May9shuffle1_1030000,bodycentre,body_center,15227,25,0.9927206765178967,0.006895645892165233,77.84952755071755,232.02814864313103,2.9804695794970484,1.3573403323455064,124.77642624816896,96.26017646507962,260940.31287865265
sturman_oft,open_field,False,56_04_A_190507144511DeepCut_resnet50_Blockcourse1May9shuffle1_1030000,bcl,,15227,25,0.9906106057945707,0.009456885794969462,80.1536347411512,208.77468105887166,2.6046813938393476,1.3533351640266642,125.66296049478001,96.06054259978256,275337.22770175483
sturman_oft,open_field,False,56_04_A_190507144511DeepCut_resnet50_Blockcourse1May9shuffle1_1030000,bcr,,15227,25,0.9931202108124734,0.006370263348000262,81.03500269569601,242.79649339647887,2.996192821862823,1.471562856454277,124.36451557426886,96.1683763203431,388238.8129981899
sturman_oft,open_field,False,56_04_A_190507144511DeepCut_resnet50_Blockcourse1May9shuffle1_1030000,hipl,,15227,25,0.9905568289198581,0.008406120706639523,82.09289167956362,255.55242807296693,3.1129665777942708,1.566087690678346,122.8278606825846,93.18216241541847,334436.69131002965
sturman_oft,open_field,False,56_04_A_190507144511DeepCut_resnet50_Blockcourse1May9shuffle1_1030000,hipr,,15227,25,0.9897961932897896,0.008143429434557037,78.79782917383335,227.23891565975276,2.883822029645618,1.5105018125202936,120.61345502500582,93.19546503337418,302149.0755023302
sturman_oft,open_field,False,56_04_A_190507144511DeepCut_resnet50_Blockcourse1May9shuffle1_1030000,tailbase,tail_base,15227,25,0.989259101145609,0.010047941157155054,81.5304949299567,198.20624783470475,2.4310688657659303,1.3759242654719506,118.65799466893546,90.0411097546773,262838.4175434004
sturman_oft,open_field,False,56_04_A_190507144511DeepCut_resnet50_Blockcourse1May9shuffle1_1030000,tailcentre,,15227,25,0.9775982444575386,0.020095882314310108,106.16187203450345,164.23245483832085,1.547000365488506,2.5277988207904194,113.97978242088158,86.87179452929571,209376.70407208978
sturman_oft,open_field,False,56_04_A_190507144511DeepCut_resnet50_Blockcourse1May9shuffle1_1030000,tailtip,,15227,25,0.9823645454387198,0.014645038418598542,408.9157117298543,1199.998806020376,2.9345871816565023,18.523800149533642,100.59848101039643,79.52606463581199,209623.32492470733
sturman_oft,open_field,False,57_04_A_190507150030DeepCut_resnet50_Blockcourse1May9shuffle1_1030000,tl,,15227,25,0.974333089666795,0.024364615485650488,13.802080043897709,11.360688508293192,0.8231142314897728,0.38100380242331516,1.0617364973997518,1.7815134810643982,425.36606519792474
sturman_oft,open_field,False,57_04_A_190507150030DeepCut_resnet50_Blockcourse1May9shuffle1_1030000,tr,,15227,25,0.9709767725605156,0.027713929204702174,12.067533137821378,11.156754393800659,0.9245265180862683,0.32331416732826423,1.087261558130814,1.561311407504264,611.719653785935
sturman_oft,open_field,False,57_04_A_190507150030DeepCut_resnet50_Blockcourse1May9shuffle1_1030000,bl,,15227,25,0.9862567828983458,0.012083798515794313,14.779923144057104,10.919098909031488,0.738779139959329,0.3766756011917099,1.2625483718284187,1.8638097351999199,753.1875735069926
sturman_oft,open_field,False,57_04_A_190507150030DeepCut_resnet50_Blockcourse1May9shuffle1_1030000,br,,15227,25,0.9730584202901262,0.025349707755959808,16.814071097158116,32.88201206945606,1.955624659813275,0.44546508914083,3.208045404718644,1.574056743948468,5256.775849902783
sturman_oft,open_field,False,57_04_A_190507150030DeepCut_resnet50_Blockcourse1May9shuffle1_1030000,centre,,15227,25,0.9518931722240939,0.043935115255795625,29.575652602425414,69.71299847619076,2.357107699813657,0.8343574269206454,6.146790802351041,7.175164352120273,31344.28578356849
sturman_oft,open_field,False,57_04_A_190507150030DeepCut_resnet50_Blockcourse1May9shuffle1_1030000,nose,nose,15227,25,0.9542703230797348,0.03730216063571288,86.85727013167757,269.4386137090018,3.10208475698726,1.7806474751617365,126.55952124419005,103.82904914031178,388515.26279696147
sturman_oft,open_field,False,57_04_A_190507150030DeepCut_resnet50_Blockcourse1May9shuffle1_1030000,headcentre,head,15227,25,0.988978590059556,0.009653904249031326,69.46197645707079,249.1719297293659,3.5871701676004033,1.3142306025146773,124.55427011230078,102.81674605124937,365802.25669217313
sturman_oft,open_field,False,57_04_A_190507150030DeepCut_resnet50_Blockcourse1May9shuffle1_1030000,neck,neck,15227,25,0.9910690489582218,0.008537466342680764,61.20105128160102,206.52229209788163,3.3744892901859154,1.1025882060383518,122.48289060356032,101.10639470288287,328797.19440323557
sturman_oft,open_field,False,57_04_A_190507150030DeepCut_resnet50_Blockcourse1May9shuffle1_1030000,earl,,15227,25,0.990052824141106,0.009062848886845734,66.21355054666796,283.4954274583517,4.281531878562249,1.25455940747176,123.0873620229017,102.16725659677273,393856.7576223647
sturman_oft,open_field,False,57_04_A_190507150030DeepCut_resnet50_Blockcourse1May9shuffle1_1030000,earr,,15227,25,0.9909629866127553,0.00880015761476325,63.57157112712951,155.78393562713094,2.450528323668397,1.125521024176791,122.85329052527041,101.60893396715458,322445.84479031584
sturman_oft,open_field,False,57_04_A_190507150030DeepCut_resnet50_Blockcourse1May9shuffle1_1030000,bodycentre,body_center,15227,25,0.9915661555435087,0.0083404478886189,53.37727977485105,172.64572135363213,3.2344421087373387,1.0086290254833243,119.28671458041558,99.16753174762673,321309.23712957546
sturman_oft,open_field,False,57_04_A_190507150030DeepCut_resnet50_Blockcourse1May9shuffle1_1030000,bcl,,15227,25,0.9914355511137526,0.0083404478886189,55.105725065837454,188.56621354566232,3.421898783118691,1.094699491167177,120.0726648322689,99.43935564283075,280986.4718450673
sturman_oft,open_field,False,57_04_A_190507150030DeepCut_resnet50_Blockcourse1May9shuffle1_1030000,bcr,,15227,25,0.9909209294822389,0.0083404478886189,58.48136176503395,219.02357682472044,3.7451859911318754,1.1530724948703641,118.35895741228968,99.14547605578018,317866.071225526
sturman_oft,open_field,False,57_04_A_190507150030DeepCut_resnet50_Blockcourse1May9shuffle1_1030000,hipl,,15227,25,0.9905564667923809,0.008209102252577658,59.66202678812431,270.4792156480964,4.533523753871786,1.3013019953429164,117.43226497956792,97.24214976237351,331830.422349425
sturman_oft,open_field,False,57_04_A_190507150030DeepCut_resnet50_Blockcourse1May9shuffle1_1030000,hipr,,15227,25,0.9868461050285469,0.009982268339134433,64.09553015867434,320.59663545874076,5.001856364477749,1.509105593888945,114.69626686065155,96.68937310003038,307957.13591651723
sturman_oft,open_field,False,57_04_A_190507150030DeepCut_resnet50_Blockcourse1May9shuffle1_1030000,tailbase,tail_base,15227,25,0.9881974993578327,0.011295724699546858,57.93062963461222,140.63781302952887,2.427693500253293,1.0823214879213976,113.54134934163974,94.92251960131516,250480.08281086755
sturman_oft,open_field,False,57_04_A_190507150030DeepCut_resnet50_Blockcourse1May9shuffle1_1030000,tailcentre,,15227,25,0.9746377715499526,0.021475011492743154,88.71095990645203,265.1089377861288,2.9884575487143072,2.3936900680915265,112.15675150026925,93.18697732485828,231585.05422337638
sturman_oft,open_field,False,57_04_A_190507150030DeepCut_resnet50_Blockcourse1May9shuffle1_1030000,tailtip,,15227,25,0.9480015040520431,0.04524857161620805,132.97250857381906,322.3547472675227,2.424220996692478,4.016325133242502,111.22264830998927,90.35480780001456,256844.75527938464
sturman_oft,open_field,False,58_04_A_190507151611DeepCut_resnet50_Blockcourse1May9shuffle1_1030000,tl,,15226,25,0.9744111273129948,0.02456324707736766,15.477627174053579,11.638448615632578,0.7519530277317358,0.4259384647707574,1.225260478885636,1.4016822944001732,368.87519273426517
sturman_oft,open_field,False,58_04_A_190507151611DeepCut_resnet50_Blockcourse1May9shuffle1_1030000,tr,,15226,25,0.9696202573420167,0.02922632339419414,12.922438080089162,13.782966190504219,1.0665917766509523,0.34954363992801507,1.2134535381198706,1.0915379908946432,271.00918997053174
sturman_oft,open_field,False,58_04_A_190507151611DeepCut_resnet50_Blockcourse1May9shuffle1_1030000,bl,,15226,25,0.9819512153214386,0.016353605674504137,17.400885212876755,12.262499064688066,0.704705474156783,0.46105696653479744,1.418364884423053,1.8592676117410172,502.2485640907764
sturman_oft,open_field,False,58_04_A_190507151611DeepCut_resnet50_Blockcourse1May9shuffle1_1030000,br,,15226,25,0.9685327702888314,0.030080126100091947,15.602466345320924,11.803510554817814,0.756515687557154,0.40834749286081207,2.8523284905997537,1.691945902592007,1319.8113531942465
sturman_oft,open_field,False,58_04_A_190507151611DeepCut_resnet50_Blockcourse1May9shuffle1_1030000,centre,,15226,25,0.9376679971005778,0.056613687114146855,34.0415559022332,81.81113831268165,2.403272592699403,0.9356429647662944,8.51296298522096,7.268709739541926,25197.15178902813
sturman_oft,open_field,False,58_04_A_190507151611DeepCut_resnet50_Blockcourse1May9shuffle1_1030000,nose,nose,15226,25,0.9507397959055545,0.041442269801655066,98.07229618180877,244.44013225869506,2.492448344490131,1.7708127353662177,122.56582720968795,101.15882943612931,343324.3210115796
sturman_oft,open_field,False,58_04_A_190507151611DeepCut_resnet50_Blockcourse1May9shuffle1_1030000,headcentre,head,15226,25,0.9892130997151813,0.009720215420990412,85.61748558342832,268.06125911055113,3.1309172102390694,1.4379060898545313,120.77907598296794,99.86466471700578,375350.45289015095
sturman_oft,open_field,False,58_04_A_190507151611DeepCut_resnet50_Blockcourse1May9shuffle1_1030000,neck,neck,15226,25,0.991892839478676,0.007618547221857349,75.60033582364788,232.98724935082856,3.0818282328046203,1.2149518502634487,119.60081890856708,98.23141780198131,328124.8809368841
sturman_oft,open_field,False,58_04_A_190507151611DeepCut_resnet50_Blockcourse1May9shuffle1_1030000,earl,,15226,25,0.9901798359788421,0.008669381321423881,80.51528599886292,230.56574320889445,2.8636269541680646,1.3943845870680383,120.24690137044296,98.4752481257558,328853.7424428216
sturman_oft,open_field,False,58_04_A_190507151611DeepCut_resnet50_Blockcourse1May9shuffle1_1030000,earr,,15226,25,0.9920356661966028,0.007093130172074084,77.72223703223891,181.64613150741042,2.33711918806537,1.2906070629485344,119.59207915382977,99.29468360786923,331416.50966652745
sturman_oft,open_field,False,58_04_A_190507151611DeepCut_resnet50_Blockcourse1May9shuffle1_1030000,bodycentre,body_center,15226,25,0.9924278110167866,0.007355838696965717,67.46283154571366,281.5179993453578,4.172934827892566,1.2135073153726041,117.26493001926346,96.83722495377909,381874.8772639905
sturman_oft,open_field,False,58_04_A_190507151611DeepCut_resnet50_Blockcourse1May9shuffle1_1030000,bcl,,15226,25,0.9926056878299448,0.006961775909628268,69.91894001613744,204.9459344063971,2.931193384211705,1.197404790148319,118.0341756946646,96.12501846392088,319268.3203850874
sturman_oft,open_field,False,58_04_A_190507151611DeepCut_resnet50_Blockcourse1May9shuffle1_1030000,bcr,,15226,25,0.9923063552905739,0.0075528700906344415,68.40546036737815,182.5227033425431,2.6682475691602283,1.1450282017052318,116.66429371561524,97.2020759868572,323365.24948635325
sturman_oft,open_field,False,58_04_A_190507151611DeepCut_resnet50_Blockcourse1May9shuffle1_1030000,hipl,,15226,25,0.990354753794846,0.008800735583869696,72.24659475175206,313.66097646684267,4.3415330168102635,1.3502983287635266,116.19749616200912,94.11118685081887,422460.2539750053
sturman_oft,open_field,False,58_04_A_190507151611DeepCut_resnet50_Blockcourse1May9shuffle1_1030000,hipr,,15226,25,0.9896249170511136,0.008669381321423881,65.4881271717834,164.3578013944099,2.5097343364741396,1.170605279629759,113.70215914288981,95.00879860273507,309581.2218607668
sturman_oft,open_field,False,58_04_A_190507151611DeepCut_resnet50_Blockcourse1May9shuffle1_1030000,tailbase,tail_base,15226,25,0.9898648480970975,0.009194798371207145,68.17878857578938,163.4920414116697,2.3979898268495563,1.0669294349844876,113.2002180051652,92.54941050321598,187928.68633855108
sturman_oft,open_field,False,58_04_A_190507151611DeepCut_resnet50_Blockcourse1May9shuffle1_1030000,tailcentre,,15226,25,0.9758340836326819,0.018717982398528833,92.39856953421038,186.46775605635702,2.018080550341396,2.126755283927803,112.14676109771123,90.9090740868626,213502.19538396935
sturman_oft,open_field,False,58_04_A_190507151611DeepCut_resnet50_Blockcourse1May9shuffle1_1030000,tailtip,,15226,25,0.9429743891944243,0.05398660186523053,125.42933157037223,217.2582318475219,1.7321166359371771,3.429450534367791,111.55383036806822,90.16312468672614,236673.9068342007
sturman_oft,open_field,False,59_04_A_190507153228DeepCut_resnet50_Blockcourse1May9shuffle1_1030000,tl,,15232,25,0.9785521279535249,0.02081144957983193,13.601413616154879,10.796360797217913,0.7937675525428249,0.37477723299234245,1.0182074657211122,1.4138076979312402,322.6831001972787
sturman_oft,open_field,False,59_04_A_190507153228DeepCut_resnet50_Blockcourse1May9shuffle1_1030000,tr,,15232,25,0.9646516807334294,0.03433560924369748,12.475133436689521,11.45109346467883,0.9179135055181874,0.3371014282720482,1.0401824829496056,1.3710662891664118,531.4592096509
sturman_oft,open_field,False,59_04_A_190507153228DeepCut_resnet50_Blockcourse1May9shuffle1_1030000,bl,,15232,25,0.9812283313719696,0.01608455882352941,15.043955723715486,15.95253263481173,1.0603948142218973,0.38490530406025464,1.650561199440363,2.4917123198535274,1980.1831071746756
sturman_oft,open_field,False,59_04_A_190507153228DeepCut_resnet50_Blockcourse1May9shuffle1_1030000,br,,15232,25,0.9688478370819303,0.030330882352941176,14.379923081274507,10.923551412948099,0.7596390711694915,0.3688577421457239,1.386422722096597,1.4268092257657332,901.2985959384404
sturman_oft,open_field,False,59_04_A_190507153228DeepCut_resnet50_Blockcourse1May9shuffle1_1030000,centre,,15232,25,0.955079023724328,0.03788077731092437,32.52639955016368,90.97829178199761,2.797060020174898,0.9409511543219089,6.61544173246214,6.899932080231172,22401.05232885003
sturman_oft,open_field,False,59_04_A_190507153228DeepCut_resnet50_Blockcourse1May9shuffle1_1030000,nose,nose,15232,25,0.9283083517519178,0.06151523109243697,88.80035809346731,230.16076748770945,2.591890082756789,1.6913642398113906,132.96156813197686,109.52700524713728,396728.25091415655
sturman_oft,open_field,False,59_04_A_190507153228DeepCut_resnet50_Blockcourse1May9shuffle1_1030000,headcentre,head,15232,25,0.9853474840780079,0.012670693277310924,74.83856247675267,272.9469194172138,3.6471427347632464,1.3944208118666017,131.07513631908859,107.86527507460546,374999.0377519294
sturman_oft,open_field,False,59_04_A_190507153228DeepCut_resnet50_Blockcourse1May9shuffle1_1030000,neck,neck,15232,25,0.9905922817136747,0.008928571428571428,64.41119776003768,215.1058195910993,3.3395717991842147,1.1327288887184588,129.0705213888485,105.37504089248652,327776.12113567756
sturman_oft,open_field,False,59_04_A_190507153228DeepCut_resnet50_Blockcourse1May9shuffle1_1030000,earl,,15232,25,0.9888082981821807,0.009913340336134453,69.13522302414236,230.35763769737804,3.33198661436206,1.215314837042437,129.31425599600115,106.312068339254,231430.06956408324
sturman_oft,open_field,False,59_04_A_190507153228DeepCut_resnet50_Blockcourse1May9shuffle1_1030000,earr,,15232,25,0.9907149815630606,0.008797268907563025,68.79151733102358,214.4820851923925,3.1178565833968808,1.254901159947885,130.10757767923832,105.92906744133435,330072.10534267797
sturman_oft,open_field,False,59_04_A_190507153228DeepCut_resnet50_Blockcourse1May9shuffle1_1030000,bodycentre,body_center,15232,25,0.9915104943988923,0.007943802521008403,57.145608122236965,195.89455866537622,3.4279897458847435,1.1657141885727809,125.72583602151745,102.49096009981547,322852.6772909628
sturman_oft,open_field,False,59_04_A_190507153228DeepCut_resnet50_Blockcourse1May9shuffle1_1030000,bcl,,15232,25,0.9920666431616835,0.007681197478991596,58.93670186109356,201.70421342896594,3.422387189299421,1.0811896728974206,125.42519855366145,102.86088101839735,213878.90092711328
sturman_oft,open_field,False,59_04_A_190507153228DeepCut_resnet50_Blockcourse1May9shuffle1_1030000,bcr,,15232,25,0.990432744063124,0.008140756302521009,61.486450983780124,248.06288680284794,4.034431697290285,1.328271314080163,125.61105315507652,102.21556818097157,322328.6642214093
sturman_oft,open_field,False,59_04_A_190507153228DeepCut_resnet50_Blockcourse1May9shuffle1_1030000,hipl,,15232,25,0.9883089964728051,0.010635504201680673,58.93890217643031,235.638130993182,3.9980067882467916,1.2551496225452097,122.21454746422387,99.56774940677927,330681.2666826295
sturman_oft,open_field,False,59_04_A_190507153228DeepCut_resnet50_Blockcourse1May9shuffle1_1030000,hipr,,15232,25,0.9810957402507422,0.01523109243697479,63.10145999887255,286.29866521013986,4.537116339546743,1.3967540270256114,120.9983228217654,97.84185262183314,308709.1082768296
sturman_oft,open_field,False,59_04_A_190507153228DeepCut_resnet50_Blockcourse1May9shuffle1_1030000,tailbase,tail_base,15232,25,0.9868257904323522,0.012342436974789915,59.72817320945958,154.01254337375457,2.57855774081104,1.0750895341847047,118.21835985634243,95.51928972506138,246104.95088884782
sturman_oft,open_field,False,59_04_A_190507153228DeepCut_resnet50_Blockcourse1May9shuffle1_1030000,tailcentre,,15232,25,0.9776103383423213,0.019892331932773108,83.49007017094414,253.52356438323935,3.0365714613025867,2.162516529039566,113.52296044985854,91.02120098674948,368313.5482690253
sturman_oft,open_field,False,59_04_A_190507153228DeepCut_resnet50_Blockcourse1May9shuffle1_1030000,tailtip,,15232,25,0.9546561973568585,0.03985031512605042,113.09114589581374,253.38501948697876,2.2405380852751464,3.2060379851699263,109.66338621283951,87.62861490833778,225090.06072226097
sturman_oft,open_field,False,5_01_A_190507125512DeepCut_resnet50_Blockcourse1May9shuffle1_1030000,tl,,15238,25,0.9767661355274495,0.02231263945399659,12.698893110622144,9.600239091723598,0.7559902275020616,0.33327304931315804,1.0953899776478386,1.6083970784763888,253.33573410698455
sturman_oft,open_field,False,5_01_A_190507125512DeepCut_resnet50_Blockcourse1May9shuffle1_1030000,tr,,15238,25,0.9685242946206749,0.030712691954324713,8.59975078854182,9.294660853813141,1.0808058375595266,0.21382535763779467,0.8654717172733717,0.8522930010372028,306.6952693518988
sturman_oft,open_field,False,5_01_A_190507125512DeepCut_resnet50_Blockcourse1May9shuffle1_1030000,bl,,15238,25,0.9860413863204692,0.012468827930174564,12.288213572205377,12.289542291125164,1.0001081295431578,0.302940803254525,1.9065375953067007,1.9016366576414423,962.7978152393478
sturman_oft,open_field,False,5_01_A_190507125512DeepCut_resnet50_Blockcourse1May9shuffle1_1030000,br,,15238,25,0.9751246190083623,0.02369077306733167,11.537929079581144,12.963040533348854,1.1235153591201867,0.316101072712926,9.413870410441255,1.4509590863899293,3063.874943024265
sturman_oft,open_field,False,5_01_A_190507125512DeepCut_resnet50_Blockcourse1May9shuffle1_1030000,centre,,15238,25,0.9124677111813365,0.07960362252264076,43.5644131877866,85.64523267189571,1.965944825257203,1.3219381318974002,12.100671711947157,9.040379580826837,31269.833221678153
sturman_oft,open_field,False,5_01_A_190507125512DeepCut_resnet50_Blockcourse1May9shuffle1_1030000,nose,nose,15238,25,0.9411658926133895,0.04921905761911012,89.26420450824259,213.31087848245437,2.389657530222626,1.586547519899668,131.43370491644143,108.30506112763771,332963.0269942379
sturman_oft,open_field,False,5_01_A_190507125512DeepCut_resnet50_Blockcourse1May9shuffle1_1030000,headcentre,head,15238,25,0.9873706263469608,0.011615697598109988,78.75018802263908,263.290353205912,3.3433615819459557,1.2722589493280883,128.6480792499241,106.66272777964168,278592.2284791826
sturman_oft,open_field,False,5_01_A_190507125512DeepCut_resnet50_Blockcourse1May9shuffle1_1030000,neck,neck,15238,25,0.9890534162231905,0.0106969418558866,67.21497871364089,113.78019030659999,1.6927802773150171,1.0553330468368087,126.20792129145478,104.29830900843062,246310.4602154311
sturman_oft,open_field,False,5_01_A_190507125512DeepCut_resnet50_Blockcourse1May9shuffle1_1030000,earl,,15238,25,0.9881605510676309,0.011353195957474735,71.04032837217834,115.7779504223313,1.6297496517157661,1.1479626448477152,127.00308890246224,105.4378317836476,245934.96765257596
sturman_oft,open_field,False,5_01_A_190507125512DeepCut_resnet50_Blockcourse1May9shuffle1_1030000,earr,,15238,25,0.9894335685826643,0.010303189394933718,70.80948331477515,87.4109930815216,1.2344531973626527,1.1117113920920811,127.28830024006116,104.87777856865488,238564.77993033835
sturman_oft,open_field,False,5_01_A_190507125512DeepCut_resnet50_Blockcourse1May9shuffle1_1030000,bodycentre,body_center,15238,25,0.990418520133269,0.009450059062869142,59.27168912134792,107.95492569666936,1.8213573342857066,0.9297096557545527,122.61241145029868,101.76781452373002,240277.97774086427
sturman_oft,open_field,False,5_01_A_190507125512DeepCut_resnet50_Blockcourse1May9shuffle1_1030000,bcl,,15238,25,0.9911177649415374,0.00846567791048694,62.87951020339016,190.87533164842895,3.035572812686093,1.0896253694637656,122.40134259457092,101.92288015565084,273507.2531782144
sturman_oft,open_field,False,5_01_A_190507125512DeepCut_resnet50_Blockcourse1May9shuffle1_1030000,bcr,,15238,25,0.9902006701575691,0.009450059062869142,64.2395360115614,176.55523167234213,2.7483889615978376,1.011730011025613,123.12427911010454,102.13970655841162,274973.667979293
sturman_oft,open_field,False,5_01_A_190507125512DeepCut_resnet50_Blockcourse1May9shuffle1_1030000,hipl,,15238,25,0.9907579485540675,0.008793804961281008,62.51103715854955,172.21527058825015,2.754957818912088,1.1510346014858734,118.69430263225114,98.71279990309371,335024.96876262955
sturman_oft,open_field,False,5_01_A_190507125512DeepCut_resnet50_Blockcourse1May9shuffle1_1030000,hipr,,15238,25,0.9878464690878379,0.010500065625410159,61.716234482425335,130.34323798594906,2.11197651767083,1.1172832415391296,118.34337875472706,97.86584002526911,291673.5946915286
sturman_oft,open_field,False,5_01_A_190507125512DeepCut_resnet50_Blockcourse1May9shuffle1_1030000,tailbase,tail_base,15238,25,0.9894092446597703,0.010303189394933718,63.3637341951513,112.55810972059614,1.7763806245057014,1.0136183401857728,114.54122726932485,95.01880899189482,144363.7875142398
sturman_oft,open_field,False,5_01_A_190507125512DeepCut_resnet50_Blockcourse1May9shuffle1_1030000,tailcentre,,15238,25,0.9842123069511591,0.014043837773986087,85.83135196889309,150.26452495362892,1.750695072449606,1.9208986022269126,109.73882242776789,90.48955966372012,160069.6378159548
sturman_oft,open_field,False,5_01_A_190507125512DeepCut_resnet50_Blockcourse1May9shuffle1_1030000,tailtip,,15238,25,0.9657064224575617,0.028547053419083868,120.967619707634,311.1033269964641,2.571790101750932,3.3333175838548703,103.88850911013579,85.79633170414824,349303.24014930916
sturman_oft,open_field,False,6_01_A_190507131058DeepCut_resnet50_Blockcourse1May9shuffle1_1030000,tl,,15241,25,0.9748921660811137,0.02467029722459156,14.321447877920054,12.101157356052326,0.8449674543527936,0.3768096915081736,0.9997259804629971,1.1829366928838625,318.5115231602026
sturman_oft,open_field,False,6_01_A_190507131058DeepCut_resnet50_Blockcourse1May9shuffle1_1030000,tr,,15241,25,0.9739208619595043,0.02552325962863329,11.126252550299698,8.9656042731933,0.8058062885649492,0.28821999949398347,0.8540847142894432,0.5534157288306,166.75917713368835
sturman_oft,open_field,False,6_01_A_190507131058DeepCut_resnet50_Blockcourse1May9shuffle1_1030000,bl,,15241,25,0.9795649164923298,0.01824027294796929,13.826467532461113,10.390806743010783,0.751515650589404,0.34639766950965895,2.1636311698341406,1.3607108862777753,729.744685008685
sturman_oft,open_field,False,6_01_A_190507131058DeepCut_resnet50_Blockcourse1May9shuffle1_1030000,br,,15241,25,0.9633394478382804,0.03549635850665967,9.961085266211667,11.112990251747586,1.1156405105218024,0.2788403894394606,1.4654211212144541,1.591948541649255,522.4557910010882
sturman_oft,open_field,False,6_01_A_190507131058DeepCut_resnet50_Blockcourse1May9shuffle1_1030000,centre,,15241,25,0.8892408000144829,0.09795945147956171,38.293204480423746,89.33400666284456,2.3328945141823767,1.087577132624113,7.0559521669705765,8.355474878397956,18669.69128223297
sturman_oft,open_field,False,6_01_A_190507131058DeepCut_resnet50_Blockcourse1May9shuffle1_1030000,nose,nose,15241,25,0.9307222533324565,0.06042910570172561,76.20684610394146,230.57034890092908,3.0255857667491615,1.4903317115175596,133.59269938196,98.41387546258996,314119.1071216111
sturman_oft,open_field,False,6_01_A_190507131058DeepCut_resnet50_Blockcourse1May9shuffle1_1030000,headcentre,head,15241,25,0.9794218239293981,0.019093235352011025,63.702279638589545,188.40324781016932,2.957558958314554,1.1251006198068978,131.51743446567338,97.06780628858809,326667.11816757364
sturman_oft,open_field,False,6_01_A_190507131058DeepCut_resnet50_Blockcourse1May9shuffle1_1030000,neck,neck,15241,25,0.9849498101782825,0.014762810839183781,54.66571663496232,159.80289549098595,2.923274500508084,0.9436947738579079,129.8848874145126,95.17983540956166,248956.2720036953
sturman_oft,open_field,False,6_01_A_190507131058DeepCut_resnet50_Blockcourse1May9shuffle1_1030000,earl,,15241,25,0.9843130254282444,0.015222098287513943,61.496468164479374,208.57274599994184,3.391621539014079,1.1529381843366013,130.67704201288564,95.91217813061681,380471.6833862852
sturman_oft,open_field,False,6_01_A_190507131058DeepCut_resnet50_Blockcourse1May9shuffle1_1030000,earr,,15241,25,0.9848435460234493,0.014828423331802376,58.999641211241354,189.80631344612678,3.2170757236734264,1.088721096159983,130.33120254729488,95.91697045863839,243508.80790418247
sturman_oft,open_field,False,6_01_A_190507131058DeepCut_resnet50_Blockcourse1May9shuffle1_1030000,bodycentre,body_center,15241,25,0.9866912019205065,0.01318811101633751,49.83385703189249,218.10219863810343,4.3765867550353,0.9649941235081714,127.36167368910908,93.69468981147216,279545.68391657394
sturman_oft,open_field,False,6_01_A_190507131058DeepCut_resnet50_Blockcourse1May9shuffle1_1030000,bcl,,15241,25,0.9869412534795841,0.012663211075388755,52.21840735565728,187.18915938827502,3.5847351320644054,0.9952654351780446,126.87286180969757,92.86029069846892,180838.66590003986
sturman_oft,open_field,False,6_01_A_190507131058DeepCut_resnet50_Blockcourse1May9shuffle1_1030000,bcr,,15241,25,0.9866843860740385,0.012991273538481727,53.35362348264753,271.14856691031105,5.082102193087187,1.0373831788121064,126.76601447065069,93.81945976313943,278813.42924449564
sturman_oft,open_field,False,6_01_A_190507131058DeepCut_resnet50_Blockcourse1May9shuffle1_1030000,hipl,,15241,25,0.9857388932020065,0.013975460927760646,53.437140128782865,236.0345269384319,4.417050133476296,1.1570600193241416,124.47255194122785,91.06204383800255,318486.1971943743
sturman_oft,open_field,False,6_01_A_190507131058DeepCut_resnet50_Blockcourse1May9shuffle1_1030000,hipr,,15241,25,0.9843810059491452,0.014500360868709402,51.20321909542125,214.34871432130976,4.186235125605169,1.0104532619672628,122.88267324363473,91.33813802486056,331122.87122901337
sturman_oft,open_field,False,6_01_A_190507131058DeepCut_resnet50_Blockcourse1May9shuffle1_1030000,tailbase,tail_base,15241,25,0.9848453947314518,0.014959648317039564,49.583131165869894,89.72724519301478,1.8096324915998394,0.8524693261026726,119.23532513071856,87.88731936800313,155073.10324541436
sturman_oft,open_field,False,6_01_A_190507131058DeepCut_resnet50_Blockcourse1May9shuffle1_1030000,tailcentre,,15241,25,0.980715651711128,0.017846597992257726,68.69515437610217,147.62377573236455,2.148969269711988,1.7074910382219688,113.63334000101511,85.5355481997779,225620.7096371907
sturman_oft,open_field,False,6_01_A_190507131058DeepCut_resnet50_Blockcourse1May9shuffle1_1030000,tailtip,,15241,25,0.9638684179813998,0.032412571353585724,86.92655988926893,203.3892163776754,2.339782186673003,2.380170951546476,106.26757537191304,82.94758285700085,254582.03193693655
sturman_oft,open_field,False,7_01_A_190507132652DeepCut_resnet50_Blockcourse1May9shuffle1_1030000,tl,,15238,25,0.973267670651874,0.02592203701273133,11.512963404836617,10.006201787697787,0.8691247801147499,0.3187777696747227,1.0527416802207579,1.5222037790291536,275.3868023973111
sturman_oft,open_field,False,7_01_A_190507132652DeepCut_resnet50_Blockcourse1May9shuffle1_1030000,tr,,15238,25,0.9726896365924307,0.026972043575272345,10.019194499232036,9.348946734468878,0.9331036277602425,0.25220883643358677,0.9217266395407994,0.8004141921382778,228.81736874501613
sturman_oft,open_field,False,7_01_A_190507132652DeepCut_resnet50_Blockcourse1May9shuffle1_1030000,bl,,15238,25,0.9875067141029775,0.00938443365271033,16.24778896757472,13.639410590275052,0.8394625642599655,0.4256286390285899,1.82135170715636,1.486075444518672,732.4962498105987
sturman_oft,open_field,False,7_01_A_190507132652DeepCut_resnet50_Blockcourse1May9shuffle1_1030000,br,,15238,25,0.9760976031037325,0.022640766504790653,10.982003174722966,9.79573222494139,0.8919804583091007,0.28820421587405265,1.309245708580125,1.418134996517076,536.7359348859286
sturman_oft,open_field,False,7_01_A_190507132652DeepCut_resnet50_Blockcourse1May9shuffle1_1030000,centre,,15238,25,0.9090652953535573,0.07947237170232314,48.61396750892919,117.45249230199892,2.4160235899369,1.3617019531799461,18.14119065779053,9.93162428098418,113579.59261128132
sturman_oft,open_field,False,7_01_A_190507132652DeepCut_resnet50_Blockcourse1May9shuffle1_1030000,nose,nose,15238,25,0.9483641992522469,0.04508465677910487,91.91174754683384,183.17859326965979,1.9929834668448745,1.5615197680752964,119.09539270236054,94.89512284947546,302011.4658832323
sturman_oft,open_field,False,7_01_A_190507132652DeepCut_resnet50_Blockcourse1May9shuffle1_1030000,headcentre,head,15238,25,0.9871869255260683,0.01240320252001575,79.65855676353915,229.93000849821547,2.8864445684190163,1.1454839152527585,117.03028843132256,93.80861511852027,294340.8242642493
sturman_oft,open_field,False,7_01_A_190507132652DeepCut_resnet50_Blockcourse1May9shuffle1_1030000,neck,neck,15238,25,0.9884894273364492,0.011418821367633548,70.23580077663433,227.79775691974078,3.2433282514168087,1.1201955852256706,115.91269288889222,92.50827444499258,248811.97174218512
sturman_oft,open_field,False,7_01_A_190507132652DeepCut_resnet50_Blockcourse1May9shuffle1_1030000,earl,,15238,25,0.9875166253642095,0.011943824648904056,71.78034958774755,127.82229736629405,1.780742196163844,1.1302154082206988,116.67338390468973,93.60181785872581,260328.66367398849
sturman_oft,open_field,False,7_01_A_190507132652DeepCut_resnet50_Blockcourse1May9shuffle1_1030000,earr,,15238,25,0.9885721417479604,0.01109069431683948,72.30594307894438,170.20394506579,2.353941291934462,1.1692209802904776,115.1289634389636,92.40426461876335,240406.2983650333
sturman_oft,open_field,False,7_01_A_190507132652DeepCut_resnet50_Blockcourse1May9shuffle1_1030000,bodycentre,body_center,15238,25,0.9896334582409969,0.010303189394933718,59.69475621917136,167.78832019870183,2.8107715120346786,0.9924554868334023,113.0423871998052,90.98056529715518,304327.19758323015
sturman_oft,open_field,False,7_01_A_190507132652DeepCut_resnet50_Blockcourse1May9shuffle1_1030000,bcl,,15238,25,0.9892099429294027,0.010565691035568972,64.06913979578657,228.14858988854596,3.560974762822551,1.0077619855934097,114.07717624274963,91.52869200687283,273922.74463024427
sturman_oft,open_field,False,7_01_A_190507132652DeepCut_resnet50_Blockcourse1May9shuffle1_1030000,bcr,,15238,25,0.989301637280549,0.010500065625410159,64.31829842885078,209.13837790670215,3.2516155280141943,1.0910795504530677,111.44005599060614,90.00086986752092,301885.57010670094
sturman_oft,open_field,False,7_01_A_190507132652DeepCut_resnet50_Blockcourse1May9shuffle1_1030000,hipl,,15238,25,0.9887966099123674,0.01089381808636304,65.27277406850189,239.86738760988513,3.674845922101476,1.1788877442525383,111.99499096650764,90.26399597158378,372323.1826861051
sturman_oft,open_field,False,7_01_A_190507132652DeepCut_resnet50_Blockcourse1May9shuffle1_1030000,hipr,,15238,25,0.9875170105022151,0.011418821367633548,59.51666662481608,155.38710751506864,2.610816706093523,1.0897976371637128,107.18290472948784,86.85531269272462,282933.2132710861
sturman_oft,open_field,False,7_01_A_190507132652DeepCut_resnet50_Blockcourse1May9shuffle1_1030000,tailbase,tail_base,15238,25,0.9847290995068118,0.014503215645097782,62.418300186308684,108.8262310075296,1.7434987925448246,1.0178087376488556,107.45873246087552,86.84464521663251,236312.04436051598
sturman_oft,open_field,False,7_01_A_190507132652DeepCut_resnet50_Blockcourse1May9shuffle1_1030000,tailcentre,,15238,25,0.9836924964615109,0.01483134269589185,87.12864029177993,162.86799395843514,1.8692819423442875,1.9993780127473928,107.23587340574726,86.71479324910888,247945.46731008086
sturman_oft,open_field,False,7_01_A_190507132652DeepCut_resnet50_Blockcourse1May9shuffle1_1030000,tailtip,,15238,25,0.9590608983379224,0.03615960099750624,118.48985143859663,214.90041844477417,1.8136609661979286,3.2428698731907835,106.22048332026324,87.35188779522281,286834.7542034011
sturman_oft,open_field,False,8_01_A_190507134142DeepCut_resnet50_Blockcourse1May9shuffle1_1030000,tl,,15241,25,0.969423113110325,0.029197559215274588,11.930651104173247,18.13102811386679,1.5197014777780822,0.31563093913380874,3.212314364980662,2.9418430366803006,25302.35307476581
sturman_oft,open_field,False,8_01_A_190507134142DeepCut_resnet50_Blockcourse1May9shuffle1_1030000,tr,,15241,25,0.9720364563867618,0.02749163440719113,10.22235552046301,9.699760129803115,0.9488772045137964,0.2595856609619765,1.0468588827958996,0.8073407618631001,217.08577068342072
sturman_oft,open_field,False,8_01_A_190507134142DeepCut_resnet50_Blockcourse1May9shuffle1_1030000,bl,,15241,25,0.9873735873641778,0.008726461518273079,15.17512929206082,11.700832939544991,0.7710532618438066,0.3795598928704837,1.872214495525515,1.7541596771543275,617.0716533786948
sturman_oft,open_field,False,8_01_A_190507134142DeepCut_resnet50_Blockcourse1May9shuffle1_1030000,br,,15241,25,0.9677485629166294,0.02834459681123286,12.736400393078686,15.73570795500688,1.2354909919099357,0.3330854864897959,2.6111335299378355,2.1266941821057337,5884.894671636994
sturman_oft,open_field,False,8_01_A_190507134142DeepCut_resnet50_Blockcourse1May9shuffle1_1030000,centre,,15241,25,0.9470934615885442,0.046322419788727774,27.398142873999497,115.37614360353966,4.211093581566443,0.7793523874485436,7.865271165465896,7.317186959283004,93634.11976226256
sturman_oft,open_field,False,8_01_A_190507134142DeepCut_resnet50_Blockcourse1May9shuffle1_1030000,nose,nose,15241,25,0.9371080146214599,0.05294928154320583,84.15875484965353,152.75919288845628,1.815131333173297,1.6287072732044703,127.55842099063149,104.1715285479435,211835.55785244706
sturman_oft,open_field,False,8_01_A_190507134142DeepCut_resnet50_Blockcourse1May9shuffle1_1030000,headcentre,head,15241,25,0.9858580117783797,0.01259759858277016,71.93708284802862,191.55921792409595,2.6628716419982754,1.2750743456474516,125.97363492702107,102.7516758700084,278487.80152413185
sturman_oft,open_field,False,8_01_A_190507134142DeepCut_resnet50_Blockcourse1May9shuffle1_1030000,neck,neck,15241,25,0.9915195513714894,0.007545436651138377,62.71797498483251,210.3399414902005,3.3537425521322772,1.1136509208240297,124.342291842168,101.20267646292912,245709.32752966005
sturman_oft,open_field,False,8_01_A_190507134142DeepCut_resnet50_Blockcourse1May9shuffle1_1030000,earl,,15241,25,0.9891717246093272,0.01003871137064497,66.86018591716842,185.91078266962728,2.7805902738581665,1.1549890825270464,124.70518448956452,101.68879751746564,262336.13517425605
sturman_oft,open_field,False,8_01_A_190507134142DeepCut_resnet50_Blockcourse1May9shuffle1_1030000,earr,,15241,25,0.9900207416051235,0.008792074010891673,65.71894756335394,163.60049893154252,2.4893962091195916,1.2145564581229855,125.11483497743382,102.2358840295746,242322.03161158392
sturman_oft,open_field,False,8_01_A_190507134142DeepCut_resnet50_Blockcourse1May9shuffle1_1030000,bodycentre,body_center,15241,25,0.9938335921826791,0.005905124335673512,53.92753988982194,177.0859123649661,3.2837750938901733,1.0202589769478496,121.98657571001714,98.86120028245651,244007.2201029763
sturman_oft,open_field,False,8_01_A_190507134142DeepCut_resnet50_Blockcourse1May9shuffle1_1030000,bcl,,15241,25,0.9933415535698333,0.006495636769240864,56.462355265419184,162.7608841058926,2.882644256350687,1.05060569607969,121.59963121028348,98.30108987868384,271997.8930594959
sturman_oft,open_field,False,8_01_A_190507134142DeepCut_resnet50_Blockcourse1May9shuffle1_1030000,bcr,,15241,25,0.9941665276217262,0.005577061872580539,61.413603985783894,258.27983928524355,4.205580238297537,1.1210586007476984,122.58313392271101,99.92253299673906,312872.08358669246
sturman_oft,open_field,False,8_01_A_190507134142DeepCut_resnet50_Blockcourse1May9shuffle1_1030000,hipl,,15241,25,0.992923296240557,0.006692474247096647,60.876501263495626,257.014917867536,4.221906852942846,1.3074087172020405,119.07252690421126,95.8863494584193,318362.5987104891
sturman_oft,open_field,False,8_01_A_190507134142DeepCut_resnet50_Blockcourse1May9shuffle1_1030000,hipr,,15241,25,0.992301499643755,0.006823699232333836,61.21021249537644,240.5769872667726,3.930340664720691,1.2975204343106288,119.51240295265853,96.95402133210581,299039.4797587276
sturman_oft,open_field,False,8_01_A_190507134142DeepCut_resnet50_Blockcourse1May9shuffle1_1030000,tailbase,tail_base,15241,25,0.9805078381519369,0.018437110425825076,61.38045865895959,218.8433226222015,3.565358216661963,1.2350021430271654,117.43815773338906,94.54417609762739,171176.98162686054
sturman_oft,open_field,False,8_01_A_190507134142DeepCut_resnet50_Blockcourse1May9shuffle1_1030000,tailcentre,,15241,25,0.9871999275108686,0.010563611311593727,83.24035528125408,258.5349423748125,3.1058846577632897,2.1181042745164667,115.62103031889731,91.52420520845264,369313.05168129265
sturman_oft,open_field,False,8_01_A_190507134142DeepCut_resnet50_Blockcourse1May9shuffle1_1030000,tailtip,,15241,25,0.967460150227022,0.02624499704743783,145.7419104841642,612.432652033489,4.202172525383725,4.56335379955645,112.57946171043477,89.040862892363,401891.9704498293
sturman_oft,open_field,False,9_01_A_190507135719DeepCut_resnet50_Blockcourse1May9shuffle1_1030000,tl,,15245,25,0.9736151587106862,0.025122991144637587,11.332588675574458,8.588995240265332,0.7579023192448082,0.306234921140986,1.0292286191861557,1.3184769346488796,303.8857205101881
sturman_oft,open_field,False,9_01_A_190507135719DeepCut_resnet50_Blockcourse1May9shuffle1_1030000,tr,,15245,25,0.9646871104753381,0.03476549688422433,10.258928229106168,10.281432242793354,1.002193602799885,0.2625090159173766,0.9279510983888695,0.6828767960000944,225.72446662651703
sturman_oft,open_field,False,9_01_A_190507135719DeepCut_resnet50_Blockcourse1May9shuffle1_1030000,bl,,15245,25,0.9865315575840513,0.010692030173827484,16.7524335758474,11.872097088820464,0.7086789531245719,0.41518555862733536,1.9748400619641564,1.4966588572975457,558.8103195790341
sturman_oft,open_field,False,9_01_A_190507135719DeepCut_resnet50_Blockcourse1May9shuffle1_1030000,br,,15245,25,0.9758617050435043,0.023023942276156117,12.697396742317029,11.34916426939294,0.8938181975183315,0.33269558201999,2.430894518113019,2.109817467779009,2668.68124047889
sturman_oft,open_field,False,9_01_A_190507135719DeepCut_resnet50_Blockcourse1May9shuffle1_1030000,centre,,15245,25,0.9284761182966291,0.05975729747458183,46.29842136428689,94.99907696151223,2.0518858777934805,1.3338930057761935,9.58400261712843,8.146728648277064,36657.05081454985
sturman_oft,open_field,False,9_01_A_190507135719DeepCut_resnet50_Blockcourse1May9shuffle1_1030000,nose,nose,15245,25,0.9624487494964918,0.029649065267300753,93.95028512587069,160.21923392889008,1.7053618699957642,1.6020224622800887,123.91198127878764,103.85945752608498,222993.3327730231
sturman_oft,open_field,False,9_01_A_190507135719DeepCut_resnet50_Blockcourse1May9shuffle1_1030000,headcentre,head,15245,25,0.9947820480669785,0.003935716628402755,80.2211800109804,146.6263402966844,1.827775910010482,1.28326298667112,121.82765317600166,101.9459132894247,213230.9197590935
sturman_oft,open_field,False,9_01_A_190507135719DeepCut_resnet50_Blockcourse1May9shuffle1_1030000,neck,neck,15245,25,0.9955556029138036,0.0034765496884224334,71.2297244115717,164.2399394956529,2.3057781123321477,1.1133565803740937,119.94571498130628,99.56125316269647,299237.9042391591
sturman_oft,open_field,False,9_01_A_190507135719DeepCut_resnet50_Blockcourse1May9shuffle1_1030000,earl,,15245,25,0.9959855741811761,0.003148573302722204,75.55849012394242,154.48860076744413,2.044622656091045,1.2090860520462183,120.4532550611137,100.54054911646071,200900.71060821135
sturman_oft,open_field,False,9_01_A_190507135719DeepCut_resnet50_Blockcourse1May9shuffle1_1030000,earr,,15245,25,0.9952005038401384,0.0036077402427025255,75.03179055019307,158.73796668539316,2.115609470617714,1.2325070978286836,120.8701438512018,100.47610476065918,295527.82101530896
sturman_oft,open_field,False,9_01_A_190507135719DeepCut_resnet50_Blockcourse1May9shuffle1_1030000,bodycentre,body_center,15245,25,0.9969018765006468,0.0025582158084617905,61.22854199910725,137.77608158703902,2.2501937346319285,0.9683428367339237,117.00258292691257,97.0053592229258,291106.9448974154
sturman_oft,open_field,False,9_01_A_190507135719DeepCut_resnet50_Blockcourse1May9shuffle1_1030000,bcl,,15245,25,0.9973621992644188,0.0020334535913414235,65.1975415647557,181.72954841410504,2.787368113161247,1.0899561185698357,117.13500651273566,96.98104167368176,222755.76731697944
sturman_oft,open_field,False,9_01_A_190507135719DeepCut_resnet50_Blockcourse1May9shuffle1_1030000,bcr,,15245,25,0.9964845270162803,0.0028861921941620203,63.66584270289807,128.53834049934179,2.0189529430903255,1.0032899010700067,117.10676122512253,97.47555211469876,291851.08001690026
sturman_oft,open_field,False,9_01_A_190507135719DeepCut_resnet50_Blockcourse1May9shuffle1_1030000,hipl,,15245,25,0.9959257121710122,0.003148573302722204,65.26235366451483,185.16460924410316,2.8372346206812167,1.2368150324324292,114.35879518522569,93.63166599405267,309857.7290133122
sturman_oft,open_field,False,9_01_A_190507135719DeepCut_resnet50_Blockcourse1May9shuffle1_1030000,hipr,,15245,25,0.9930402570921854,0.005706789111183995,61.48634702519803,130.1064350201169,2.1160215448609643,1.0901894883925851,114.42507337503615,94.14161775058214,280609.1610926061
sturman_oft,open_field,False,9_01_A_190507135719DeepCut_resnet50_Blockcourse1May9shuffle1_1030000,tailbase,tail_base,15245,25,0.9927554258482305,0.006362741882584454,64.28176387646303,76.75155884481171,1.1939865090247552,1.0484891339080398,111.91314393719419,90.99750583507004,152090.4879978295
sturman_oft,open_field,False,9_01_A_190507135719DeepCut_resnet50_Blockcourse1May9shuffle1_1030000,tailcentre,,15245,25,0.9838636375345453,0.01397179403082978,90.02876498510312,155.5759933703752,1.7280698385245874,2.2087241052816453,109.44587554886718,88.02562789324978,208355.93668957087
sturman_oft,open_field,False,9_01_A_190507135719DeepCut_resnet50_Blockcourse1May9shuffle1_1030000,tailtip,,15245,25,0.9705310127312099,0.02204001311905543,175.02127583707852,580.3144221317083,3.3156793044515553,5.6782169849082145,106.04332462702556,84.62157021748268,351094.35104266636
patterns2025_batch1,novel_object,False,new_Trial     1DLC_resnet50_NORT-topdownMar1shuffle1_100000,nose,nose,14601,30,0.9975208512855454,0.0,142.3889616147269,97.96512286478128,0.6880106558389918,1.8859316207471488,150.6417104191399,151.5094657447475,274717.71669171023
patterns2025_batch1,novel_object,False,new_Trial     1DLC_resnet50_NORT-topdownMar1shuffle1_100000,headcenter,head,14601,30,0.9994820377596616,0.0,121.01012675927373,86.35853628892265,0.7136471847576549,1.3043435464633997,148.50747286134202,148.44922736566787,232570.75686047605
patterns2025_batch1,novel_object,False,new_Trial     1DLC_resnet50_NORT-topdownMar1shuffle1_100000,neck,neck,14601,30,0.9990689882872227,0.0,108.84586655007513,84.92822994922945,0.7802614159000494,1.1940986998033467,145.69779229978934,145.09453795297216,209886.75565358734
patterns2025_batch1,novel_object,False,new_Trial     1DLC_resnet50_NORT-topdownMar1shuffle1_100000,earl,,14601,30,0.9985243966380061,0.0,118.05052978592227,87.32486252962556,0.7397244441679686,1.4096999021662253,147.42473989183668,146.88320154345456,237521.5868403206
patterns2025_batch1,novel_object,False,new_Trial     1DLC_resnet50_NORT-topdownMar1shuffle1_100000,earr,,14601,30,0.9987214961596347,0.0,116.4622046108591,86.08110574882994,0.7391334041499298,1.3150228267479105,147.51311213753362,147.35925739826874,234101.16453805164
patterns2025_batch1,novel_object,False,new_Trial     1DLC_resnet50_NORT-topdownMar1shuffle1_100000,bodycenter,body_center,14601,30,0.998527032460638,0.0,100.06467118982324,85.30448688959956,0.8524935511732854,1.1068128492638802,142.54276623796076,141.79938133856135,189055.0770558572
patterns2025_batch1,novel_object,False,new_Trial     1DLC_resnet50_NORT-topdownMar1shuffle1_100000,bcl,,14601,30,0.9980331964341266,0.0,105.0489944520958,86.45894247211653,0.8230344604730447,1.2026978823633727,142.75396687091634,141.5814962445528,207468.7630691696
patterns2025_batch1,novel_object,False,new_Trial     1DLC_resnet50_NORT-topdownMar1shuffle1_100000,bcr,,14601,30,0.9969852044234397,0.0,102.10339034807377,85.82532355438609,0.8405727102871391,1.1318086124310727,143.52211369974805,142.90083751079746,208898.92948389417
patterns2025_batch1,novel_object,False,new_Trial     1DLC_resnet50_NORT-topdownMar1shuffle1_100000,hipl,,14601,30,0.9972172294256745,0.0,99.95576298821852,90.82849568620637,0.9086869328075865,1.27618487318593,139.74686080481362,138.19940629675065,189730.61518539605
patterns2025_batch1,novel_object,False,new_Trial     1DLC_resnet50_NORT-topdownMar1shuffle1_100000,hipr,,14601,30,0.9952963169090846,0.0,97.03061947852937,90.14121437679844,0.9289976180843059,1.2094289069114967,140.4446691163276,139.2875319288744,193129.27704827744
patterns2025_batch1,novel_object,False,new_Trial     1DLC_resnet50_NORT-topdownMar1shuffle1_100000,tailbase,tail_base,14601,30,0.9996971886261351,0.0,102.65728986211076,91.1501230107147,0.8879069682547388,1.1834275988548968,134.63557875954788,132.56383669343256,175903.35981124177
patterns2025_batch1,novel_object,False,new_Trial     2DLC_resnet50_NORT-topdownMar1shuffle1_100000,nose,nose,14734,30,0.9978280790272538,0.0,99.97114038273962,88.32962892006242,0.8835512787179614,1.3841134389815544,135.96945055493322,134.08519859557293,269563.55002121266
patterns2025_batch1,novel_object,False,new_Trial     2DLC_resnet50_NORT-topdownMar1shuffle1_100000,headcenter,head,14734,30,0.999283094265025,0.0,83.51932077209213,78.21162012278081,0.9364494275067803,1.006797089323894,133.5517363238904,133.54733227450086,225517.2920793938
patterns2025_batch1,novel_object,False,new_Trial     2DLC_resnet50_NORT-topdownMar1shuffle1_100000,neck,neck,14734,30,0.9989850389572308,0.0,74.49006025493682,75.26637510803897,1.0104217240588242,0.9104502654097897,130.7542291713835,132.6772839686511,199589.5873170088
patterns2025_batch1,novel_object,False,new_Trial     2DLC_resnet50_NORT-topdownMar1shuffle1_100000,earl,,14734,30,0.9982090910998552,0.0,81.73668102405303,78.54415230556424,0.9609412973650189,1.0674646596918496,131.7833996709827,132.69075654389033,226198.3639325304
patterns2025_batch1,novel_object,False,new_Trial     2DLC_resnet50_NORT-topdownMar1shuffle1_100000,earr,,14734,30,0.9985174198147074,0.0,80.29020270566032,77.26711898974523,0.962348037319104,1.0198608382955359,132.97540998386572,133.79074403377302,215803.50540133193
patterns2025_batch1,novel_object,False,new_Trial     2DLC_resnet50_NORT-topdownMar1shuffle1_100000,bodycenter,body_center,14734,30,0.9986783814904355,0.0,67.85184043921373,74.18032571422879,1.093269176400374,0.8028560823411177,128.0508081811346,131.91974390343051,180118.11685869587
patterns2025_batch1,novel_object,False,new_Trial     2DLC_resnet50_NORT-topdownMar1shuffle1_100000,bcl,,14734,30,0.997923824159944,0.0,72.40091583328099,76.28936781926116,1.0537072209823173,0.8850002025771594,127.49989127494177,131.0532616235894,198713.28784515982
patterns2025_batch1,novel_object,False,new_Trial     2DLC_resnet50_NORT-topdownMar1shuffle1_100000,bcr,,14734,30,0.9975247455206366,0.0,68.66693273454112,73.87783279954539,1.0758866001070564,0.8417777607214469,129.47565809687524,132.6763799163316,191665.63414277334
patterns2025_batch1,novel_object,False,new_Trial     2DLC_resnet50_NORT-topdownMar1shuffle1_100000,hipl,,14734,30,0.9969183308865915,0.0,69.65801225704806,79.38818876225788,1.1396849578380743,0.9238427281143433,125.17292707457003,130.63094857454996,187075.46393658186
patterns2025_batch1,novel_object,False,new_Trial     2DLC_resnet50_NORT-topdownMar1shuffle1_100000,hipr,,14734,30,0.9970572679583602,0.0,64.6327700641124,75.43101306668119,1.1670707133835898,0.8496999766597985,127.3201840968707,132.27595063975565,181393.15384630833
patterns2025_batch1,novel_object,False,new_Trial     2DLC_resnet50_NORT-topdownMar1shuffle1_100000,tailbase,tail_base,14734,30,0.9994983887703169,0.0,71.27114496577832,81.79804519292512,1.1477021343238054,0.8725070517098549,123.87701179125334,131.46625149557397,179455.2656585784
patterns2025_batch1,novel_object,False,new_Trial     3DLC_resnet50_NORT-topdownMar1shuffle1_100000,nose,nose,14923,30,0.9944379383722195,0.00026804261877638546,121.47562494143716,91.38779846957858,0.7523138778963782,1.7313910535887627,125.08716076469817,127.95820844629492,259857.05361274537
patterns2025_batch1,novel_object,False,new_Trial     3DLC_resnet50_NORT-topdownMar1shuffle1_100000,headcenter,head,14923,30,0.9988440621404859,0.0,102.92350524924022,76.83104875875773,0.746486903770943,1.1947856541037432,123.647271779748,127.16749353228684,220371.05897306837
patterns2025_batch1,novel_object,False,new_Trial     3DLC_resnet50_NORT-topdownMar1shuffle1_100000,neck,neck,14923,30,0.9985937284479063,0.0,91.54552593086116,74.62890496550001,0.8152108386144697,1.089941616008242,121.72932798241735,125.89237258989634,199485.58801835636
patterns2025_batch1,novel_object,False,new_Trial     3DLC_resnet50_NORT-topdownMar1shuffle1_100000,earl,,14923,30,0.9975032731426359,0.0,99.41679672442719,77.05780317179011,0.7750984311573241,1.2599723259491187,124.09522696419943,126.15127840112443,223766.50835751963
patterns2025_batch1,novel_object,False,new_Trial     3DLC_resnet50_NORT-topdownMar1shuffle1_100000,earr,,14923,30,0.9977872581246439,0.0,99.88211869739241,77.49974616547932,0.7759121169653621,1.2305252435638585,121.71624008244864,127.35817232292304,216441.01484046318
patterns2025_batch1,novel_object,False,new_Trial     3DLC_resnet50_NORT-topdownMar1shuffle1_100000,bodycenter,body_center,14923,30,0.9982730092147891,0.0,83.89880393833494,73.77916581641855,0.879382808253688,0.9904526752822452,120.03035483882648,124.34177939113113,180824.5249289514
patterns2025_batch1,novel_object,False,new_Trial     3DLC_resnet50_NORT-topdownMar1shuffle1_100000,bcl,,14923,30,0.9969184171823556,0.0,86.42515102708262,75.21423701488007,0.8702818117299044,1.077119809210771,122.10557243752001,123.4645057814936,192307.72153846594
patterns2025_batch1,novel_object,False,new_Trial     3DLC_resnet50_NORT-topdownMar1shuffle1_100000,bcr,,14923,30,0.9962792327246972,0.0,87.05941978568521,75.2803441039857,0.8647007330086033,1.0603110338791382,118.4947673551067,125.37320206891411,196137.43584271232
patterns2025_batch1,novel_object,False,new_Trial     3DLC_resnet50_NORT-topdownMar1shuffle1_100000,hipl,,14923,30,0.9965223371243658,0.0,82.95844263082064,80.12343271447254,0.9658261434708414,1.108185665042838,121.17679104633177,122.08384738020801,181156.0005852452
patterns2025_batch1,novel_object,False,new_Trial     3DLC_resnet50_NORT-topdownMar1shuffle1_100000,hipr,,14923,30,0.9951638177797125,0.0,82.37541878217343,78.7402753073917,0.9558710167605436,1.0937853324705136,116.5481687400042,123.86811088118814,182104.93165713095
patterns2025_batch1,novel_object,False,new_Trial     3DLC_resnet50_NORT-topdownMar1shuffle1_100000,tailbase,tail_base,14923,30,0.9993275673541372,0.0,85.38577452430992,80.87613619993807,0.9471851330096218,1.0444390256055123,117.52488642382491,121.05854619746276,174328.6418379332
patterns2025_batch1,novel_object,False,new_Trial     4DLC_resnet50_NORT-topdownMar1shuffle1_100000,nose,nose,14999,30,0.9981173629347138,0.0,116.21431843481325,91.93255441635047,0.7910604790744191,1.4725885679156123,150.7358561572351,138.4361391465167,269492.91540776566
patterns2025_batch1,novel_object,False,new_Trial     4DLC_resnet50_NORT-topdownMar1shuffle1_100000,headcenter,head,14999,30,0.9993975622128293,0.0,98.67899563965622,85.93876613683703,0.8708921851075341,1.1021695424032791,148.26254373621478,136.88785510873137,224594.2826067533
patterns2025_batch1,novel_object,False,new_Trial     4DLC_resnet50_NORT-topdownMar1shuffle1_100000,neck,neck,14999,30,0.9988862432212112,0.0,90.11651201384491,85.92205484849435,0.9534551762866038,1.0368240832304512,144.95457883668726,134.98899836771113,201543.73746501387
patterns2025_batch1,novel_object,False,new_Trial     4DLC_resnet50_NORT-topdownMar1shuffle1_100000,earl,,14999,30,0.9983988277148673,0.0,95.03106204467214,86.59972724749079,0.9112781166939085,1.1766137314456278,146.68916500961916,134.94903073743163,220376.84110710787
patterns2025_batch1,novel_object,False,new_Trial     4DLC_resnet50_NORT-topdownMar1shuffle1_100000,earr,,14999,30,0.9985644522210154,0.0,96.6121690547786,87.18321109567893,0.9024040340740771,1.1599067112869113,147.20657621680422,137.41056465220768,221455.45039551216
patterns2025_batch1,novel_object,False,new_Trial     4DLC_resnet50_NORT-topdownMar1shuffle1_100000,bodycenter,body_center,14999,30,0.9987026458621399,0.0,84.43661512922223,86.32061396147964,1.0223125812110554,0.9078275915010668,141.32260207819166,132.95124061920703,181160.6219601442
patterns2025_batch1,novel_object,False,new_Trial     4DLC_resnet50_NORT-topdownMar1shuffle1_100000,bcl,,14999,30,0.9984914276614031,0.0,84.96559625768693,85.8464821440939,1.01036755963832,0.9397787914702055,141.9165203896134,131.0757420317541,189801.3427383472
patterns2025_batch1,novel_object,False,new_Trial     4DLC_resnet50_NORT-topdownMar1shuffle1_100000,bcr,,14999,30,0.9972161489754122,0.0,88.08157790441346,87.63753815524232,0.9949587670914227,0.9488388174952007,142.08725098966374,135.15689465745567,194356.25376057916
patterns2025_batch1,novel_object,False,new_Trial     4DLC_resnet50_NORT-topdownMar1shuffle1_100000,hipl,,14999,30,0.9979479894438412,0.0,81.60199703160346,88.65123911775855,1.086385656510649,0.9965749874035769,138.999757515031,128.58496860187915,180627.1469147882
patterns2025_batch1,novel_object,False,new_Trial     4DLC_resnet50_NORT-topdownMar1shuffle1_100000,hipr,,14999,30,0.9958366689081788,0.0,85.6253854819269,91.5659411338495,1.0693784397989834,0.9960853271200947,138.30759371056172,132.78898007649434,183768.2081945229
patterns2025_batch1,novel_object,False,new_Trial     4DLC_resnet50_NORT-topdownMar1shuffle1_100000,tailbase,tail_base,14999,30,0.9996368276674721,0.0,85.25332771296368,90.73134338703838,1.0642557401690926,0.912676363036735,132.72483696389864,126.33932283471772,161044.44187817455
patterns2025_batch1,novel_object,False,new_Trial     5DLC_resnet50_NORT-topdownMar1shuffle1_100000,nose,nose,14999,30,0.9978058569049333,0.0,141.99357971320595,98.30185339191291,0.6922978742451583,1.6769422773762717,149.36006346640738,150.75298684708144,260551.55830995238
patterns2025_batch1,novel_object,False,new_Trial     5DLC_resnet50_NORT-topdownMar1shuffle1_100000,headcenter,head,14999,30,0.9993651387961564,0.0,127.17300646055564,94.0937518151627,0.739887767333291,1.2974284457209573,149.9375220842427,151.81809145229755,224688.58010198222
patterns2025_batch1,novel_object,False,new_Trial     5DLC_resnet50_NORT-topdownMar1shuffle1_100000,neck,neck,14999,30,0.998812037421446,0.0,117.84105816540685,95.70720877044162,0.81217200745179,1.2487733408652912,149.44256753985098,151.6124189516747,199255.65142805642
patterns2025_batch1,novel_object,False,new_Trial     5DLC_resnet50_NORT-topdownMar1shuffle1_100000,earl,,14999,30,0.9979986621186021,0.0,124.10459566738949,95.12283676135179,0.7664731209172044,1.3917368618844885,150.04433230109677,153.0799745287524,223074.37799849594
patterns2025_batch1,novel_object,False,new_Trial     5DLC_resnet50_NORT-topdownMar1shuffle1_100000,earr,,14999,30,0.998189400924,0.0,124.68167134678292,96.29035373204013,0.7722895650333664,1.4054283315040659,149.45120743861597,150.78108590738356,215950.638043645
patterns2025_batch1,novel_object,False,new_Trial     5DLC_resnet50_NORT-topdownMar1shuffle1_100000,bodycenter,body_center,14999,30,0.9987295937821089,0.0,110.62714838214973,97.69044124891774,0.8830602856313036,1.118657045080662,148.81687027290164,151.13378863380797,176541.05173292314
patterns2025_batch1,novel_object,False,new_Trial     5DLC_resnet50_NORT-topdownMar1shuffle1_100000,bcl,,14999,30,0.9981595268407832,0.0,113.42766720518351,97.35430665567617,0.8582941803746026,1.1807541031715703,149.31154697496396,152.8299689726978,198074.13242918864
patterns2025_batch1,novel_object,False,new_Trial     5DLC_resnet50_NORT-topdownMar1shuffle1_100000,bcr,,14999,30,0.9975619213296076,0.0,113.39730064013914,97.926812817269,0.8635726976256253,1.1820127914158385,147.88277344258998,149.23250311835426,184646.25013982714
patterns2025_batch1,novel_object,False,new_Trial     5DLC_resnet50_NORT-topdownMar1shuffle1_100000,hipl,,14999,30,0.9968893570624651,0.0,110.78404625503505,101.63434112373695,0.9174095418916669,1.298711428249132,149.184160436191,152.95775679012937,194552.37291333935
patterns2025_batch1,novel_object,False,new_Trial     5DLC_resnet50_NORT-topdownMar1shuffle1_100000,hipr,,14999,30,0.9962412751637361,0.0,109.60929922190984,101.68088931109033,0.9276666307776676,1.2208581556554636,147.19583117757165,147.95388380950865,177789.65160031876
patterns2025_batch1,novel_object,False,new_Trial     5DLC_resnet50_NORT-topdownMar1shuffle1_100000,tailbase,tail_base,14999,30,0.9921160424257948,6.667111140742716e-05,113.98241090335983,104.82227780450705,0.9196355558172987,1.2630087565316512,147.79362636262798,147.48096934234232,188366.03613639626
patterns2025_batch1,novel_object,False,new_Trial     6DLC_resnet50_NORT-topdownMar1shuffle1_100000,nose,nose,14999,30,0.9799822228268943,0.011200746716447763,122.74969289991316,99.20763103852343,0.8082108288402375,1.7416375053706856,160.3037314810864,153.44616008338656,250126.64333937992
patterns2025_batch1,novel_object,False,new_Trial     6DLC_resnet50_NORT-topdownMar1shuffle1_100000,headcenter,head,14999,30,0.9881205171947035,0.011400760050670044,107.4976144876045,94.20092822243281,0.8763071503628118,1.2517674993886148,159.56524360156496,153.27593753588536,198151.042342743
patterns2025_batch1,novel_object,False,new_Trial     6DLC_resnet50_NORT-topdownMar1shuffle1_100000,neck,neck,14999,30,0.9879754785582825,0.01126741782785519,96.24879332058613,97.27515291075933,1.0106636099504602,1.0726830243137233,157.38609160779117,151.78926685693656,193686.73718495472
patterns2025_batch1,novel_object,False,new_Trial     6DLC_resnet50_NORT-topdownMar1shuffle1_100000,earl,,14999,30,0.9873145199389518,0.01126741782785519,104.83401976372141,96.6192663094224,0.9216403847452028,1.2922352077202106,161.22503878067656,153.7993986093717,202098.65957516176
patterns2025_batch1,novel_object,False,new_Trial     6DLC_resnet50_NORT-topdownMar1shuffle1_100000,earr,,14999,30,0.9869174539317523,0.011400760050670044,105.10181703900275,95.68025305968841,0.9103577440928728,1.3036821327354824,156.81529409912346,152.04130458324434,186076.11037366145
patterns2025_batch1,novel_object,False,new_Trial     6DLC_resnet50_NORT-topdownMar1shuffle1_100000,bodycenter,body_center,14999,30,0.987803707931783,0.011200746716447763,88.11572427057806,98.11015360102957,1.1134239026369628,0.9327975703846231,153.66388279008908,149.458356947591,188436.62452790377
patterns2025_batch1,novel_object,False,new_Trial     6DLC_resnet50_NORT-topdownMar1shuffle1_100000,bcl,,14999,30,0.9869926001903144,0.011200746716447763,94.50762122023512,99.28125165678303,1.0505105342290195,1.0794354758011933,158.46417552644095,151.1330639717694,204311.01685913934
patterns2025_batch1,novel_object,False,new_Trial     6DLC_resnet50_NORT-topdownMar1shuffle1_100000,bcr,,14999,30,0.9863803565814756,0.011200746716447763,92.7677561789243,96.88864343145094,1.044421547122241,1.0403639954328285,150.9175736883852,148.42239377194886,200912.19890466984
patterns2025_batch1,novel_object,False,new_Trial     6DLC_resnet50_NORT-topdownMar1shuffle1_100000,hipl,,14999,30,0.985806619996237,0.011134075605040336,91.95966670508876,104.89518261082645,1.1406651020954808,1.1004067959841772,156.63190057937942,148.98078745636215,231424.9082674198
patterns2025_batch1,novel_object,False,new_Trial     6DLC_resnet50_NORT-topdownMar1shuffle1_100000,hipr,,14999,30,0.9854233928811666,0.011200746716447763,88.2664435592315,97.14468688773304,1.100584581982662,1.0235770875627426,145.51862414353167,145.5330640371693,192001.1545960964
patterns2025_batch1,novel_object,False,new_Trial     6DLC_resnet50_NORT-topdownMar1shuffle1_100000,tailbase,tail_base,14999,30,0.9886513303262309,0.010867391159410628,84.69247680291627,102.82093664639694,1.2140504154302456,0.8972255284665257,142.02497656075147,140.24908710154688,218293.28886532335
patterns2025_batch1,novel_object,False,new_Trial     7DLC_resnet50_NORT-topdownMar1shuffle1_100000,nose,nose,14961,30,0.9979942042526735,0.0,130.37360457669112,95.16928912259387,0.7299735972752933,1.7686010313303424,137.12658066350602,144.86894061473618,260776.1262127743
patterns2025_batch1,novel_object,False,new_Trial     7DLC_resnet50_NORT-topdownMar1shuffle1_100000,headcenter,head,14961,30,0.9995040346630977,0.0,107.4480806798024,82.72868232094503,0.7699409965960982,1.1737719648269114,134.71241244225422,143.43703477418487,219409.69095838536
patterns2025_batch1,novel_object,False,new_Trial     7DLC_resnet50_NORT-topdownMar1shuffle1_100000,neck,neck,14961,30,0.9991517857660323,0.0,95.07943552138069,80.83848114325119,0.8502204572414914,1.0603552641228915,131.84829557131687,141.26792015382,196635.8617272877
patterns2025_batch1,novel_object,False,new_Trial     7DLC_resnet50_NORT-topdownMar1shuffle1_100000,earl,,14961,30,0.9987217800820083,0.0,103.8244096079488,82.69513812951453,0.7964903286402448,1.2349844200153994,134.47576941653034,143.81250863712495,221763.73877728393
patterns2025_batch1,novel_object,False,new_Trial     7DLC_resnet50_NORT-topdownMar1shuffle1_100000,earr,,14961,30,0.9988584666438268,0.0,103.37748474143626,83.0625904873099,0.8034882130771784,1.1896059833852934,132.75019187892735,141.5079861448392,219783.90300084895
patterns2025_batch1,novel_object,False,new_Trial     7DLC_resnet50_NORT-topdownMar1shuffle1_100000,bodycenter,body_center,14961,30,0.9986583950183152,0.0,85.78447729949836,80.67895286395559,0.9404842857791402,0.9617002985830155,128.79712966378182,138.90754925656137,175382.22284771153
patterns2025_batch1,novel_object,False,new_Trial     7DLC_resnet50_NORT-topdownMar1shuffle1_100000,bcl,,14961,30,0.9981112421200353,0.0,89.68125971602821,81.34810380812087,0.9070802982217923,1.049688819817341,130.46839653837372,141.01113632162892,189968.86630714213
patterns2025_batch1,novel_object,False,new_Trial     7DLC_resnet50_NORT-topdownMar1shuffle1_100000,bcr,,14961,30,0.9972817648159104,0.0,88.4811206048607,81.28748542187164,0.918698642899038,1.0042247623716845,128.3495586113724,137.48389992643217,196238.81374428782
patterns2025_batch1,novel_object,False,new_Trial     7DLC_resnet50_NORT-topdownMar1shuffle1_100000,hipl,,14961,30,0.9973987782234958,0.0,84.17807923888661,84.64468917762939,1.0055431288402126,1.0645016474487032,127.9737414828519,139.20305836362516,189326.54238674557
patterns2025_batch1,novel_object,False,new_Trial     7DLC_resnet50_NORT-topdownMar1shuffle1_100000,hipr,,14961,30,0.9966988257805331,0.0,80.95966005902476,83.03476367845084,1.0256313282184388,0.9989555088105183,125.1616932835508,134.5492511675212,187915.3636501322
patterns2025_batch1,novel_object,False,new_Trial     7DLC_resnet50_NORT-topdownMar1shuffle1_100000,tailbase,tail_base,14961,30,0.9996487782302845,0.0,82.73397456719117,85.05813372594902,1.028091955824875,0.947624049257587,121.86301730626094,133.0082591184241,174807.97645840046
patterns2025_batch1,novel_object,False,new_Trial     8DLC_resnet50_NORT-topdownMar1shuffle1_100000,nose,nose,14999,30,0.9983136730477352,0.0,127.93499615059612,100.04151326755998,0.7819714407916823,1.5774748630423683,152.36732939240105,152.54461591982326,275086.92248696927
patterns2025_batch1,novel_object,False,new_Trial     8DLC_resnet50_NORT-topdownMar1shuffle1_100000,headcenter,head,14999,30,0.9994057559420231,0.0,109.42089291012226,92.85467396862843,0.8486009526983002,1.114279236948104,149.59162627957613,149.63160425931923,232824.55022221795
patterns2025_batch1,novel_object,False,new_Trial     8DLC_resnet50_NORT-topdownMar1shuffle1_100000,neck,neck,14999,30,0.998862202687775,0.0,99.87494795706839,92.10614916483301,0.9222147400209428,1.044826421648335,146.68932202028788,146.58731159554742,208844.99287627172
patterns2025_batch1,novel_object,False,new_Trial     8DLC_resnet50_NORT-topdownMar1shuffle1_100000,earl,,14999,30,0.9984573120434719,0.0,106.59361913032002,93.30784393325459,0.8753605018249506,1.2096656074500896,148.63596248698715,147.84040189573972,235762.2128775202
patterns2025_batch1,novel_object,False,new_Trial     8DLC_resnet50_NORT-topdownMar1shuffle1_100000,earr,,14999,30,0.9987166435831872,0.0,106.89822211465852,93.23176905365777,0.8721545336241217,1.1469392618344636,148.2549901348418,148.9241949977443,240672.5188148767
patterns2025_batch1,novel_object,False,new_Trial     8DLC_resnet50_NORT-topdownMar1shuffle1_100000,bodycenter,body_center,14999,30,0.9983218398576769,0.0,92.27429751634226,92.09286004823787,0.998033716072753,0.9562193534690105,143.65830792748287,143.39340649917443,186904.43165756948
patterns2025_batch1,novel_object,False,new_Trial     8DLC_resnet50_NORT-topdownMar1shuffle1_100000,bcl,,14999,30,0.9978710934594278,0.0,94.9207091031517,92.53710365560183,0.9748884572179126,1.0373066626139884,144.45541205417942,143.0771646827097,204289.25589281053
patterns2025_batch1,novel_object,False,new_Trial     8DLC_resnet50_NORT-topdownMar1shuffle1_100000,bcr,,14999,30,0.9964201513731732,0.0,94.81023595180702,92.31887647934128,0.9737226740609304,0.9935983812876703,143.8704764422735,144.28892923720718,211045.14617162928
patterns2025_batch1,novel_object,False,new_Trial     8DLC_resnet50_NORT-topdownMar1shuffle1_100000,hipl,,14999,30,0.9971719271453653,0.0,89.78209548595382,95.41839417317082,1.0627775355064952,1.0965332533938703,141.64792666100325,139.72433545521375,185874.4566495246
patterns2025_batch1,novel_object,False,new_Trial     8DLC_resnet50_NORT-topdownMar1shuffle1_100000,hipr,,14999,30,0.994632585345606,0.0,89.65190955974657,94.41797270853098,1.053161869860766,1.0347624354282454,140.44218501259547,140.4919976901139,191064.81090030744
patterns2025_batch1,novel_object,False,new_Trial     8DLC_resnet50_NORT-topdownMar1shuffle1_100000,tailbase,tail_base,14999,30,0.9996410729177905,0.0,92.08010666960371,96.06116473861495,1.0432347247738953,0.973139287117706,135.69890827986436,134.37680988176473,173351.9027734775
patterns2025_batch1,novel_object,False,new_Trial     9DLC_resnet50_NORT-topdownMar1shuffle1_100000,nose,nose,14999,30,0.9980249700923627,0.0,83.53244443281609,85.83014023906458,1.027506627177617,1.1329228370682471,145.37569432706712,133.8563683539342,267272.05695596203
patterns2025_batch1,novel_object,False,new_Trial     9DLC_resnet50_NORT-topdownMar1shuffle1_100000,headcenter,head,14999,30,0.9994735254852904,0.0,69.79999608047005,77.22501399266312,1.1063756207612536,0.8097949709887495,144.95705934927335,133.39372797806968,224201.7603812935
patterns2025_batch1,novel_object,False,new_Trial     9DLC_resnet50_NORT-topdownMar1shuffle1_100000,neck,neck,14999,30,0.9988420266089054,0.0,62.75382754228469,75.00550530930255,1.1952339522041497,0.7597151111685552,143.49766209148683,132.42982271140147,198280.13788599675
patterns2025_batch1,novel_object,False,new_Trial     9DLC_resnet50_NORT-topdownMar1shuffle1_100000,earl,,14999,30,0.998265199402474,0.0,67.98913870470884,77.0597005838841,1.1334119250807195,0.8494540275038085,143.78424615953222,132.83649195740662,223860.74860724894
patterns2025_batch1,novel_object,False,new_Trial     9DLC_resnet50_NORT-topdownMar1shuffle1_100000,earr,,14999,30,0.9984897735222347,0.0,67.62398665888811,77.27374298399799,1.1426972410512501,0.857168736859849,145.1580357124567,133.48769006382005,218609.53866528143
patterns2025_batch1,novel_object,False,new_Trial     9DLC_resnet50_NORT-topdownMar1shuffle1_100000,bodycenter,body_center,14999,30,0.9981889178795976,0.0,57.526772123865264,73.79123363865114,1.282728561229989,0.6803978324331705,141.72167771681254,131.17708003042256,177539.68179398216
patterns2025_batch1,novel_object,False,new_Trial     9DLC_resnet50_NORT-topdownMar1shuffle1_100000,bcl,,14999,30,0.9976470784208236,0.0,60.348135887635934,75.05710641132086,1.2437352920241316,0.7577657521803733,141.14288733509042,130.81304054306702,192886.9673559857
patterns2025_batch1,novel_object,False,new_Trial     9DLC_resnet50_NORT-topdownMar1shuffle1_100000,bcr,,14999,30,0.9968509717348123,0.0,58.60108895534849,74.20586394960378,1.2662881402450636,0.6997873906360552,142.79405265898873,131.4511368083313,193836.76014318084
patterns2025_batch1,novel_object,False,new_Trial     9DLC_resnet50_NORT-topdownMar1shuffle1_100000,hipl,,14999,30,0.9976725339992848,0.0,57.15054641182307,76.74057025901729,1.3427792921878612,0.7677945389333277,139.96561195767302,129.72407225453367,175407.03671754905
patterns2025_batch1,novel_object,False,new_Trial     9DLC_resnet50_NORT-topdownMar1shuffle1_100000,hipr,,14999,30,0.9966907065799613,0.0,55.03373880900079,75.21689713060631,1.366741543612962,0.71881246333138,141.23115291871207,130.11251106156217,185655.88878314686
patterns2025_batch1,novel_object,False,new_Trial     9DLC_resnet50_NORT-topdownMar1shuffle1_100000,tailbase,tail_base,14999,30,0.9994999573058911,0.0,56.61249764770429,76.5620724763572,1.3523881767732233,0.6907775619320834,138.8329900754683,128.8582572470606,175336.1103419438
patterns2025_batch1,novel_object,False,new_Trial    10DLC_resnet50_NORT-topdownMar1shuffle1_100000,nose,nose,14924,30,0.9975723626865391,0.0,101.45557894426199,87.5421585770712,0.8628619489241239,1.4609611659815607,152.41723049252002,135.54127102090067,270770.65397163806
patterns2025_batch1,novel_object,False,new_Trial    10DLC_resnet50_NORT-topdownMar1shuffle1_100000,headcenter,head,14924,30,0.9994144675455922,0.0,81.53008805339792,74.62515489732738,0.9153081602027932,0.9607779458655987,150.5895381441847,134.30852704002444,226845.79596958647
patterns2025_batch1,novel_object,False,new_Trial    10DLC_resnet50_NORT-topdownMar1shuffle1_100000,neck,neck,14924,30,0.9988539921625534,0.0,71.0089088734753,71.662810235334,1.0092087228522808,0.8544592984878706,147.65965604976503,132.41881239186677,200732.3142765624
patterns2025_batch1,novel_object,False,new_Trial    10DLC_resnet50_NORT-topdownMar1shuffle1_100000,earl,,14924,30,0.9982196134621194,0.0,78.22609283076787,74.34957491537804,0.9504446946650374,1.017688341809093,149.8965366848953,133.76297544732046,222612.61907726876
patterns2025_batch1,novel_object,False,new_Trial    10DLC_resnet50_NORT-topdownMar1shuffle1_100000,earr,,14924,30,0.9985472080663458,0.0,78.02909574174424,74.41136290884513,0.9536361046029183,0.9916771634166252,149.0482607889383,133.60572079043794,230333.90146656998
patterns2025_batch1,novel_object,False,new_Trial    10DLC_resnet50_NORT-topdownMar1shuffle1_100000,bodycenter,body_center,14924,30,0.9985684795957632,0.0,63.52234913183299,70.56531233395715,1.1108737837687228,0.7533059018537787,144.06575523692095,130.45768271126028,180317.14230675244
patterns2025_batch1,novel_object,False,new_Trial    10DLC_resnet50_NORT-topdownMar1shuffle1_100000,bcl,,14924,30,0.997981868482601,0.0,67.64392417281616,71.68035249804015,1.0596717055461147,0.8376031140009328,145.5388480547442,130.72127502470485,195127.3558085279
patterns2025_batch1,novel_object,False,new_Trial    10DLC_resnet50_NORT-topdownMar1shuffle1_100000,bcr,,14924,30,0.997387039848321,0.0,65.35743783630144,70.6615381149518,1.0811552663973052,0.7933205346353726,144.23318939923692,130.5929240188911,196418.40018018876
patterns2025_batch1,novel_object,False,new_Trial    10DLC_resnet50_NORT-topdownMar1shuffle1_100000,hipl,,14924,30,0.9972659312138702,0.0,63.451345589797164,73.70790829428154,1.1616445263555388,0.8596286205927772,142.36286079377496,128.3658730012753,176086.88361527305
patterns2025_batch1,novel_object,False,new_Trial    10DLC_resnet50_NORT-topdownMar1shuffle1_100000,hipr,,14924,30,0.996707845659973,0.0,60.63859540887748,72.47640804640528,1.195219110167495,0.8192530363250818,140.5939623203566,128.6483837893872,176247.11971925944
patterns2025_batch1,novel_object,False,new_Trial    10DLC_resnet50_NORT-topdownMar1shuffle1_100000,tailbase,tail_base,14924,30,0.9995338251877649,0.0,62.2641226808042,73.55179770536336,1.1812869841983513,0.7628593406800707,134.3570418598019,124.93673196412801,161783.2525334251
patterns2025_batch1,novel_object,False,new_Trial    11DLC_resnet50_NORT-topdownMar1shuffle1_100000,nose,nose,14892,30,0.9988040411757296,0.0,116.87500466731892,97.37743098619528,0.8331758468235113,1.473862675080124,149.089046698389,126.30970195000292,267397.3609215081
patterns2025_batch1,novel_object,False,new_Trial    11DLC_resnet50_NORT-topdownMar1shuffle1_100000,headcenter,head,14892,30,0.9994924999063065,0.0,98.32238766048219,88.00206414680842,0.8950358737288708,1.047037932071774,147.43698801639104,123.97565717002544,223017.9810219838
patterns2025_batch1,novel_object,False,new_Trial    11DLC_resnet50_NORT-topdownMar1shuffle1_100000,neck,neck,14892,30,0.9989888370317251,0.0,87.59428303053022,85.61947355303073,0.9774550414801478,0.9533520446530127,144.9240123414337,121.34232535291564,196143.72357346123
patterns2025_batch1,novel_object,False,new_Trial    11DLC_resnet50_NORT-topdownMar1shuffle1_100000,earl,,14892,30,0.9984264327750999,0.0,95.47011757083756,88.1801291779575,0.923641149939184,1.1143623099822708,147.66568411428466,123.28451434862815,222463.36268712272
patterns2025_batch1,novel_object,False,new_Trial    11DLC_resnet50_NORT-topdownMar1shuffle1_100000,earr,,14892,30,0.9988286093121538,0.0,94.35989154941262,87.35080019786072,0.9257195908509336,1.0743186606698159,145.35375062359972,122.35439220929044,220331.90248162774
patterns2025_batch1,novel_object,False,new_Trial    11DLC_resnet50_NORT-topdownMar1shuffle1_100000,bodycenter,body_center,14892,30,0.9986589658478079,0.0,79.16707041098677,85.25248769028222,1.076868036769628,0.8531731208354922,142.36179669669022,118.99054452379615,175109.65365535405
patterns2025_batch1,novel_object,False,new_Trial    11DLC_resnet50_NORT-topdownMar1shuffle1_100000,bcl,,14892,30,0.998267511382655,0.0,83.62016590035037,86.90656360718181,1.0393014970904006,0.9320921761868723,144.47941321252094,119.83090408526061,193625.6859906579
patterns2025_batch1,novel_object,False,new_Trial    11DLC_resnet50_NORT-topdownMar1shuffle1_100000,bcr,,14892,30,0.9974365183863946,0.0,80.7892659180569,84.72767593219615,1.0487491744031183,0.8971688594932918,141.16214991242376,118.5176207404475,188707.10439408247
patterns2025_batch1,novel_object,False,new_Trial    11DLC_resnet50_NORT-topdownMar1shuffle1_100000,hipl,,14892,30,0.9976393100101397,0.0,79.45136666481878,89.81650828202172,1.1304589468036508,1.0064960776720002,142.50701113159556,118.19549393531608,183700.8319028376
patterns2025_batch1,novel_object,False,new_Trial    11DLC_resnet50_NORT-topdownMar1shuffle1_100000,hipr,,14892,30,0.9967060520136322,0.0,75.37588183099945,86.15110464697027,1.1429531907849515,0.9210007512943722,138.30572253605195,116.28156621940673,170173.66046384923
patterns2025_batch1,novel_object,False,new_Trial    11DLC_resnet50_NORT-topdownMar1shuffle1_100000,tailbase,tail_base,14892,30,0.9991449428331522,0.0,78.083308091986,88.63651780346915,1.1351532096853651,0.9051074995782319,136.43528577517563,115.08316672333662,168619.57513543195
patterns2025_batch1,novel_object,False,new_Trial    12DLC_resnet50_NORT-topdownMar1shuffle1_100000,nose,nose,14999,30,0.9866979212977834,0.011334088939262618,161.05577957295804,108.2343032042972,0.6720299233674332,1.9447883733404507,156.52086280775987,149.9666127907568,300781.3140424858
patterns2025_batch1,novel_object,False,new_Trial    12DLC_resnet50_NORT-topdownMar1shuffle1_100000,headcenter,head,14999,30,0.9882011830053132,0.011334088939262618,143.86003458357968,102.30641977058217,0.7111524758541906,1.405347947178017,154.20647379306834,148.20502765524202,266688.1764649911
patterns2025_batch1,novel_object,False,new_Trial    12DLC_resnet50_NORT-topdownMar1shuffle1_100000,neck,neck,14999,30,0.9877615253873093,0.011334088939262618,133.05166706302862,104.04994579833455,0.7820266224025926,1.334865942350394,150.8188417610337,145.46326211031854,241626.18860877398
patterns2025_batch1,novel_object,False,new_Trial    12DLC_resnet50_NORT-topdownMar1shuffle1_100000,earl,,14999,30,0.9871573636731524,0.011334088939262618,140.9386497211131,104.23348350669555,0.7395663553819404,1.5307922594935315,154.12190054180974,147.54038487850045,269023.830271394
patterns2025_batch1,novel_object,False,new_Trial    12DLC_resnet50_NORT-topdownMar1shuffle1_100000,earr,,14999,30,0.9874218833049103,0.011334088939262618,139.5765928084136,103.84224213380514,0.7439803483119957,1.4674065224662127,151.507205146436,146.6719131862699,260604.91459421144
patterns2025_batch1,novel_object,False,new_Trial    12DLC_resnet50_NORT-topdownMar1shuffle1_100000,bodycenter,body_center,14999,30,0.9873793311333146,0.011334088939262618,125.20874562173535,106.67410387795384,0.8519700708465207,1.2429627290608698,147.1160344865195,142.5027653072296,220473.79827425632
patterns2025_batch1,novel_object,False,new_Trial    12DLC_resnet50_NORT-topdownMar1shuffle1_100000,bcl,,14999,30,0.9868862297553135,0.011334088939262618,129.37280996511225,107.11658928191648,0.8279683289773363,1.3047564180038518,149.8599864872884,143.4618836283501,245306.87610270348
patterns2025_batch1,novel_object,False,new_Trial    12DLC_resnet50_NORT-topdownMar1shuffle1_100000,bcr,,14999,30,0.986213197400236,0.011334088939262618,126.5212699998686,106.95465484630655,0.8453492037063621,1.2742793383337183,145.97435468451644,142.39187318921296,232012.43194958736
patterns2025_batch1,novel_object,False,new_Trial    12DLC_resnet50_NORT-topdownMar1shuffle1_100000,hipl,,14999,30,0.9861905950884395,0.011467431162077471,125.80378904717253,109.16335544188804,0.8677270873054163,1.4103928609600325,146.14093958924155,140.57116169999796,206786.54633986225
patterns2025_batch1,novel_object,False,new_Trial    12DLC_resnet50_NORT-topdownMar1shuffle1_100000,hipr,,14999,30,0.9858100372852381,0.011400760050670044,121.57250111500214,111.57586647822963,0.9177722384166782,1.3363015853673228,142.00809498062492,138.97569602038143,215048.2184281372
patterns2025_batch1,novel_object,False,new_Trial    12DLC_resnet50_NORT-topdownMar1shuffle1_100000,tailbase,tail_base,14999,30,0.9883055217038234,0.011400760050670044,127.8604104826882,111.18829166223496,0.8696068723890842,1.2669132763593725,137.3252884871003,134.49685931382396,190666.61938141123
patterns2025_batch1,novel_object,False,new_Trial    13DLC_resnet50_NORT-topdownMar1shuffle1_100000,nose,nose,14999,30,0.9963281492123125,0.0005333688912594173,107.41893898739231,97.97133299594289,0.912048973109311,1.5074421697891502,126.08622510475669,120.5237436412831,265829.2949666538
patterns2025_batch1,novel_object,False,new_Trial    13DLC_resnet50_NORT-topdownMar1shuffle1_100000,headcenter,head,14999,30,0.9991182423810221,0.0002000133342222815,89.19850140514353,86.55188794597042,0.9703289470396809,1.0471233340001334,124.8589108554857,119.25582833150725,219291.72045264862
patterns2025_batch1,novel_object,False,new_Trial    13DLC_resnet50_NORT-topdownMar1shuffle1_100000,neck,neck,14999,30,0.9983133889560907,0.00046669777985199013,80.14383258210378,84.48035007757026,1.0541091853951945,0.9459021003859978,122.96087215136616,117.28195827533547,194689.53616205638
patterns2025_batch1,novel_object,False,new_Trial    13DLC_resnet50_NORT-topdownMar1shuffle1_100000,earl,,14999,30,0.9977015089490157,0.00026668444562970864,87.07595244465755,86.56898915571473,0.9941779185330758,1.1040339134828434,124.71552303602235,120.41487016428817,223429.77890110944
patterns2025_batch1,novel_object,False,new_Trial    13DLC_resnet50_NORT-topdownMar1shuffle1_100000,earr,,14999,30,0.9977846031184173,0.0002000133342222815,86.33663263195139,86.5644407194297,1.0026386028796077,1.059907606207932,123.59353902017375,117.13755530022573,214269.20728918025
patterns2025_batch1,novel_object,False,new_Trial    13DLC_resnet50_NORT-topdownMar1shuffle1_100000,bodycenter,body_center,14999,30,0.9975670953787175,0.0012000800053336889,73.69966031906948,84.48251263309058,1.1463080327282198,0.8620816907499514,121.19303291912365,115.13152480874886,176632.24827907956
patterns2025_batch1,novel_object,False,new_Trial    13DLC_resnet50_NORT-topdownMar1shuffle1_100000,bcl,,14999,30,0.9970081229834472,0.0010000666711114075,77.73776945753761,85.74412869259709,1.102991882722243,0.9187962818267695,122.52150069909571,118.2186511863048,198188.55668289555
patterns2025_batch1,novel_object,False,new_Trial    13DLC_resnet50_NORT-topdownMar1shuffle1_100000,bcr,,14999,30,0.9963699516514646,0.0012667511167411161,74.8219076016467,84.38873696787287,1.1278613399856117,0.8734467694713499,120.5227725719954,112.98937441620812,188975.53293031553
patterns2025_batch1,novel_object,False,new_Trial    13DLC_resnet50_NORT-topdownMar1shuffle1_100000,hipl,,14999,30,0.9965691982550622,0.0013334222281485431,75.49996714019953,89.39637385936892,1.184058447248917,0.965691888055685,121.59488859405093,116.99656676731628,190014.7201069514
patterns2025_batch1,novel_object,False,new_Trial    13DLC_resnet50_NORT-topdownMar1shuffle1_100000,hipr,,14999,30,0.9955673285454225,0.0014000933395559704,71.3490084525024,86.36513235333823,1.2104601623277242,0.8775197870973882,118.85959446923147,110.89555689443907,178317.34089205385
patterns2025_batch1,novel_object,False,new_Trial    13DLC_resnet50_NORT-topdownMar1shuffle1_100000,tailbase,tail_base,14999,30,0.9983743904281096,0.0013334222281485431,77.49292117507183,90.63228805824653,1.1695557050106586,0.8786344927229955,118.95491167095363,111.97305169287364,175304.52136896588
patterns2025_batch1,novel_object,False,new_Trial    14DLC_resnet50_NORT-topdownMar1shuffle1_100000,nose,nose,14999,30,0.9931619877187866,0.0024001600106673777,96.80961863308647,99.43181777126625,1.0270861426292572,1.31302189766909,124.84210802217702,118.48223181499606,271774.1597322249
patterns2025_batch1,novel_object,False,new_Trial    14DLC_resnet50_NORT-topdownMar1shuffle1_100000,headcenter,head,14999,30,0.9971811901939297,0.002133475565037669,81.77568250688051,89.84513184843503,1.0986778598989444,0.9099062363560346,123.223649230543,117.48855550343652,226357.8705293313
patterns2025_batch1,novel_object,False,new_Trial    14DLC_resnet50_NORT-topdownMar1shuffle1_100000,neck,neck,14999,30,0.9966013547975464,0.002133475565037669,73.18011243604386,87.04971544556194,1.1895269431519322,0.7948917122060907,120.87398731555648,115.98446267056896,202668.85949258343
patterns2025_batch1,novel_object,False,new_Trial    14DLC_resnet50_NORT-topdownMar1shuffle1_100000,earl,,14999,30,0.9961462569746483,0.002133475565037669,78.5921407675158,88.98599748912456,1.1322505866375994,0.9514390419490399,122.60945776611764,118.40504421107143,229023.44365381522
patterns2025_batch1,novel_object,False,new_Trial    14DLC_resnet50_NORT-topdownMar1shuffle1_100000,earr,,14999,30,0.995786647847842,0.002133475565037669,80.01937489563436,90.1921776417486,1.127129245378162,0.9311598710013618,122.18628671595587,115.81927696965995,229689.77189535403
patterns2025_batch1,novel_object,False,new_Trial    14DLC_resnet50_NORT-topdownMar1shuffle1_100000,bodycenter,body_center,14999,30,0.9963077621742715,0.002200146676445096,66.42379993982455,85.47910984807822,1.2868747335370228,0.7407859277470005,118.41689496929301,114.33166375266512,181155.21596509666
patterns2025_batch1,novel_object,False,new_Trial    14DLC_resnet50_NORT-topdownMar1shuffle1_100000,bcl,,14999,30,0.9958721608298207,0.002133475565037669,68.75815510718901,85.90403942174926,1.2493651013153428,0.7831492353995013,119.15049919981578,117.05067665821319,199230.8897491146
patterns2025_batch1,novel_object,False,new_Trial    14DLC_resnet50_NORT-topdownMar1shuffle1_100000,bcr,,14999,30,0.9937248946069982,0.002200146676445096,69.79267916656816,86.96145608644017,1.2459968169282736,0.786378564335624,118.87058998756869,112.18777247865164,203993.2345632838
patterns2025_batch1,novel_object,False,new_Trial    14DLC_resnet50_NORT-topdownMar1shuffle1_100000,hipl,,14999,30,0.9949595752689356,0.002200146676445096,65.70525150653246,87.60350361133474,1.3332800895317347,0.8213258190177555,117.413437440166,116.65543556690092,179270.6095521289
patterns2025_batch1,novel_object,False,new_Trial    14DLC_resnet50_NORT-topdownMar1shuffle1_100000,hipr,,14999,30,0.9917887219818541,0.002200146676445096,65.48471130006943,88.22093868975027,1.3471990169659147,0.8097897587049634,116.7504779503083,110.16034796837248,185870.3016892854
patterns2025_batch1,novel_object,False,new_Trial    14DLC_resnet50_NORT-topdownMar1shuffle1_100000,tailbase,tail_base,14999,30,0.9972684882825381,0.0023334888992599507,67.97948763320774,91.03308022327028,1.3391257185469125,0.7894726478250499,114.47863597799758,112.8332613379302,162431.15002983552
patterns2025_batch1,novel_object,False,new_Trial    15DLC_resnet50_NORT-topdownMar1shuffle1_100000,nose,nose,14673,30,0.9979832272730113,0.0,146.99612687900003,109.16921796874726,0.7426673089054243,1.7381130636514814,148.88575622099742,140.17221817397646,273899.3751542143
patterns2025_batch1,novel_object,False,new_Trial    15DLC_resnet50_NORT-topdownMar1shuffle1_100000,headcenter,head,14673,30,0.9995498755694264,0.0,129.47055762738967,103.47794565133162,0.7992392057902185,1.2723907645981007,146.6547228464945,138.17378101142228,231879.7451689966
patterns2025_batch1,novel_object,False,new_Trial    15DLC_resnet50_NORT-topdownMar1shuffle1_100000,neck,neck,14673,30,0.9989687295191729,0.0,119.0547530622709,104.07330122595279,0.8741633454274426,1.1536833839079867,143.5801374176429,135.70745145629328,207458.88213210116
patterns2025_batch1,novel_object,False,new_Trial    15DLC_resnet50_NORT-topdownMar1shuffle1_100000,earl,,14673,30,0.9984249599196221,0.0,125.31887452766597,104.06846787974061,0.8304293209780301,1.337215723917303,145.12297988936712,136.7853664460536,237331.26622813477
patterns2025_batch1,novel_object,False,new_Trial    15DLC_resnet50_NORT-topdownMar1shuffle1_100000,earr,,14673,30,0.9986741958825953,0.0,126.74930033807557,105.30726410409528,0.8308311274556276,1.2912643629731566,145.92674908916422,137.58148102175414,228677.21641723928
patterns2025_batch1,novel_object,False,new_Trial    15DLC_resnet50_NORT-topdownMar1shuffle1_100000,bodycenter,body_center,14673,30,0.9983695467816843,0.0,111.45363611097827,105.15476330724674,0.9434843669213311,1.0822854901420382,139.92926632548813,133.10295702945973,186937.17019161582
patterns2025_batch1,novel_object,False,new_Trial    15DLC_resnet50_NORT-topdownMar1shuffle1_100000,bcl,,14673,30,0.9978700589038498,0.0,112.83546777000454,104.29119379272873,0.9242766999939077,1.1396755304629147,139.63808971168243,132.6584921448169,209618.60355817113
patterns2025_batch1,novel_object,False,new_Trial    15DLC_resnet50_NORT-topdownMar1shuffle1_100000,bcr,,14673,30,0.9966867231586622,0.0,115.25712005260712,105.98148614556942,0.9195222481456764,1.1176501656734685,141.52778190299094,134.0223319358788,199929.90581353087
patterns2025_batch1,novel_object,False,new_Trial    15DLC_resnet50_NORT-topdownMar1shuffle1_100000,hipl,,14673,30,0.9971166635180335,0.0,107.67372330160222,108.4859734712961,1.0075436248026708,1.248326308214809,135.95484843506625,130.14715046226047,187641.5053152353
patterns2025_batch1,novel_object,False,new_Trial    15DLC_resnet50_NORT-topdownMar1shuffle1_100000,hipr,,14673,30,0.9956754747972909,0.0,110.68147396399183,109.85770071520754,0.9925572616691725,1.1993528629125498,138.02785488843747,131.3720241232126,184495.9110616299
patterns2025_batch1,novel_object,False,new_Trial    15DLC_resnet50_NORT-topdownMar1shuffle1_100000,tailbase,tail_base,14673,30,0.9995929453869031,0.0,111.73098584766147,110.15099851674024,0.9858590048325946,1.1803087654805118,130.6422921727749,126.94207846628063,172151.86522603582
patterns2025_batch1,novel_object,False,new_Trial    16DLC_resnet50_NORT-topdownMar1shuffle1_100000,nose,nose,14918,30,0.9925256473063336,0.0,81.26870381025716,73.76112055418136,0.9076202411988236,1.2412594530180876,98.73470385004103,96.70264255332077,224785.51701726796
patterns2025_batch1,novel_object,False,new_Trial    16DLC_resnet50_NORT-topdownMar1shuffle1_100000,headcenter,head,14918,30,0.9991052984783806,0.0,66.77676672564488,64.86858019958677,0.9714243947464847,0.844442812866332,98.51881993645542,96.46498342601417,187586.98306034203
patterns2025_batch1,novel_object,False,new_Trial    16DLC_resnet50_NORT-topdownMar1shuffle1_100000,neck,neck,14918,30,0.9986093215567446,0.0,59.117478184292054,62.55686296396566,1.0581788142070558,0.7580253755189458,96.97553856561633,94.95271728368203,170784.54267187323
patterns2025_batch1,novel_object,False,new_Trial    16DLC_resnet50_NORT-topdownMar1shuffle1_100000,earl,,14918,30,0.9977223588579989,0.0,63.415525055523744,63.60579700135231,1.003000400070203,0.8632488501163871,98.3772613314858,97.13694789247663,181543.94305421508
patterns2025_batch1,novel_object,False,new_Trial    16DLC_resnet50_NORT-topdownMar1shuffle1_100000,earr,,14918,30,0.9976805986284426,0.0,67.01568416381795,69.87674022269049,1.0426923353028639,0.8986434940667328,97.90435619217814,95.02674905358923,187427.13661470177
patterns2025_batch1,novel_object,False,new_Trial    16DLC_resnet50_NORT-topdownMar1shuffle1_100000,bodycenter,body_center,14918,30,0.9983449152126791,0.0,53.03243432885418,61.60279399928933,1.1616060016647614,0.6744770111148499,95.20111608885851,93.09830942495896,162474.39812504314
patterns2025_batch1,novel_object,False,new_Trial    16DLC_resnet50_NORT-topdownMar1shuffle1_100000,bcl,,14918,30,0.9977186081004792,0.0,53.784609463545024,60.972820831621405,1.1336481093712973,0.7234292268938722,96.72122257040098,95.33648236137552,182017.06892437531
patterns2025_batch1,novel_object,False,new_Trial    16DLC_resnet50_NORT-topdownMar1shuffle1_100000,bcr,,14918,30,0.9957063341447601,0.0,57.961669936568974,63.94599853489217,1.103246310965026,0.7400792844794007,94.56429828116903,91.74562500097915,173891.2455775822
patterns2025_batch1,novel_object,False,new_Trial    16DLC_resnet50_NORT-topdownMar1shuffle1_100000,hipl,,14918,30,0.9947515689700598,0.00046923180050945166,50.67366868824,63.53666193255829,1.2538397865655906,0.7262546083267376,96.09966125038943,94.76779769770224,186923.13793766138
patterns2025_batch1,novel_object,False,new_Trial    16DLC_resnet50_NORT-topdownMar1shuffle1_100000,hipr,,14918,30,0.9908300320697639,6.70331143584931e-05,55.7236647769551,68.42852861945549,1.2279976360735445,0.7818115528221136,92.90070526573321,89.77204214328911,168482.0872570097
patterns2025_batch1,novel_object,False,new_Trial    16DLC_resnet50_NORT-topdownMar1shuffle1_100000,tailbase,tail_base,14918,30,0.9982924599453701,0.0002010993430754793,54.83771860768119,71.09473203383399,1.2964567790002055,0.7501442608405723,92.97923933702178,90.91491887026814,167020.15480587026
patterns2025_batch1,novel_object,False,new_Trial    17DLC_resnet50_NORT-topdownMar1shuffle1_100000,nose,nose,14906,30,0.9907421038668379,0.0,66.20250443724596,76.18868372659942,1.1508429231528463,1.0757699114090675,118.42592325661596,115.66852650620712,225998.01792098721
patterns2025_batch1,novel_object,False,new_Trial    17DLC_resnet50_NORT-topdownMar1shuffle1_100000,headcenter,head,14906,30,0.9991204239219111,0.0,49.79798014038067,62.69716747192186,1.2590303320572107,0.6711111869994093,118.42671831847031,114.8904320898725,186102.160378856
patterns2025_batch1,novel_object,False,new_Trial    17DLC_resnet50_NORT-topdownMar1shuffle1_100000,neck,neck,14906,30,0.9986623657176786,0.0,43.562320608385185,57.726723866556696,1.3251526332930263,0.608519544624993,117.64238470595762,112.9198572404301,167611.10780884745
patterns2025_batch1,novel_object,False,new_Trial    17DLC_resnet50_NORT-topdownMar1shuffle1_100000,earl,,14906,30,0.9973837248386193,0.0,48.536966704958935,63.10847279344275,1.300214600905315,0.7114577535874207,118.58512364154215,113.8377942977487,183385.8196009408
patterns2025_batch1,novel_object,False,new_Trial    17DLC_resnet50_NORT-topdownMar1shuffle1_100000,earr,,14906,30,0.9977060066890704,0.0,48.97196712355512,61.85746333859849,1.2631198412457798,0.6999844402990655,118.21648034473805,114.63364663541753,185880.59058656276
patterns2025_batch1,novel_object,False,new_Trial    17DLC_resnet50_NORT-topdownMar1shuffle1_100000,bodycenter,body_center,14906,30,0.9989052085041216,0.0,38.62799619692748,54.995754191734406,1.4237278556040875,0.5301781044517637,116.7288251034618,111.35261052320855,161098.69706727262
patterns2025_batch1,novel_object,False,new_Trial    17DLC_resnet50_NORT-topdownMar1shuffle1_100000,bcl,,14906,30,0.997265851547234,0.0,41.05624211381026,56.707725402782,1.3812205521777892,0.5872195098917927,117.68561323790856,110.8025730109394,170991.1793214592
patterns2025_batch1,novel_object,False,new_Trial    17DLC_resnet50_NORT-topdownMar1shuffle1_100000,bcr,,14906,30,0.9966037035804138,0.0,42.94355236573078,58.437941539117844,1.3608082778394384,0.6105712861825114,116.79151527952553,112.66521837449768,183207.93200731324
patterns2025_batch1,novel_object,False,new_Trial    17DLC_resnet50_NORT-topdownMar1shuffle1_100000,hipl,,14906,30,0.9930871516550114,0.0,39.32938964600212,57.87634299013626,1.4715799942758445,0.5824661229454863,117.30066671214702,109.88565376385846,171067.0557438298
patterns2025_batch1,novel_object,False,new_Trial    17DLC_resnet50_NORT-topdownMar1shuffle1_100000,hipr,,14906,30,0.9917775614800173,0.0,41.475175007600065,60.55664326243094,1.460069626019283,0.6153493576135055,115.83693828873534,111.59640453442184,187693.216891707
patterns2025_batch1,novel_object,False,new_Trial    17DLC_resnet50_NORT-topdownMar1shuffle1_100000,tailbase,tail_base,14906,30,0.9892753131320761,0.00046960955320005365,40.577776679535475,65.34432891547971,1.610347689365512,0.6056147871169688,114.15993093739063,108.88220955581316,171070.22147238068
patterns2025_batch1,novel_object,False,new_Trial    18DLC_resnet50_NORT-topdownMar1shuffle1_100000,nose,nose,14821,30,0.9933296788194049,0.0,85.17134428995651,78.22355195011117,0.9184257052912969,1.216495869043391,159.91405942200097,142.44913482431357,252675.21028451214
patterns2025_batch1,novel_object,False,new_Trial    18DLC_resnet50_NORT-topdownMar1shuffle1_100000,headcenter,head,14821,30,0.9993981216554015,0.0,70.7488028011512,69.28865943854669,0.9793615820368234,0.8200057859052106,159.7287228051928,143.12102571943535,203438.71210754092
patterns2025_batch1,novel_object,False,new_Trial    18DLC_resnet50_NORT-topdownMar1shuffle1_100000,neck,neck,14821,30,0.9992286742525813,0.0,62.48455294750271,67.41972662582967,1.0789822995528722,0.7118786952204238,158.12958334467092,142.53698914999615,178874.21931099752
patterns2025_batch1,novel_object,False,new_Trial    18DLC_resnet50_NORT-topdownMar1shuffle1_100000,earl,,14821,30,0.9986526014897981,0.0,68.03980136171728,69.19209224104594,1.0169355414958192,0.8576129370763623,157.25713073561104,143.58433339104886,197878.08260384947
patterns2025_batch1,novel_object,False,new_Trial    18DLC_resnet50_NORT-topdownMar1shuffle1_100000,earr,,14821,30,0.9984892658734963,0.0,68.83575228625513,69.62553946587772,1.011473502553415,0.8451700527595973,161.3479173194445,142.69153748906496,196647.92530139443
patterns2025_batch1,novel_object,False,new_Trial    18DLC_resnet50_NORT-topdownMar1shuffle1_100000,bodycenter,body_center,14821,30,0.9990580144435898,0.0,56.586917722659216,67.03670252132268,1.1846678564448305,0.6312361172196272,155.61666480524076,141.45537328277194,164584.971254129
patterns2025_batch1,novel_object,False,new_Trial    18DLC_resnet50_NORT-topdownMar1shuffle1_100000,bcl,,14821,30,0.9985423661277294,0.0,59.29564618599998,67.64039493500648,1.1407312220332417,0.6994836469465686,153.08996185616772,142.1543370869357,181896.40437601658
patterns2025_batch1,novel_object,False,new_Trial    18DLC_resnet50_NORT-topdownMar1shuffle1_100000,bcr,,14821,30,0.9980072043707927,0.0,60.523291306491224,67.87375234183628,1.121448468460219,0.7222920907519531,159.0543774008739,141.03356873347025,187623.7980357029
patterns2025_batch1,novel_object,False,new_Trial    18DLC_resnet50_NORT-topdownMar1shuffle1_100000,hipl,,14821,30,0.9976038446383602,0.0,56.57133644065711,68.69083876306405,1.2142339758071687,0.693502311507615,150.83917111806866,141.60057307010294,183734.03096973198
patterns2025_batch1,novel_object,False,new_Trial    18DLC_resnet50_NORT-topdownMar1shuffle1_100000,hipr,,14821,30,0.9960659799301691,0.0,57.694684561373165,68.647732442238,1.189845008498373,0.7278348254173493,157.2157847718052,139.594920129849,189881.7209155456
patterns2025_batch1,novel_object,False,new_Trial    18DLC_resnet50_NORT-topdownMar1shuffle1_100000,tailbase,tail_base,14821,30,0.998991044549258,0.0,54.701781625619695,71.51939180695376,1.307441726421896,0.6522284487810238,148.15089935165383,137.09734760210569,172241.86039402758
patterns2025_batch1,novel_object,False,new_Trial    19DLC_resnet50_NORT-topdownMar1shuffle1_100000,nose,nose,14999,30,0.9960696744205159,0.0019334622308153878,114.58061601127429,111.50985908659604,0.9732000312829868,1.4695691451427362,129.34291582395485,131.83268332560817,270695.4974969999
patterns2025_batch1,novel_object,False,new_Trial    19DLC_resnet50_NORT-topdownMar1shuffle1_100000,headcenter,head,14999,30,0.9975241867020908,0.0018667911194079605,97.00787141037723,108.10313756877808,1.1143749058410322,1.0206328777365261,127.65365107721001,129.61383806536242,229378.26568763098
patterns2025_batch1,novel_object,False,new_Trial    19DLC_resnet50_NORT-topdownMar1shuffle1_100000,neck,neck,14999,30,0.9968285835614313,0.002000133342222815,88.60917999187706,106.79768356281984,1.2052665826792457,0.9353444713683475,125.32303366296776,126.45928458357125,203151.1584690069
patterns2025_batch1,novel_object,False,new_Trial    19DLC_resnet50_NORT-topdownMar1shuffle1_100000,earl,,14999,30,0.9964562567587011,0.002000133342222815,94.11228846442589,105.15000283851323,1.1172823927053859,1.046368286314078,126.92661240611372,129.66503744058875,234152.39196303673
patterns2025_batch1,novel_object,False,new_Trial    19DLC_resnet50_NORT-topdownMar1shuffle1_100000,earr,,14999,30,0.9965194601177816,0.0019334622308153878,94.79569002953727,106.64710565037491,1.1250206166244991,1.037263117288934,126.64657804466074,127.35789850941889,224097.43637197436
patterns2025_batch1,novel_object,False,new_Trial    19DLC_resnet50_NORT-topdownMar1shuffle1_100000,bodycenter,body_center,14999,30,0.9961594690525302,0.0019334622308153878,81.77032614740371,104.65153459651583,1.2798228835221372,0.8666881088943388,122.74447455531309,122.75161643429541,184185.81679424463
patterns2025_batch1,novel_object,False,new_Trial    19DLC_resnet50_NORT-topdownMar1shuffle1_100000,bcl,,14999,30,0.9951019573261386,0.002000133342222815,83.89911962454708,105.48256287162663,1.257254704741439,0.9484433635551186,123.29211927113379,124.90199692608206,204648.5835752259
patterns2025_batch1,novel_object,False,new_Trial    19DLC_resnet50_NORT-topdownMar1shuffle1_100000,bcr,,14999,30,0.9941923494513699,0.002066804453630242,83.97590034387608,101.43285697773773,1.2078805533775345,0.8634288647986503,123.04669410793497,121.67409118843197,194787.63799814828
patterns2025_batch1,novel_object,False,new_Trial    19DLC_resnet50_NORT-topdownMar1shuffle1_100000,hipl,,14999,30,0.9946505724185714,0.0018667911194079605,80.55920292100517,111.9239066321042,1.3893373143457572,1.0112231457767837,121.29662849383618,121.3635264271753,218917.14338579462
patterns2025_batch1,novel_object,False,new_Trial    19DLC_resnet50_NORT-topdownMar1shuffle1_100000,hipr,,14999,30,0.9938875330481404,0.0018667911194079605,79.48371447126692,107.78662904149147,1.3560844477198652,0.9135203212963168,120.30662988180147,117.65952199742067,179443.9664892273
patterns2025_batch1,novel_object,False,new_Trial    19DLC_resnet50_NORT-topdownMar1shuffle1_100000,tailbase,tail_base,14999,30,0.997651941279601,0.0018667911194079605,82.21014514209378,115.84105340828712,1.4090846477410417,0.8565752789240765,118.31105551268593,113.69245775353599,199900.7282435079
patterns2025_batch1,novel_object,False,new_Trial    20DLC_resnet50_NORT-topdownMar1shuffle1_100000,nose,nose,14705,30,0.9982242138075286,0.0,85.64571308140964,91.58995646517094,1.0694050311439531,1.2126684298497088,130.14375744943948,129.09515558791787,261827.51285887498
patterns2025_batch1,novel_object,False,new_Trial    20DLC_resnet50_NORT-topdownMar1shuffle1_100000,headcenter,head,14705,30,0.9996488502827359,0.0,71.92261841892142,82.69484057437428,1.1497751665923623,0.8266688319094746,129.74185612412236,128.2214185810947,215648.35721787534
patterns2025_batch1,novel_object,False,new_Trial    20DLC_resnet50_NORT-topdownMar1shuffle1_100000,neck,neck,14705,30,0.9991216462025712,0.0,63.25739675503047,79.21238345551346,1.252223257973609,0.7383335292345091,128.22354759485032,126.07218985429664,190593.33068560576
patterns2025_batch1,novel_object,False,new_Trial    20DLC_resnet50_NORT-topdownMar1shuffle1_100000,earl,,14705,30,0.9987440582442064,0.0,70.50445302466657,83.25169102832781,1.1808004665918266,0.8694337691452454,129.30530568320063,126.27193643101039,218570.03075646484
patterns2025_batch1,novel_object,False,new_Trial    20DLC_resnet50_NORT-topdownMar1shuffle1_100000,earr,,14705,30,0.9988455170151815,0.0,68.35083421416738,80.7666948676788,1.181648999551463,0.8219066341764484,129.19870082726152,128.61974342032525,208702.1438860115
patterns2025_batch1,novel_object,False,new_Trial    20DLC_resnet50_NORT-topdownMar1shuffle1_100000,bodycenter,body_center,14705,30,0.998873283501508,0.0,56.44697676674308,76.94035437434627,1.363055362420708,0.6723358904574624,126.29440119192121,123.56721023512661,172653.277255218
patterns2025_batch1,novel_object,False,new_Trial    20DLC_resnet50_NORT-topdownMar1shuffle1_100000,bcl,,14705,30,0.9984868252046333,0.0,61.16059324762942,80.134652510587,1.3102334077456486,0.7289901097746762,126.32036776425178,121.78178846454496,188636.99143754467
patterns2025_batch1,novel_object,False,new_Trial    20DLC_resnet50_NORT-topdownMar1shuffle1_100000,bcr,,14705,30,0.9973578360201509,0.0,57.27496573710368,75.65671231087268,1.3209385869935317,0.7027362410984869,127.02973116834733,125.88183022517904,182683.7199411284
patterns2025_batch1,novel_object,False,new_Trial    20DLC_resnet50_NORT-topdownMar1shuffle1_100000,hipl,,14705,30,0.9975806627173036,0.0,57.52950966260424,81.56732553603726,1.417834534213982,0.7578768255691757,124.34459060831934,119.49793343509086,168647.63933249854
patterns2025_batch1,novel_object,False,new_Trial    20DLC_resnet50_NORT-topdownMar1shuffle1_100000,hipr,,14705,30,0.9967213247309571,0.0,52.40673934429103,74.98863232222794,1.4308967369555856,0.7094358274508562,125.27282438553024,123.83748312324482,175473.8498240386
patterns2025_batch1,novel_object,False,new_Trial    20DLC_resnet50_NORT-topdownMar1shuffle1_100000,tailbase,tail_base,14705,30,0.9997300928525071,0.0,54.59712738067557,78.87062515637376,1.4445929472891956,0.6862892607972444,121.50114068385763,117.44386420706137,158441.86123440543
patterns2025_batch1,novel_object,False,new_Trial    21DLC_resnet50_NORT-topdownMar1shuffle1_100000,nose,nose,14879,30,0.9975445388553844,0.0,94.19268120139805,89.303988526904,0.9480990177565783,1.2289234689029969,126.67586678434942,144.4340231776453,262440.22917037254
patterns2025_batch1,novel_object,False,new_Trial    21DLC_resnet50_NORT-topdownMar1shuffle1_100000,headcenter,head,14879,30,0.9993141814861032,0.0,78.05961465119346,81.2026068436823,1.0402639983112034,0.8661031124584915,126.73567405823255,144.82579008570886,215505.933784683
patterns2025_batch1,novel_object,False,new_Trial    21DLC_resnet50_NORT-topdownMar1shuffle1_100000,neck,neck,14879,30,0.9988332660906946,0.0,69.08597553802207,79.4096055530251,1.149431631161108,0.7701630961896153,126.25666899595565,144.4613925704831,191333.44847775064
patterns2025_batch1,novel_object,False,new_Trial    21DLC_resnet50_NORT-topdownMar1shuffle1_100000,earl,,14879,30,0.9981718274468464,0.0,75.1354662103057,80.99681038632835,1.0780103521234117,0.9167605591855944,126.20092802293888,146.2716830215311,213433.17080143752
patterns2025_batch1,novel_object,False,new_Trial    21DLC_resnet50_NORT-topdownMar1shuffle1_100000,earr,,14879,30,0.9980263549823724,0.0,75.49763139691098,81.55794318375456,1.0802715485865102,0.8966205105609141,126.92929056349543,143.38277552897625,208689.4545981153
patterns2025_batch1,novel_object,False,new_Trial    21DLC_resnet50_NORT-topdownMar1shuffle1_100000,bodycenter,body_center,14879,30,0.9984379573265417,0.0,62.65704096209744,78.79585977400018,1.2575739065249738,0.6875530762358478,125.9456062988148,143.90621588557696,173695.7422245993
patterns2025_batch1,novel_object,False,new_Trial    21DLC_resnet50_NORT-topdownMar1shuffle1_100000,bcl,,14879,30,0.9978060457917806,0.0,65.1643503583259,78.96660404856132,1.211806817904875,0.763650213242165,125.32112623241464,146.1900626767399,191451.31449740287
patterns2025_batch1,novel_object,False,new_Trial    21DLC_resnet50_NORT-topdownMar1shuffle1_100000,bcr,,14879,30,0.997163308885391,0.0,65.35683353128873,80.02174358697455,1.2243821994323698,0.7317146820221578,126.47037557302181,141.56328359604396,178509.3583019674
patterns2025_batch1,novel_object,False,new_Trial    21DLC_resnet50_NORT-topdownMar1shuffle1_100000,hipl,,14879,30,0.9969190524761952,0.0,61.162575274438765,80.9606385430848,1.3236957106500402,0.7922291506836525,125.4571653134578,146.8534448479194,184605.86623061163
patterns2025_batch1,novel_object,False,new_Trial    21DLC_resnet50_NORT-topdownMar1shuffle1_100000,hipr,,14879,30,0.9956888656188695,0.0,62.11264760271126,81.30701992581227,1.3090251835000375,0.7518269808524656,126.82698641058485,141.2083992047682,174280.04436499477
patterns2025_batch1,novel_object,False,new_Trial    21DLC_resnet50_NORT-topdownMar1shuffle1_100000,tailbase,tail_base,14879,30,0.9982953077523056,6.720881779689495e-05,62.902732151021446,83.14736944155375,1.3218403493496516,0.7387454619558617,127.83891555041362,145.2589823558675,176909.8567265935
patterns2025_batch1,novel_object,False,new_Trial    22DLC_resnet50_NORT-topdownMar1shuffle1_100000,nose,nose,14972,30,0.9966230586752387,0.00040074806305102857,106.89436636230077,99.76257464369908,0.9332818747956309,1.4426909935170926,162.05271416739535,150.4174457474829,267287.07591873186
patterns2025_batch1,novel_object,False,new_Trial    22DLC_resnet50_NORT-topdownMar1shuffle1_100000,headcenter,head,14972,30,0.9989871816769852,0.0,87.41129615231219,91.96670395140114,1.0521146350598813,0.9815601011640334,161.51432735902753,151.05232895369008,227027.72917580814
patterns2025_batch1,novel_object,False,new_Trial    22DLC_resnet50_NORT-topdownMar1shuffle1_100000,neck,neck,14972,30,0.9985462228881781,0.0,77.50446984123012,90.85572845184335,1.1722643692417176,0.8730287516723994,159.71730004876724,150.84269610093176,203601.5302946479
patterns2025_batch1,novel_object,False,new_Trial    22DLC_resnet50_NORT-topdownMar1shuffle1_100000,earl,,14972,30,0.9978917103590189,0.0,83.94171952553259,91.25310412812802,1.0871007246923445,1.018157086424628,160.9587284575706,151.93074065601584,228144.4971444652
patterns2025_batch1,novel_object,False,new_Trial    22DLC_resnet50_NORT-topdownMar1shuffle1_100000,earr,,14972,30,0.9981169651018372,0.0,84.98703105522732,92.97201727146896,1.0939553496233176,0.9927508851394501,160.72174572563557,150.4671531611992,223475.42962452542
patterns2025_batch1,novel_object,False,new_Trial    22DLC_resnet50_NORT-topdownMar1shuffle1_100000,bodycenter,body_center,14972,30,0.9983691711963067,0.0,70.45421622651756,90.32585038238327,1.282050318918833,0.8035031425646812,157.48777571862237,150.164729431792,184290.33343264932
patterns2025_batch1,novel_object,False,new_Trial    22DLC_resnet50_NORT-topdownMar1shuffle1_100000,bcl,,14972,30,0.9977267651340715,0.0,72.60034995371856,89.74441950078531,1.2361430703570409,0.8776940620883916,157.71309419039272,150.89510703624933,198854.7699039844
patterns2025_batch1,novel_object,False,new_Trial    22DLC_resnet50_NORT-topdownMar1shuffle1_100000,bcr,,14972,30,0.997248966323479,0.0,73.69819545105824,91.59221109891534,1.242801272654501,0.8256703998325805,157.84356059175127,149.13956417333043,198210.42313071087
patterns2025_batch1,novel_object,False,new_Trial    22DLC_resnet50_NORT-topdownMar1shuffle1_100000,hipl,,14972,30,0.9965308101784568,0.0,68.5094596671477,90.63996321548949,1.3230284351367323,0.8952891887967287,155.6278386810445,150.3953642822347,183409.30530529612
patterns2025_batch1,novel_object,False,new_Trial    22DLC_resnet50_NORT-topdownMar1shuffle1_100000,hipr,,14972,30,0.9960606941565644,0.0,69.13406589588794,92.62258513856236,1.3397531873511797,0.8297203975379193,155.59997884546524,148.12132830600038,184011.95532493104
patterns2025_batch1,novel_object,False,new_Trial    22DLC_resnet50_NORT-topdownMar1shuffle1_100000,tailbase,tail_base,14972,30,0.9986271130076838,0.0,68.91007327368798,92.45181547098711,1.341629910968156,0.8199946855922742,151.41432700466626,148.18457355565323,167056.288345035
patterns2025_batch2,novel_object,False,new_Trial     1DLC_resnet50_NORT-topdownMar1shuffle1_100000,nose,nose,14991,30,0.978344785054155,0.0008004802881729037,105.40050999707277,90.27010166148283,0.8564484333518865,1.5397840368617244,140.05174732715136,152.5593097799012,272393.86854233383
patterns2025_batch2,novel_object,False,new_Trial     1DLC_resnet50_NORT-topdownMar1shuffle1_100000,headcenter,head,14991,30,0.9871774867299272,0.00033353345340537656,89.26822196956655,83.83802805949168,0.9391699107446528,1.3724750465629303,137.91957067272656,149.34367764723746,226693.94142525637
patterns2025_batch2,novel_object,False,new_Trial     1DLC_resnet50_NORT-topdownMar1shuffle1_100000,neck,neck,14991,30,0.9964033610053715,0.0,78.37218725049259,80.61494051156865,1.0286166985988,1.2265937044295228,135.89079530806058,146.75551788145577,205666.968060104
patterns2025_batch2,novel_object,False,new_Trial     1DLC_resnet50_NORT-topdownMar1shuffle1_100000,earl,,14991,30,0.9898595593193265,0.00020012007204322593,85.40166341177611,83.2626832004765,0.974953881155848,1.3514468774400918,138.15013357007646,149.779970090748,232601.69112215936
patterns2025_batch2,novel_object,False,new_Trial     1DLC_resnet50_NORT-topdownMar1shuffle1_100000,earr,,14991,30,0.9870984207899159,0.00033353345340537656,86.23901518513667,83.90348170432927,0.9729179017664625,1.407937180942134,135.8109857474495,147.11389010259367,218163.13811418624
patterns2025_batch2,novel_object,False,new_Trial     1DLC_resnet50_NORT-topdownMar1shuffle1_100000,bodycenter,body_center,14991,30,0.9968206962394982,0.0,68.33350753377658,77.83228246524517,1.13900610804697,0.9724282426388347,133.57959336653346,143.99018915136347,186500.5202786404
patterns2025_batch2,novel_object,False,new_Trial     1DLC_resnet50_NORT-topdownMar1shuffle1_100000,bcl,,14991,30,0.9951399739926862,0.0,71.40570333036314,79.7601956734419,1.117000350860297,1.0590557261632367,135.83628525578922,146.34364635781273,204833.26802542724
patterns2025_batch2,novel_object,False,new_Trial     1DLC_resnet50_NORT-topdownMar1shuffle1_100000,bcr,,14991,30,0.9932791625957986,0.0,71.57375590512713,78.73048470317458,1.0999909632733802,1.0699558873219726,132.04468694098227,142.6390359316151,192549.2531685927
patterns2025_batch2,novel_object,False,new_Trial     1DLC_resnet50_NORT-topdownMar1shuffle1_100000,hipl,,14991,30,0.994687220816631,0.0,65.81541319555024,81.44322046095722,1.2374490488872838,0.9628539546662513,134.13091743172657,144.00481139461502,185819.74206388928
patterns2025_batch2,novel_object,False,new_Trial     1DLC_resnet50_NORT-topdownMar1shuffle1_100000,hipr,,14991,30,0.9929745385600858,0.0,64.70122933616646,79.5337694588632,1.2292466507186703,0.935223583038518,129.1904898283186,138.7321308102551,176965.97037667554
patterns2025_batch2,novel_object,False,new_Trial     1DLC_resnet50_NORT-topdownMar1shuffle1_100000,tailbase,tail_base,14991,30,0.9993178465655659,0.0,65.26077894637885,82.45901427676161,1.2635309539365687,0.8335559580491455,127.95595186318192,135.8846773570861,166469.99323960656
patterns2025_batch2,novel_object,False,new_Trial     2DLC_resnet50_NORT-topdownMar1shuffle1_100000,nose,nose,14519,30,0.9696266151096397,0.006198774020249328,93.17371284155261,91.87090479158866,0.9860174290555592,1.4630414969512207,135.1740845849845,118.27025871229989,267007.46923376387
patterns2025_batch2,novel_object,False,new_Trial     2DLC_resnet50_NORT-topdownMar1shuffle1_100000,headcenter,head,14519,30,0.9741776954015492,0.0035126386114746194,77.18479723641167,77.69491560305876,1.0066090523640898,1.3091159544966502,135.1378913246809,117.78856131872162,220871.91598504537
patterns2025_batch2,novel_object,False,new_Trial     2DLC_resnet50_NORT-topdownMar1shuffle1_100000,neck,neck,14519,30,0.9931649446289347,0.00034437633445829604,65.58117482615336,69.97614300979933,1.0670156976494616,1.1261177073502013,134.68476998820702,117.71409779010669,198746.41453996694
patterns2025_batch2,novel_object,False,new_Trial     2DLC_resnet50_NORT-topdownMar1shuffle1_100000,earl,,14519,30,0.9820605113505044,0.0015152558716165026,72.5586370860761,76.00461104956771,1.047492264213889,1.2927568914639744,137.07550238017686,116.80443236552395,216164.36353170042
patterns2025_batch2,novel_object,False,new_Trial     2DLC_resnet50_NORT-topdownMar1shuffle1_100000,earr,,14519,30,0.9764613236474288,0.0035815138783662787,75.01601297396817,77.21640273280842,1.0293322674933927,1.3605992316287494,132.78808166339292,119.0205143564809,210355.81860038306
patterns2025_batch2,novel_object,False,new_Trial     2DLC_resnet50_NORT-topdownMar1shuffle1_100000,bodycenter,body_center,14519,30,0.996137601012771,0.0,55.53579121856042,67.10544823446169,1.2083279406314575,0.8894349671319581,134.00324422133812,117.53560615105407,197732.93138948397
patterns2025_batch2,novel_object,False,new_Trial     2DLC_resnet50_NORT-topdownMar1shuffle1_100000,bcl,,14519,30,0.9936008131925261,0.0,58.76562860657316,68.95366175981255,1.1733672113242708,0.9889636902178242,137.00923777020787,115.83816750379431,206084.86339158379
patterns2025_batch2,novel_object,False,new_Trial     2DLC_resnet50_NORT-topdownMar1shuffle1_100000,bcr,,14519,30,0.9899112915781725,0.0,59.28312512604369,67.5361661128563,1.1392140000930375,0.9700850663619861,130.75134873445384,119.18849256708474,188648.54672711133
patterns2025_batch2,novel_object,False,new_Trial     2DLC_resnet50_NORT-topdownMar1shuffle1_100000,hipl,,14519,30,0.9927927252551528,0.0,52.51579895468824,69.26650926936992,1.3189651618769915,0.8801467783725297,137.47862384977265,115.46666124567776,182254.5139381639
patterns2025_batch2,novel_object,False,new_Trial     2DLC_resnet50_NORT-topdownMar1shuffle1_100000,hipr,,14519,30,0.991069908854439,0.0,52.09221363644643,66.21787285626704,1.2711664226520325,0.8426261686674242,129.80815194749374,119.17273500042269,168346.78822383986
patterns2025_batch2,novel_object,False,new_Trial     2DLC_resnet50_NORT-topdownMar1shuffle1_100000,tailbase,tail_base,14519,30,0.9982961823858335,0.0,50.19309185005031,75.7526374744577,1.5092243709705198,0.7301404039428342,133.86268812218165,116.9254175736375,170814.05675666212
patterns2025_batch2,novel_object,False,new_Trial     3DLC_resnet50_NORT-topdownMar1shuffle1_100000,nose,nose,14518,30,0.987056975458333,0.0008265601322496211,83.17712075274383,79.51438148759617,0.955964582183174,1.3184163161412696,119.03466723343962,130.68525967459033,266721.5493244892
patterns2025_batch2,novel_object,False,new_Trial     3DLC_resnet50_NORT-topdownMar1shuffle1_100000,headcenter,head,14518,30,0.9883465239566981,6.888001102080176e-05,67.668300661275,70.35070614332278,1.039640503098711,1.1479030502784737,117.2655100458839,130.88538669937887,226585.3956292989
patterns2025_batch2,novel_object,False,new_Trial     3DLC_resnet50_NORT-topdownMar1shuffle1_100000,neck,neck,14518,30,0.9964511536101793,0.0,58.26689757778248,65.22546442515463,1.1194257311895304,1.01071836955732,115.67974483295012,131.40872689668763,203018.22586987133
patterns2025_batch2,novel_object,False,new_Trial     3DLC_resnet50_NORT-topdownMar1shuffle1_100000,earl,,14518,30,0.9887597528386993,0.0,64.58704277058912,69.82518789929368,1.0811021050663407,1.1523302820059718,117.12400008447916,132.4295853156997,229545.806969597
patterns2025_batch2,novel_object,False,new_Trial     3DLC_resnet50_NORT-topdownMar1shuffle1_100000,earr,,14518,30,0.9898278066599265,6.888001102080176e-05,65.286122510307,70.37357621896705,1.0779254995249086,1.1916880137817065,116.25388405520034,130.44437851170056,219248.88345867774
patterns2025_batch2,novel_object,False,new_Trial     3DLC_resnet50_NORT-topdownMar1shuffle1_100000,bodycenter,body_center,14518,30,0.9968526650762604,0.0,50.12178206647864,63.59517412580171,1.2688131088685703,0.8146894426484801,113.68072009359331,131.73182408065497,200274.28178546554
patterns2025_batch2,novel_object,False,new_Trial     3DLC_resnet50_NORT-topdownMar1shuffle1_100000,bcl,,14518,30,0.9952256695012905,0.0,52.79627164906284,64.21258931073355,1.21623340635784,0.8844732870836362,114.59120010370982,133.20517634336676,207063.4833360123
patterns2025_batch2,novel_object,False,new_Trial     3DLC_resnet50_NORT-topdownMar1shuffle1_100000,bcr,,14518,30,0.9934005983228246,0.0,51.82622171836896,62.107717450817496,1.1983840494551126,0.8393356777269079,113.59872206559817,129.9724174218446,192178.24145728978
patterns2025_batch2,novel_object,False,new_Trial     3DLC_resnet50_NORT-topdownMar1shuffle1_100000,hipl,,14518,30,0.9953129350367221,0.0,47.49514421682374,62.860788778508535,1.323520326447224,0.7600527474352716,113.10857199697527,134.25219568623945,185159.3190406873
patterns2025_batch2,novel_object,False,new_Trial     3DLC_resnet50_NORT-topdownMar1shuffle1_100000,hipr,,14518,30,0.9938761128638957,0.0,46.23219271119955,61.054972578399024,1.3206159820234682,0.7171792854404361,111.91535476488977,129.67276497077287,175421.09795979084
patterns2025_batch2,novel_object,False,new_Trial     3DLC_resnet50_NORT-topdownMar1shuffle1_100000,tailbase,tail_base,14518,30,0.9991053003370803,0.0,45.63585879827739,62.611591102950854,1.3719823128498734,0.6019174411930899,110.02494158317351,132.7565827687636,170370.19647065428
patterns2025_batch2,novel_object,False,new_Trial     4DLC_resnet50_NORT-topdownMar1shuffle1_100000,nose,nose,14507,30,0.9955573612709168,0.00020679671882539464,100.03132817630298,83.93234370946956,0.839060574718559,1.5300829163183447,143.97955616537809,135.07822659178052,266033.6258495306
patterns2025_batch2,novel_object,False,new_Trial     4DLC_resnet50_NORT-topdownMar1shuffle1_100000,headcenter,head,14507,30,0.9989974461359776,0.0,79.34642925419712,71.23289500140417,0.8977454394727691,1.0737958009008348,142.01952906890116,134.98358170488729,223869.37810282863
patterns2025_batch2,novel_object,False,new_Trial     4DLC_resnet50_NORT-topdownMar1shuffle1_100000,neck,neck,14507,30,0.9987665977494133,0.0,68.47233871199845,67.77101227978294,0.9897575218634584,0.945827914083469,139.99530198879543,134.6825064522217,197475.81840046318
patterns2025_batch2,novel_object,False,new_Trial     4DLC_resnet50_NORT-topdownMar1shuffle1_100000,earl,,14507,30,0.9980005898260024,0.0,76.52210804595687,71.03466142594847,0.9282893955729394,1.1268918505000123,143.40502133663827,135.14890321900583,221951.46285096765
patterns2025_batch2,novel_object,False,new_Trial     4DLC_resnet50_NORT-topdownMar1shuffle1_100000,earr,,14507,30,0.9979895393911036,0.0,76.38883602111446,70.74015137893178,0.926053531688566,1.0722662432576315,138.98335331657697,134.77030703953352,218195.80684773228
patterns2025_batch2,novel_object,False,new_Trial     4DLC_resnet50_NORT-topdownMar1shuffle1_100000,bodycenter,body_center,14507,30,0.9986496560535942,0.0,59.90100109549746,65.78265501619377,1.0981895763531473,0.8042766629105857,138.03377857972941,134.14984066554038,179711.67756391224
patterns2025_batch2,novel_object,False,new_Trial     4DLC_resnet50_NORT-topdownMar1shuffle1_100000,bcl,,14507,30,0.997950802341914,0.0,63.198419391650276,66.67145754437702,1.0549545097196782,0.8807950971912251,141.39662599132367,134.45837089137865,191733.5807969235
patterns2025_batch2,novel_object,False,new_Trial     4DLC_resnet50_NORT-topdownMar1shuffle1_100000,bcr,,14507,30,0.997212543702515,0.0,63.20486868560064,66.69899551231644,1.0552825581221694,0.8518327054133121,135.0605458953542,133.47670214036478,192480.16327556013
patterns2025_batch2,novel_object,False,new_Trial     4DLC_resnet50_NORT-topdownMar1shuffle1_100000,hipl,,14507,30,0.9964215074263771,0.0,59.052521514661116,67.7373569677668,1.1470696801820643,0.8807391386389591,140.40044001888003,134.2278768186973,177901.30372818586
patterns2025_batch2,novel_object,False,new_Trial     4DLC_resnet50_NORT-topdownMar1shuffle1_100000,hipr,,14507,30,0.9955733973198314,0.0,58.30751545632259,68.22920106335079,1.170161351060489,0.8586192978202546,132.31025381343005,132.57937377855262,174814.47715628508
patterns2025_batch2,novel_object,False,new_Trial     4DLC_resnet50_NORT-topdownMar1shuffle1_100000,tailbase,tail_base,14507,30,0.9974530347088609,0.0,57.55249640784272,72.61380646907091,1.2616969028501739,0.8145722923748637,134.23268168813468,133.15517075963632,179552.503176669
patterns2025_batch2,novel_object,False,new_Trial     5DLC_resnet50_NORT-topdownMar1shuffle1_100000,nose,nose,14692,30,0.9978702297951978,0.0,122.6339657174212,95.01090990596838,0.7747519975411776,1.7141562029364035,147.69221936045886,150.22578643714294,274290.3855206538
patterns2025_batch2,novel_object,False,new_Trial     5DLC_resnet50_NORT-topdownMar1shuffle1_100000,headcenter,head,14692,30,0.999208563132926,0.0,97.04598544366739,86.43954218531749,0.890707037392014,1.1479769748429012,143.3462314491078,146.78541984486017,229279.62602056295
patterns2025_batch2,novel_object,False,new_Trial     5DLC_resnet50_NORT-topdownMar1shuffle1_100000,neck,neck,14692,30,0.9987204580882444,0.0,85.7480230836525,85.91593520432535,1.0019582039869193,1.0476922594285198,139.4370922225001,143.3275573301943,203365.68777395578
patterns2025_batch2,novel_object,False,new_Trial     5DLC_resnet50_NORT-topdownMar1shuffle1_100000,earl,,14692,30,0.9979873367877088,0.0,93.94115724708247,87.5342398198515,0.931798610800806,1.2475347566255712,142.16929820234225,146.04664452469342,228933.12454977888
patterns2025_batch2,novel_object,False,new_Trial     5DLC_resnet50_NORT-topdownMar1shuffle1_100000,earr,,14692,30,0.9983632123514121,0.0,92.65235680700943,86.9558549178344,0.9385174637161084,1.1734034521421417,141.35226337028573,144.66823489691762,224420.16729465313
patterns2025_batch2,novel_object,False,new_Trial     5DLC_resnet50_NORT-topdownMar1shuffle1_100000,bodycenter,body_center,14692,30,0.9983583302758158,0.0,77.1083170735226,85.91959166469643,1.1142713902415,0.8993493104689506,135.40484282438314,139.8430789939467,183406.7504618047
patterns2025_batch2,novel_object,False,new_Trial     5DLC_resnet50_NORT-topdownMar1shuffle1_100000,bcl,,14692,30,0.9978854262087217,0.0,80.90472244798042,86.6127527880203,1.0705524988817556,0.9865144728498939,136.82070482383094,141.62091229191492,197022.61527629104
patterns2025_batch2,novel_object,False,new_Trial     5DLC_resnet50_NORT-topdownMar1shuffle1_100000,bcr,,14692,30,0.9972587019253777,0.0,78.88040283645576,85.64803327820536,1.0857960938128202,0.9116864691047858,135.71916524280172,139.2191907629714,197807.10668857367
patterns2025_batch2,novel_object,False,new_Trial     5DLC_resnet50_NORT-topdownMar1shuffle1_100000,hipl,,14692,30,0.9976146882686439,0.0,76.08096671156636,88.87696822017851,1.16818926022751,1.0009314430230014,133.3311155527093,138.58400705807924,177123.26285469328
patterns2025_batch2,novel_object,False,new_Trial     5DLC_resnet50_NORT-topdownMar1shuffle1_100000,hipr,,14692,30,0.9971676428847699,0.0,73.65197895521828,87.80797172206836,1.1922011189333714,0.9352215674833373,131.57695075973433,135.31114713566896,178062.9172556899
patterns2025_batch2,novel_object,False,new_Trial     5DLC_resnet50_NORT-topdownMar1shuffle1_100000,tailbase,tail_base,14692,30,0.9994915082519268,0.0,74.74880535125541,88.39624251165674,1.1825773281093932,0.8775260919852347,125.8033364758127,130.86458960675037,163625.48584336485
patterns2025_batch2,novel_object,False,new_Trial     6DLC_resnet50_NORT-topdownMar1shuffle1_100000,nose,nose,14714,30,0.9972458726502281,0.0,141.18042032312695,99.07274851856774,0.7017456690652627,1.906260312628423,149.74927543581123,146.0849723986594,264777.82217325247
patterns2025_batch2,novel_object,False,new_Trial     6DLC_resnet50_NORT-topdownMar1shuffle1_100000,headcenter,head,14714,30,0.9992355690088969,0.0,116.51403465478889,88.08613903977877,0.7560131215159006,1.3107523868355175,146.4856083149914,143.0958021669427,226784.17164631822
patterns2025_batch2,novel_object,False,new_Trial     6DLC_resnet50_NORT-topdownMar1shuffle1_100000,neck,neck,14714,30,0.9986241014249723,0.0,103.52893135593789,86.65945798003308,0.8370554669601807,1.1858854272136712,143.16230073533097,139.71383931645022,202962.77903267764
patterns2025_batch2,novel_object,False,new_Trial     6DLC_resnet50_NORT-topdownMar1shuffle1_100000,earl,,14714,30,0.9980521135693483,0.0,112.05204095620044,88.48930280008834,0.7897161180194616,1.3985294866301865,144.93139333183285,141.59648159294662,223011.00678208837
patterns2025_batch2,novel_object,False,new_Trial     6DLC_resnet50_NORT-topdownMar1shuffle1_100000,earr,,14714,30,0.9983512844155628,0.0,113.08437652814895,88.46370371134964,0.78228050971594,1.3783227376165805,145.46922443244932,141.87469476388432,226658.72352793033
patterns2025_batch2,novel_object,False,new_Trial     6DLC_resnet50_NORT-topdownMar1shuffle1_100000,bodycenter,body_center,14714,30,0.9981561146774774,0.0,93.84419189203413,86.3277548733181,0.9199051441844845,1.0630815988411275,139.406023209339,136.19276620108946,184416.89503210096
patterns2025_batch2,novel_object,False,new_Trial     6DLC_resnet50_NORT-topdownMar1shuffle1_100000,bcl,,14714,30,0.9977507995160779,0.0,97.09275446362005,87.06859859454242,0.8967569112190178,1.1488571868653878,140.013679036612,136.55947188407845,196476.67204721321
patterns2025_batch2,novel_object,False,new_Trial     6DLC_resnet50_NORT-topdownMar1shuffle1_100000,bcr,,14714,30,0.9964049959800093,0.0,97.02018965935535,86.45372074323953,0.8910899993783208,1.105985746784918,140.0829401792423,136.82878818645077,202655.61304574666
patterns2025_batch2,novel_object,False,new_Trial     6DLC_resnet50_NORT-topdownMar1shuffle1_100000,hipl,,14714,30,0.9972805357812231,0.0,91.23318913324776,90.27067416237678,0.9894499471078971,1.1931726470626507,136.66473375618563,133.2174475972235,182247.91206874052
patterns2025_batch2,novel_object,False,new_Trial     6DLC_resnet50_NORT-topdownMar1shuffle1_100000,hipr,,14714,30,0.9955731446212832,0.0,89.70660361062286,88.57142129861978,0.9873456103975309,1.1299456689111065,135.92994658562597,132.7740546555795,183394.69570929793
patterns2025_batch2,novel_object,False,new_Trial     6DLC_resnet50_NORT-topdownMar1shuffle1_100000,tailbase,tail_base,14714,30,0.9992152738947089,0.0,91.46785097210396,88.92095137196387,0.9721552482859048,1.068596847009856,129.9657045496748,127.05833003848213,165823.86977677204
patterns2025_batch2,novel_object,False,new_Trial     7DLC_resnet50_NORT-topdownMar1shuffle1_100000,nose,nose,14532,30,0.9957720383144495,0.0,107.96057961934869,81.9429768999578,0.7590083082998934,1.529252011921129,144.6831782287469,132.63695739879594,256639.99657209066
patterns2025_batch2,novel_object,False,new_Trial     7DLC_resnet50_NORT-topdownMar1shuffle1_100000,headcenter,head,14532,30,0.999105298995742,0.0,88.74001429970296,72.43149554152407,0.8162213643204982,1.0372762073740172,142.8191038158326,130.68778144218703,218336.75398522042
patterns2025_batch2,novel_object,False,new_Trial     7DLC_resnet50_NORT-topdownMar1shuffle1_100000,neck,neck,14532,30,0.9983767888498739,0.0,78.9207266169646,70.73142938533327,0.8962338845234228,0.9566339218075399,139.91743353293924,128.07648153350146,195633.10078918847
patterns2025_batch2,novel_object,False,new_Trial     7DLC_resnet50_NORT-topdownMar1shuffle1_100000,earl,,14532,30,0.9977342802492869,0.0,86.36340525638566,73.26139358797043,0.8482920905038482,1.1052088458220362,142.0229324937723,130.11812372968024,220401.21847179858
patterns2025_batch2,novel_object,False,new_Trial     7DLC_resnet50_NORT-topdownMar1shuffle1_100000,earr,,14532,30,0.9977543266341931,0.0,85.4043505668821,72.26083749181464,0.8461025347324141,1.0880306128456751,141.45116559473104,129.4210733052527,211212.37466601958
patterns2025_batch2,novel_object,False,new_Trial     7DLC_resnet50_NORT-topdownMar1shuffle1_100000,bodycenter,body_center,14532,30,0.9976614548742951,0.0,71.45704201223913,69.9987398998491,0.9795919048518654,0.8476509415326471,136.44738705074346,125.0565571002518,176423.32522727153
patterns2025_batch2,novel_object,False,new_Trial     7DLC_resnet50_NORT-topdownMar1shuffle1_100000,bcl,,14532,30,0.996888976356493,0.0,75.46028717909259,71.35294312343386,0.9455694616439688,0.9267945441099409,137.36133684522778,126.11641192546557,192538.63537155776
patterns2025_batch2,novel_object,False,new_Trial     7DLC_resnet50_NORT-topdownMar1shuffle1_100000,bcr,,14532,30,0.9953125362188863,0.0,73.01422103946575,69.94314007018266,0.9579385916118573,0.9003069906044705,136.82778722916035,124.88309860512396,185925.3218345476
patterns2025_batch2,novel_object,False,new_Trial     7DLC_resnet50_NORT-topdownMar1shuffle1_100000,hipl,,14532,30,0.996584447395562,0.0,70.98550316953708,73.90649398741722,1.041149117600869,0.9712216395983084,133.8405283494082,123.39175519729531,178448.50749014318
patterns2025_batch2,novel_object,False,new_Trial     7DLC_resnet50_NORT-topdownMar1shuffle1_100000,hipr,,14532,30,0.9947420045048483,0.0,67.24790703985408,71.4444929085173,1.0624047060107928,0.9031255648812141,133.09398966865922,121.10526491090656,173301.94813940208
patterns2025_batch2,novel_object,False,new_Trial     7DLC_resnet50_NORT-topdownMar1shuffle1_100000,tailbase,tail_base,14532,30,0.9991626255388533,0.0,69.30434887900363,72.38717954333664,1.044482499499638,0.8651704560773286,126.82072617722385,116.65372263165641,164514.67240308796
patterns2025_batch2,novel_object,False,new_Trial     8DLC_resnet50_NORT-topdownMar1shuffle1_100000,nose,nose,14783,30,0.994174216551701,0.0,119.62157586597948,88.38151240999578,0.738842568910945,1.6274222017893436,138.7601440027344,138.56008164517226,258253.96486072976
patterns2025_batch2,novel_object,False,new_Trial     8DLC_resnet50_NORT-topdownMar1shuffle1_100000,headcenter,head,14783,30,0.9985701296452554,0.0,100.80652886390565,80.40329065069508,0.7976000320301073,1.155209500391772,136.57871538351657,137.17886110639458,215241.4747678761
patterns2025_batch2,novel_object,False,new_Trial     8DLC_resnet50_NORT-topdownMar1shuffle1_100000,neck,neck,14783,30,0.9981446539340432,0.0,90.4126960148297,79.7417518453784,0.8819751579169697,1.0831169855445293,133.87903684110654,135.20954860563646,194610.4703599232
patterns2025_batch2,novel_object,False,new_Trial     8DLC_resnet50_NORT-topdownMar1shuffle1_100000,earl,,14783,30,0.9969167966187213,0.0,97.56386624184168,81.1254649292683,0.8315113786919247,1.2100190018366115,135.66624783877074,137.04926226338898,214013.2516465187
patterns2025_batch2,novel_object,False,new_Trial     8DLC_resnet50_NORT-topdownMar1shuffle1_100000,earr,,14783,30,0.997440916255065,0.0,98.3358581088525,80.98842974840241,0.8235900037476926,1.2059453244256817,135.39965242028381,136.10235505118553,218816.09600975644
patterns2025_batch2,novel_object,False,new_Trial     8DLC_resnet50_NORT-topdownMar1shuffle1_100000,bodycenter,body_center,14783,30,0.9975575280029848,0.0,82.26636934772986,79.37123296787284,0.9648077774330889,0.9441124196996803,130.56767903752265,132.88827839845433,174693.64922004694
patterns2025_batch2,novel_object,False,new_Trial     8DLC_resnet50_NORT-topdownMar1shuffle1_100000,bcl,,14783,30,0.9968320828268591,0.0,85.32127056757592,80.19147148745584,0.9398766679633868,1.033330030916582,130.8861734775099,133.7866123826596,188825.440954765
patterns2025_batch2,novel_object,False,new_Trial     8DLC_resnet50_NORT-topdownMar1shuffle1_100000,bcr,,14783,30,0.9954683137752042,0.0,85.61326767901056,79.50923623122344,0.9287022722847942,1.0055657359805221,131.14963072315027,132.50148133525258,191430.51934975665
patterns2025_batch2,novel_object,False,new_Trial     8DLC_resnet50_NORT-topdownMar1shuffle1_100000,hipl,,14783,30,0.9964895705517772,0.0,80.4899847722838,83.21748363768033,1.0338861893577562,1.07197417592363,127.52492999165017,131.60456913290358,176738.55947759002
patterns2025_batch2,novel_object,False,new_Trial     8DLC_resnet50_NORT-topdownMar1shuffle1_100000,hipr,,14783,30,0.9941838057407433,0.0,81.06701475705897,82.97065503516073,1.0234823039161682,1.046812534876692,127.86109454480746,129.80451320095315,177270.31149154902
patterns2025_batch2,novel_object,False,new_Trial     8DLC_resnet50_NORT-topdownMar1shuffle1_100000,tailbase,tail_base,14783,30,0.9967571406647324,0.0019617127781911656,81.87397084327104,83.7352247737679,1.0227331581860102,1.0185489127661276,122.21698092907695,126.82578531721505,173499.68929267488
patterns2025_batch2,novel_object,False,new_Trial     9DLC_resnet50_NORT-topdownMar1shuffle1_100000,nose,nose,14529,30,0.9982422497540135,0.0,100.39649987068398,80.89512861446772,0.8057564628116014,1.404212727686189,142.85592858379627,142.57759006635513,259918.60006203712
patterns2025_batch2,novel_object,False,new_Trial     9DLC_resnet50_NORT-topdownMar1shuffle1_100000,headcenter,head,14529,30,0.9992596216372116,0.0,81.10331289300592,71.48895535432243,0.8814554277040808,0.9726848886822742,139.83302329501683,140.55488717417512,221894.6969662093
patterns2025_batch2,novel_object,False,new_Trial     9DLC_resnet50_NORT-topdownMar1shuffle1_100000,neck,neck,14529,30,0.9985053113194603,0.0,70.98469690022662,70.11804969126226,0.9877910698106876,0.8957028616462842,136.51091006913694,137.73573410082275,196701.80925225778
patterns2025_batch2,novel_object,False,new_Trial     9DLC_resnet50_NORT-topdownMar1shuffle1_100000,earl,,14529,30,0.9976315144186658,0.0,77.43482482558132,71.50073263875346,0.9233666221858944,1.0322449256471053,137.88580530262217,139.1636048740671,214769.90554514094
patterns2025_batch2,novel_object,False,new_Trial     9DLC_resnet50_NORT-topdownMar1shuffle1_100000,earr,,14529,30,0.9982184906550338,0.0,78.10887010630663,72.22791310122888,0.9247082053923744,1.0300992843016694,139.0158715842725,139.56735761559148,223772.53106072586
patterns2025_batch2,novel_object,False,new_Trial     9DLC_resnet50_NORT-topdownMar1shuffle1_100000,bodycenter,body_center,14529,30,0.9982700590355791,0.0,63.95593537923151,69.59327053933687,1.088144049909963,0.7750631644492719,133.02808485390813,134.91721808152153,176880.92183783685
patterns2025_batch2,novel_object,False,new_Trial     9DLC_resnet50_NORT-topdownMar1shuffle1_100000,bcl,,14529,30,0.9977897517088234,0.0,66.82914796043269,69.84591565100145,1.0451414956293454,0.830468426151018,132.1119508541088,134.8714537096568,186520.8895671236
patterns2025_batch2,novel_object,False,new_Trial     9DLC_resnet50_NORT-topdownMar1shuffle1_100000,bcr,,14529,30,0.996847034780639,0.0,66.39211540801207,70.55012374719162,1.0626280442131801,0.8328748787221014,134.82704855688254,135.75139870564047,193830.10303217827
patterns2025_batch2,novel_object,False,new_Trial     9DLC_resnet50_NORT-topdownMar1shuffle1_100000,hipl,,14529,30,0.9977018619053001,0.0,62.8511853257559,72.47614908171272,1.1531389377315784,0.8508338772471478,128.61122975957582,131.8260956203954,170291.79890095512
patterns2025_batch2,novel_object,False,new_Trial     9DLC_resnet50_NORT-topdownMar1shuffle1_100000,hipr,,14529,30,0.9959863616706532,0.0,62.832231794481025,72.76644195363416,1.1581069122555936,0.8411542415327489,131.90321871591175,132.771233784517,178210.67564608948
patterns2025_batch2,novel_object,False,new_Trial     9DLC_resnet50_NORT-topdownMar1shuffle1_100000,tailbase,tail_base,14529,30,0.9979492106501026,0.0,64.19220307544992,73.77339533811374,1.1492578818552515,0.8072910882998062,125.5447680999588,127.47782862603924,169763.20915950093
patterns2025_batch2,novel_object,False,new_Trial    10DLC_resnet50_NORT-topdownMar1shuffle1_100000,nose,nose,14514,30,0.9976979185804875,0.0,110.74312941014901,88.87609005365991,0.8025426997326202,1.5178033645864082,146.11323527946567,139.83666302952005,258228.34476271222
patterns2025_batch2,novel_object,False,new_Trial    10DLC_resnet50_NORT-topdownMar1shuffle1_100000,headcenter,head,14514,30,0.9990739915486586,0.0,90.59206906006811,78.79227564484685,0.8697480525872826,1.0785816484128274,145.36506386473104,138.5454690181573,218440.9753228817
patterns2025_batch2,novel_object,False,new_Trial    10DLC_resnet50_NORT-topdownMar1shuffle1_100000,neck,neck,14514,30,0.9984590870972357,0.0,78.97455668633356,76.54890241205409,0.969285623420293,0.9720524723550837,143.8570034066485,136.8934485641372,194898.49814324174
patterns2025_batch2,novel_object,False,new_Trial    10DLC_resnet50_NORT-topdownMar1shuffle1_100000,earl,,14514,30,0.997719450649585,0.0,86.24175208064128,78.77084457264323,0.9133724984968731,1.1198476654092264,145.08419167285803,138.33209211041535,217832.58694671735
patterns2025_batch2,novel_object,False,new_Trial    10DLC_resnet50_NORT-topdownMar1shuffle1_100000,earr,,14514,30,0.9982386343165733,0.0,87.08119645072938,78.86153821508444,0.9056092638748293,1.1159968177636421,144.409477166294,137.48092041375583,218486.05326526187
patterns2025_batch2,novel_object,False,new_Trial    10DLC_resnet50_NORT-topdownMar1shuffle1_100000,bodycenter,body_center,14514,30,0.9980444469751858,0.0,70.58111470695215,75.21861330958299,1.0657045248135484,0.8618050478525637,142.28701778718062,135.34336453134125,177731.82291661715
patterns2025_batch2,novel_object,False,new_Trial    10DLC_resnet50_NORT-topdownMar1shuffle1_100000,bcl,,14514,30,0.9975590866689956,0.0,73.22725951846428,76.46078453351933,1.0441573948870737,0.9286765217850099,142.83803158314385,136.1025218550407,191518.64269408537
patterns2025_batch2,novel_object,False,new_Trial    10DLC_resnet50_NORT-topdownMar1shuffle1_100000,bcr,,14514,30,0.9962943576371783,0.0,73.76932995888001,75.61367062953545,1.025001456183532,0.9028226519985213,141.92845362722437,134.67844976025341,195351.98656277373
patterns2025_batch2,novel_object,False,new_Trial    10DLC_resnet50_NORT-topdownMar1shuffle1_100000,hipl,,14514,30,0.997145189884298,0.0,68.54772557373235,78.5689576645253,1.14619350251109,0.9482748619386815,141.9081389227332,135.00571908848886,177659.11820196634
patterns2025_batch2,novel_object,False,new_Trial    10DLC_resnet50_NORT-topdownMar1shuffle1_100000,hipr,,14514,30,0.9955470406747938,0.0,68.66500898078463,76.95021175119089,1.120661205661894,0.9098743491818504,140.58887079192968,133.18000690435662,180852.45354024228
patterns2025_batch2,novel_object,False,new_Trial    10DLC_resnet50_NORT-topdownMar1shuffle1_100000,tailbase,tail_base,14514,30,0.9966888749812595,0.0018602728400165358,69.92667740608877,78.2387949037112,1.1188690469211204,0.8758247915432729,140.50964915102875,133.06034248445704,175094.99677736266
patterns2025_batch2,novel_object,False,new_Trial    11DLC_resnet50_NORT-topdownMar1shuffle1_100000,nose,nose,14520,30,0.9977533754361563,0.0,145.4157052812949,96.59364213373374,0.6642586641304058,1.843663339222287,145.2919555915474,137.26056136663595,260495.13424980483
patterns2025_batch2,novel_object,False,new_Trial    11DLC_resnet50_NORT-topdownMar1shuffle1_100000,headcenter,head,14520,30,0.9989585133130885,0.0,121.28911461427376,89.19287386978948,0.7353741030548584,1.3302703774254174,140.6217629286382,133.37608980337248,216870.40338879923
patterns2025_batch2,novel_object,False,new_Trial    11DLC_resnet50_NORT-topdownMar1shuffle1_100000,neck,neck,14520,30,0.9985130694943682,0.0,109.71227108247624,89.17367256693632,0.812795794737491,1.2232596388593442,136.39838708420268,129.70239867513615,194643.33894760793
patterns2025_batch2,novel_object,False,new_Trial    11DLC_resnet50_NORT-topdownMar1shuffle1_100000,earl,,14520,30,0.9977084861519251,0.0,118.69640995013441,91.25474317392651,0.7688079463588121,1.3905714613547024,139.94968224559682,132.95152145577708,218917.01506729005
patterns2025_batch2,novel_object,False,new_Trial    11DLC_resnet50_NORT-topdownMar1shuffle1_100000,earr,,14520,30,0.9980282842291945,0.0,116.0862295577673,89.0477475598614,0.7670827788885081,1.3552984236228374,137.73894585341668,130.80473736272702,217297.47212759504
patterns2025_batch2,novel_object,False,new_Trial    11DLC_resnet50_NORT-topdownMar1shuffle1_100000,bodycenter,body_center,14520,30,0.9978908621082622,0.0,101.15321162790195,89.8725072928522,0.8884790294494407,1.0813441424970454,132.14566641490276,126.22397824818474,177452.50132960384
patterns2025_batch2,novel_object,False,new_Trial    11DLC_resnet50_NORT-topdownMar1shuffle1_100000,bcl,,14520,30,0.9971365079037414,0.0,106.55116072318391,92.32179802798336,0.8664551132186357,1.1914073158668204,134.28248245763842,128.19582753866425,191414.57461299107
patterns2025_batch2,novel_object,False,new_Trial    11DLC_resnet50_NORT-topdownMar1shuffle1_100000,bcr,,14520,30,0.9964555484040053,0.0,101.00923703810456,88.62962708040611,0.8774408131305023,1.097528923943508,131.5476541965122,125.2681034695207,193090.4013194409
patterns2025_batch2,novel_object,False,new_Trial    11DLC_resnet50_NORT-topdownMar1shuffle1_100000,hipl,,14520,30,0.9968228789318363,0.0,101.47377683034509,97.43358094664956,0.9601848279437714,1.2352714963225406,130.29171931255166,124.82385403733176,174773.95385163138
patterns2025_batch2,novel_object,False,new_Trial    11DLC_resnet50_NORT-topdownMar1shuffle1_100000,hipr,,14520,30,0.9955902768396477,0.0,94.84513965570453,92.58144006600978,0.9761326769309195,1.1698745699859427,126.97208812369992,121.16189383821673,174334.1135818194
patterns2025_batch2,novel_object,False,new_Trial    11DLC_resnet50_NORT-topdownMar1shuffle1_100000,tailbase,tail_base,14520,30,0.9993674832024193,0.0,101.09220385940371,95.82151982235938,0.9478626062562188,1.1261230627066747,121.73203187767243,117.09065782627688,157479.06164256067
patterns2025_batch2,novel_object,False,new_Trial    12DLC_resnet50_NORT-topdownMar1shuffle1_100000,nose,nose,14535,30,0.9966024818845249,0.0002063983488132095,139.51815825200597,107.05297153885412,0.7673049363616792,1.8670980381571405,138.2054613018915,135.52520090150037,262777.4824119126
patterns2025_batch2,novel_object,False,new_Trial    12DLC_resnet50_NORT-topdownMar1shuffle1_100000,headcenter,head,14535,30,0.9990806106689422,0.0,115.15420757908032,93.48438267095693,0.8118190784019595,1.2472554267010871,134.16079629026268,131.89585495364318,221797.47791979116
patterns2025_batch2,novel_object,False,new_Trial    12DLC_resnet50_NORT-topdownMar1shuffle1_100000,neck,neck,14535,30,0.9988503239185161,0.0,102.6619700622129,91.16410532141025,0.8880026875206566,1.1472063197683873,130.33589987801216,128.46270220715607,198371.79169641636
patterns2025_batch2,novel_object,False,new_Trial    12DLC_resnet50_NORT-topdownMar1shuffle1_100000,earl,,14535,30,0.9981308969550826,0.0,111.2900120825249,93.88448490827064,0.8436020731011554,1.3381128031308216,132.85549506757732,130.5830650733827,218022.03017334756
patterns2025_batch2,novel_object,False,new_Trial    12DLC_resnet50_NORT-topdownMar1shuffle1_100000,earr,,14535,30,0.9983924739747102,0.0,111.15322306742918,93.1591654711872,0.8381148373419077,1.2768680936570374,132.41421593050822,130.35823614433113,223343.71168873413
patterns2025_batch2,novel_object,False,new_Trial    12DLC_resnet50_NORT-topdownMar1shuffle1_100000,bodycenter,body_center,14535,30,0.9985611312406597,0.0,94.19269453670691,90.50537711692346,0.9608534670558075,1.0300823961087506,126.34224282386987,125.2296244177026,180356.89544770285
patterns2025_batch2,novel_object,False,new_Trial    12DLC_resnet50_NORT-topdownMar1shuffle1_100000,bcl,,14535,30,0.998061599500162,0.0,97.88507985206172,91.93957073833404,0.9392603129842321,1.1273980503941796,127.37020915052807,125.48004855716822,192996.30215928308
patterns2025_batch2,novel_object,False,new_Trial    12DLC_resnet50_NORT-topdownMar1shuffle1_100000,bcr,,14535,30,0.997060683329654,0.0,96.61642369169795,91.03960439349967,0.942278764985197,1.0784489113966933,126.96030180302387,125.84393152517802,197296.15923813544
patterns2025_batch2,novel_object,False,new_Trial    12DLC_resnet50_NORT-topdownMar1shuffle1_100000,hipl,,14535,30,0.99692542290909,0.0,92.4183141527336,95.49956361398206,1.0333402474336015,1.2072411453010763,123.79490528990591,122.09017710258276,178395.79652331257
patterns2025_batch2,novel_object,False,new_Trial    12DLC_resnet50_NORT-topdownMar1shuffle1_100000,hipr,,14535,30,0.9957043982429689,0.0,90.75899520768331,93.63858193547829,1.0317278383393913,1.1403332978077916,122.79823486723919,122.32267960105385,178016.0570984381
patterns2025_batch2,novel_object,False,new_Trial    12DLC_resnet50_NORT-topdownMar1shuffle1_100000,tailbase,tail_base,14535,30,0.9993566242779987,0.0,92.04570403749365,94.34483199239443,1.0249781125468307,1.094826511303003,116.86571133854615,116.8037822770688,156898.7484280977
patterns2025_batch2,novel_object,False,new_Trial    13DLC_resnet50_NORT-topdownMar1shuffle1_100000,nose,nose,14522,30,0.9945586451493853,0.0002754441536978378,147.1552814807354,108.34311431107363,0.7362502604111916,1.8037965465878085,133.70447016189388,135.36668441072555,263954.69739016483
patterns2025_batch2,novel_object,False,new_Trial    13DLC_resnet50_NORT-topdownMar1shuffle1_100000,headcenter,head,14522,30,0.9989451515766531,0.0,125.62251148316481,100.60468454572366,0.8008491739094558,1.2769055136218073,131.48583625851248,132.47837740232717,223182.1879837363
patterns2025_batch2,novel_object,False,new_Trial    13DLC_resnet50_NORT-topdownMar1shuffle1_100000,neck,neck,14522,30,0.9987185118226634,0.0,113.84546755680192,100.40883135947452,0.8819747813796509,1.1512710213733295,128.96270860894313,129.46134498548017,196316.30106824124
patterns2025_batch2,novel_object,False,new_Trial    13DLC_resnet50_NORT-topdownMar1shuffle1_100000,earl,,14522,30,0.9974905317101559,0.0,122.22302302421004,101.96594062699492,0.8342613208543976,1.3463941985528065,131.94974789020526,132.40593472510554,221616.77171373434
patterns2025_batch2,novel_object,False,new_Trial    13DLC_resnet50_NORT-topdownMar1shuffle1_100000,earr,,14522,30,0.9981221587652018,0.0,121.40788305675979,100.72513637329017,0.8296424732667469,1.3075445976135176,128.95957152190155,130.18634304289466,223200.16395782848
patterns2025_batch2,novel_object,False,new_Trial    13DLC_resnet50_NORT-topdownMar1shuffle1_100000,bodycenter,body_center,14522,30,0.9984454769246622,0.0,106.33168782100233,100.81728616492606,0.9481396207557699,1.0659843426241373,126.62526494348039,126.6658252795767,178671.8997094169
patterns2025_batch2,novel_object,False,new_Trial    13DLC_resnet50_NORT-topdownMar1shuffle1_100000,bcl,,14522,30,0.9974660509718858,0.0,110.76390921658664,102.51716087480902,0.9255466117067789,1.1708960576419634,129.3195375087953,128.75002057476817,194390.4372887928
patterns2025_batch2,novel_object,False,new_Trial    13DLC_resnet50_NORT-topdownMar1shuffle1_100000,bcr,,14522,30,0.9963403481283623,0.0,107.53342458343619,100.3845762050669,0.9335197553127081,1.1308330485656912,124.77838855352256,125.5745616632783,194261.05554801816
patterns2025_batch2,novel_object,False,new_Trial    13DLC_resnet50_NORT-topdownMar1shuffle1_100000,hipl,,14522,30,0.9971234066651193,0.0,105.44053557337391,107.51250117846095,1.019650560325969,1.283859857276705,127.64394287315328,126.44056354307486,180668.85379570036
patterns2025_batch2,novel_object,False,new_Trial    13DLC_resnet50_NORT-topdownMar1shuffle1_100000,hipr,,14522,30,0.9947648421453225,0.0,102.26615040496245,104.11213911518767,1.0180508281862113,1.2273162201328267,122.02771590609333,122.31230482234487,177836.94219675183
patterns2025_batch2,novel_object,False,new_Trial    13DLC_resnet50_NORT-topdownMar1shuffle1_100000,tailbase,tail_base,14522,30,0.999204647227467,0.0,103.64254383846719,106.84333021074586,1.0308829391264969,1.125930299187512,120.80092779691383,119.4074880070628,162284.75620971597
patterns2025_batch2,novel_object,False,new_Trial    14DLC_resnet50_NORT-topdownMar1shuffle1_100000,nose,nose,14495,30,0.9965278676005223,0.0,113.45205203131037,86.84815372331181,0.7655053581520372,1.5761602238096355,149.91997364242746,142.39674317922623,259150.4438340136
patterns2025_batch2,novel_object,False,new_Trial    14DLC_resnet50_NORT-topdownMar1shuffle1_100000,headcenter,head,14495,30,0.999270429686046,0.0,96.35457940219419,78.61925303550518,0.8159368607416169,1.0836248408156886,148.5135455201059,139.77269550702505,219376.18154573865
patterns2025_batch2,novel_object,False,new_Trial    14DLC_resnet50_NORT-topdownMar1shuffle1_100000,neck,neck,14495,30,0.9987177095687895,0.0,86.75909521786086,77.72907528341187,0.8959184635135522,0.9963058366198555,145.7638956273192,136.35709947971895,195902.33213312557
patterns2025_batch2,novel_object,False,new_Trial    14DLC_resnet50_NORT-topdownMar1shuffle1_100000,earl,,14495,30,0.9979096812106445,0.0,93.90569631586736,79.74323809507572,0.8491842478527196,1.1660322490929242,147.03710125598596,137.33321633771672,219478.71685888182
patterns2025_batch2,novel_object,False,new_Trial    14DLC_resnet50_NORT-topdownMar1shuffle1_100000,earr,,14495,30,0.997971987810658,0.0,93.10096948353905,78.59778254321273,0.8442208816859788,1.1154094021501726,147.91593898702956,139.3222224861614,218232.8054142563
patterns2025_batch2,novel_object,False,new_Trial    14DLC_resnet50_NORT-topdownMar1shuffle1_100000,bodycenter,body_center,14495,30,0.9984359447238116,0.0,80.3978040234925,77.70098051211653,0.966456502834481,0.909111831292255,142.6190016794445,132.9215259625748,179689.97056744236
patterns2025_batch2,novel_object,False,new_Trial    14DLC_resnet50_NORT-topdownMar1shuffle1_100000,bcl,,14495,30,0.9978602184555209,0.0,84.27775520346232,79.05481889195556,0.9380271069287784,0.968698824809704,142.45666411399807,131.82172274155215,190519.50986056076
patterns2025_batch2,novel_object,False,new_Trial    14DLC_resnet50_NORT-topdownMar1shuffle1_100000,bcr,,14495,30,0.9967075903401699,0.0,81.92391378473248,77.4346682761211,0.9452022577875424,0.9337560402901478,143.88923633734242,134.88755680533308,195051.63002173603
patterns2025_batch2,novel_object,False,new_Trial    14DLC_resnet50_NORT-topdownMar1shuffle1_100000,hipl,,14495,30,0.99752593391227,0.0,80.84837374357146,82.732490807004,1.0233043285373733,1.0525778451690704,139.66632059251793,128.05079972737238,185607.03150240495
patterns2025_batch2,novel_object,False,new_Trial    14DLC_resnet50_NORT-topdownMar1shuffle1_100000,hipr,,14495,30,0.9960213279962622,0.0,78.11891452970174,80.43519830443242,1.0296507419320324,0.9820808412714126,140.861922714852,131.33618452071002,184729.4022468145
patterns2025_batch2,novel_object,False,new_Trial    14DLC_resnet50_NORT-topdownMar1shuffle1_100000,tailbase,tail_base,14495,30,0.9994722160728852,0.0,80.15440559754295,81.72109334135091,1.0195458718972272,0.9434490198540811,134.9403934727184,123.26349651393139,165310.39382257586
patterns2025_batch2,novel_object,False,new_Trial    15DLC_resnet50_NORT-topdownMar1shuffle1_100000,nose,nose,14488,30,0.9967093714258326,6.902263942573165e-05,124.32169122535257,88.03636608519031,0.7081335945278494,1.5898377793343608,147.154506586521,146.5670727149919,254444.25586221996
patterns2025_batch2,novel_object,False,new_Trial    15DLC_resnet50_NORT-topdownMar1shuffle1_100000,headcenter,head,14488,30,0.999000629166389,0.0,105.46602054629413,80.780479389109,0.7659384413167514,1.1520576136103393,143.76210973531343,144.00777037943172,214242.53855987906
patterns2025_batch2,novel_object,False,new_Trial    15DLC_resnet50_NORT-topdownMar1shuffle1_100000,neck,neck,14488,30,0.9983747991646343,0.0,96.07162700509684,80.38934927037205,0.8367647324855567,1.0895081914377458,140.2895104957682,141.17592256577728,193418.50610764936
patterns2025_batch2,novel_object,False,new_Trial    15DLC_resnet50_NORT-topdownMar1shuffle1_100000,earl,,14488,30,0.9969796273859413,0.0,102.12378395818435,81.60442129881419,0.7990736157233262,1.2368536144639202,141.79249335953318,142.28508347861788,210363.84424162813
patterns2025_batch2,novel_object,False,new_Trial    15DLC_resnet50_NORT-topdownMar1shuffle1_100000,earr,,14488,30,0.9979035348638127,0.0,103.6585013302336,81.84548076174084,0.7895684358873646,1.2211891069048995,143.00613849958017,143.4168223113373,217121.73433498107
patterns2025_batch2,novel_object,False,new_Trial    15DLC_resnet50_NORT-topdownMar1shuffle1_100000,bodycenter,body_center,14488,30,0.9978435516505528,0.0,89.960785741065,80.41765945330997,0.8939190425123331,0.9817640147771692,136.3997861721197,138.25511985986233,175066.6255436677
patterns2025_batch2,novel_object,False,new_Trial    15DLC_resnet50_NORT-topdownMar1shuffle1_100000,bcl,,14488,30,0.9971572917750828,0.0,91.52000679747432,81.23860592744339,0.8876595268094465,1.0531300560228256,136.19189441466148,137.8097538093667,190147.62416835513
patterns2025_batch2,novel_object,False,new_Trial    15DLC_resnet50_NORT-topdownMar1shuffle1_100000,bcr,,14488,30,0.9958368978658018,0.0,93.02072824381446,81.3532417696777,0.874571112327186,1.025125440318447,137.93961690276774,139.2264810888868,187878.37372481418
patterns2025_batch2,novel_object,False,new_Trial    15DLC_resnet50_NORT-topdownMar1shuffle1_100000,hipl,,14488,30,0.9968181224339315,0.0,87.60083312374383,85.20891667243939,0.972695277361967,1.1100487288385903,132.38177594413096,134.57004919779777,172157.0223056944
patterns2025_batch2,novel_object,False,new_Trial    15DLC_resnet50_NORT-topdownMar1shuffle1_100000,hipr,,14488,30,0.9945430419701426,0.0,91.21347176259452,85.24792072747935,0.9345979171734414,1.1061904915152505,134.28385840047898,136.16130479758834,179141.09345727583
patterns2025_batch2,novel_object,False,new_Trial    15DLC_resnet50_NORT-topdownMar1shuffle1_100000,tailbase,tail_base,14488,30,0.9990756953169074,0.0,93.36075873100388,87.01767222002724,0.9320583230342773,1.0924406382036926,127.13458560702539,130.20498664060946,164106.66877996645
patterns2025_batch2,novel_object,False,new_Trial    16DLC_resnet50_NORT-topdownMar1shuffle1_100000,nose,nose,14663,30,0.9978557436599386,0.0,59.83844031164582,74.66030133210688,1.2476979838255646,0.9128087224486323,134.50301023675942,142.3947892409774,245878.37349604839
patterns2025_batch2,novel_object,False,new_Trial    16DLC_resnet50_NORT-topdownMar1shuffle1_100000,headcenter,head,14663,30,0.9992438709679774,0.0,46.97650439339363,61.030670550012594,1.2991743710627268,0.6129910027522777,135.98675156938077,142.65357590474585,204383.22247194694
patterns2025_batch2,novel_object,False,new_Trial    16DLC_resnet50_NORT-topdownMar1shuffle1_100000,neck,neck,14663,30,0.9986725109242843,0.0,39.97857458371472,55.584252045064005,1.3903510223625197,0.5508313200528268,136.60150751607722,141.6717688184362,180272.62752233283
patterns2025_batch2,novel_object,False,new_Trial    16DLC_resnet50_NORT-topdownMar1shuffle1_100000,earl,,14663,30,0.9978515445710464,0.0,43.85627355337993,58.25434950351261,1.328301398717973,0.6407515385064091,136.35066314655194,143.72370587197523,194681.17524705757
patterns2025_batch2,novel_object,False,new_Trial    16DLC_resnet50_NORT-topdownMar1shuffle1_100000,earr,,14663,30,0.9982429711268949,0.0,45.5402232473358,60.773906117390815,1.3345105004716071,0.6335797933180641,136.35462369109365,141.00814776438358,198553.7657198785
patterns2025_batch2,novel_object,False,new_Trial    16DLC_resnet50_NORT-topdownMar1shuffle1_100000,bodycenter,body_center,14663,30,0.9984313427877566,0.0,34.59208308440067,52.455220424554035,1.5163938030724944,0.46706860775837117,137.388730992174,140.56499013923593,161942.15477088495
patterns2025_batch2,novel_object,False,new_Trial    16DLC_resnet50_NORT-topdownMar1shuffle1_100000,bcl,,14663,30,0.9980645785144412,0.0,35.961999683707624,52.67649883272563,1.4647822505985508,0.5164154455293153,137.29023669253067,142.88262482789426,180652.76928245137
patterns2025_batch2,novel_object,False,new_Trial    16DLC_resnet50_NORT-topdownMar1shuffle1_100000,bcr,,14663,30,0.9967915120931632,0.0,37.69384683631364,55.22269277398903,1.4650320253540263,0.5013216082631838,136.95230440468924,138.29436274948395,173208.275406399
patterns2025_batch2,novel_object,False,new_Trial    16DLC_resnet50_NORT-topdownMar1shuffle1_100000,hipl,,14663,30,0.9971086423434299,0.0,33.10680858090995,52.9016566799867,1.5979086764192323,0.5144226634315757,138.31156692158615,142.70513688772928,174232.99937914644
patterns2025_batch2,novel_object,False,new_Trial    16DLC_resnet50_NORT-topdownMar1shuffle1_100000,hipr,,14663,30,0.9952972907409624,0.0,35.07630587787034,55.54348203152906,1.5835043241133175,0.5135471140402673,137.8244196322566,136.58442792230576,154822.14655253277
patterns2025_batch2,novel_object,False,new_Trial    16DLC_resnet50_NORT-topdownMar1shuffle1_100000,tailbase,tail_base,14663,30,0.9992152733317601,0.0,33.33751031505157,54.2977075459281,1.6287271314742782,0.4653367672403049,139.91779113113083,139.15389223131027,152972.2642825044
patterns2025_batch2,novel_object,False,new_Trial    17DLC_resnet50_NORT-topdownMar1shuffle1_100000,nose,nose,14531,30,0.9966396359889196,0.00020645516482003991,155.4948829203697,99.78801487620815,0.6417446863978828,1.9446188603684518,152.88145890342565,140.75837268197085,258310.08046452806
patterns2025_batch2,novel_object,False,new_Trial    17DLC_resnet50_NORT-topdownMar1shuffle1_100000,headcenter,head,14531,30,0.9991590148173198,0.0,134.39621611292475,93.648199179101,0.6968068141175512,1.4043868254118383,149.23592062928623,137.8488296314458,220397.27308932535
patterns2025_batch2,novel_object,False,new_Trial    17DLC_resnet50_NORT-topdownMar1shuffle1_100000,neck,neck,14531,30,0.9985067917691743,0.0,123.18078659485458,94.57021050820296,0.7677350755946,1.3206985678908314,145.50493061636553,134.47402111288426,198637.47769731417
patterns2025_batch2,novel_object,False,new_Trial    17DLC_resnet50_NORT-topdownMar1shuffle1_100000,earl,,14531,30,0.9976421852259812,0.0,130.3905688811073,95.69644927109977,0.7339215565380168,1.5056736129925763,147.70311323084718,136.54081868767986,213988.90883739793
patterns2025_batch2,novel_object,False,new_Trial    17DLC_resnet50_NORT-topdownMar1shuffle1_100000,earr,,14531,30,0.9981555603390739,0.0,131.1288987766233,94.77614699084602,0.722770860390555,1.499461136989524,147.6864797620473,136.44109915847798,225470.1831830279
patterns2025_batch2,novel_object,False,new_Trial    17DLC_resnet50_NORT-topdownMar1shuffle1_100000,bodycenter,body_center,14531,30,0.998276040219496,0.0,115.5323061271754,95.74887435180617,0.8287627726084505,1.2325240042048828,141.58803960750046,131.11769635762442,178318.99978606476
patterns2025_batch2,novel_object,False,new_Trial    17DLC_resnet50_NORT-topdownMar1shuffle1_100000,bcl,,14531,30,0.9978424435566415,0.0,118.49190357734847,96.76513186982677,0.8166391875598571,1.287719403581871,142.38232578809638,131.90835919939423,190312.71413006878
patterns2025_batch2,novel_object,False,new_Trial    17DLC_resnet50_NORT-topdownMar1shuffle1_100000,bcr,,14531,30,0.9964150076361715,0.0,117.71689263134246,95.26037860834823,0.8092328677641707,1.278106921350804,142.13721386605414,131.23571257770215,197105.43932944644
patterns2025_batch2,novel_object,False,new_Trial    17DLC_resnet50_NORT-topdownMar1shuffle1_100000,hipl,,14531,30,0.9973921616705341,0.0,114.50920521409252,101.63901232368177,0.88760560457696,1.4153753468114214,138.81804637896073,128.79359593582473,180533.74155156643
patterns2025_batch2,novel_object,False,new_Trial    17DLC_resnet50_NORT-topdownMar1shuffle1_100000,hipr,,14531,30,0.9955527394277807,0.0,113.21696463975603,99.65789837279412,0.8802382106771245,1.3966812077083817,138.06938156464986,127.35099937021236,181203.89743568818
patterns2025_batch2,novel_object,False,new_Trial    17DLC_resnet50_NORT-topdownMar1shuffle1_100000,tailbase,tail_base,14531,30,0.9994184368574384,0.0,115.52458718648954,99.80097558220784,0.8638938083466222,1.3120896828872872,131.97081995507634,122.45705125219183,164716.5416816526
patterns2025_batch2,novel_object,False,new_Trial    18DLC_resnet50_NORT-topdownMar1shuffle1_100000,nose,nose,14502,30,0.9979741272392346,0.0,176.43433849653925,107.9005002529162,0.6115617921793193,1.8213291750390717,139.69996133166023,138.68304910351245,254175.65883220697
patterns2025_batch2,novel_object,False,new_Trial    18DLC_resnet50_NORT-topdownMar1shuffle1_100000,headcenter,head,14502,30,0.9992131275763069,0.0,154.69574361942253,104.20799451044562,0.6736319440489246,1.345877535794385,136.4780584954937,135.1932439392951,212444.07271641772
patterns2025_batch2,novel_object,False,new_Trial    18DLC_resnet50_NORT-topdownMar1shuffle1_100000,neck,neck,14502,30,0.9984578723916349,0.0,141.26244800593403,106.70519644900263,0.7553684503932726,1.2872623832383714,133.5124173413998,131.55216320508248,190331.7191999536
patterns2025_batch2,novel_object,False,new_Trial    18DLC_resnet50_NORT-topdownMar1shuffle1_100000,earl,,14502,30,0.9975676241043995,0.0,148.67530754535082,106.55690287361224,0.7167088108501737,1.443622167371647,135.27347162737948,133.86399600263243,207844.491918729
patterns2025_batch2,novel_object,False,new_Trial    18DLC_resnet50_NORT-topdownMar1shuffle1_100000,earr,,14502,30,0.9980697987030628,0.0,151.2974250008584,106.08544457058575,0.701171514121829,1.4341226314662103,135.22897761678587,133.51031886511205,215466.04203158428
patterns2025_batch2,novel_object,False,new_Trial    18DLC_resnet50_NORT-topdownMar1shuffle1_100000,bodycenter,body_center,14502,30,0.9977564243814269,0.0,131.80077158212427,108.94839270037915,0.8266142253385372,1.1770277314582367,130.52971181727176,128.07149471289858,173290.75801876048
patterns2025_batch2,novel_object,False,new_Trial    18DLC_resnet50_NORT-topdownMar1shuffle1_100000,bcl,,14502,30,0.9973600102883177,0.0,134.43053016523484,109.50542204649483,0.8145874446221152,1.282555511730887,131.01040627403665,128.82454196195363,183322.3122082958
patterns2025_batch2,novel_object,False,new_Trial    18DLC_resnet50_NORT-topdownMar1shuffle1_100000,bcr,,14502,30,0.9957253378829435,0.0,135.8214381339329,108.47697213973477,0.7986734173199236,1.2265147969793788,131.1641600375496,128.3713739835507,191870.73902798438
patterns2025_batch2,novel_object,False,new_Trial    18DLC_resnet50_NORT-topdownMar1shuffle1_100000,hipl,,14502,30,0.9968467788636446,0.0,130.39601457119218,114.14994681542417,0.8754097829661952,1.4215169763210131,128.21958203224483,125.40905078982719,171236.0397136422
patterns2025_batch2,novel_object,False,new_Trial    18DLC_resnet50_NORT-topdownMar1shuffle1_100000,hipr,,14502,30,0.9949962038687058,0.0,129.5313426471817,113.90519560421104,0.8793639691859502,1.3516229008845975,128.1715084526717,124.53675414870781,181612.36298669362
patterns2025_batch2,novel_object,False,new_Trial    18DLC_resnet50_NORT-topdownMar1shuffle1_100000,tailbase,tail_base,14502,30,0.9994070736798989,0.0,134.73956803283346,113.80305405527176,0.8446149539943614,1.3056118963360481,123.26439457198356,119.01502943033584,168858.01780593267
patterns2025_batch2,novel_object,False,new_Trial    19DLC_resnet50_NORT-topdownMar1shuffle1_100000,nose,nose,14503,30,0.9976009757265768,0.0,148.350536181041,110.83639851586746,0.7471250281199334,1.7744594789852464,139.21965639583516,139.5746487306389,256080.70022370917
patterns2025_batch2,novel_object,False,new_Trial    19DLC_resnet50_NORT-topdownMar1shuffle1_100000,headcenter,head,14503,30,0.9989086791399322,0.0,124.96359370917035,100.53445972863032,0.8045099916268867,1.265527557310816,135.5944417028796,136.42457234622535,213611.7406790511
patterns2025_batch2,novel_object,False,new_Trial    19DLC_resnet50_NORT-topdownMar1shuffle1_100000,neck,neck,14503,30,0.9982969640148415,0.0,113.01429080984187,99.11344490344254,0.8769992201270463,1.1881124866049713,132.35450597853946,133.37086598856524,193928.85124352656
patterns2025_batch2,novel_object,False,new_Trial    19DLC_resnet50_NORT-topdownMar1shuffle1_100000,earl,,14503,30,0.9974439736934215,0.0,121.18154710594276,101.23831447522336,0.8354268194539218,1.391235469962559,133.72726153862223,134.74833002902147,210469.30546445402
patterns2025_batch2,novel_object,False,new_Trial    19DLC_resnet50_NORT-topdownMar1shuffle1_100000,earr,,14503,30,0.9977869989213916,0.0,120.75435203387745,100.57569480095108,0.832894989761816,1.3191822977371526,134.8473199132743,135.49959626657574,218912.89289827266
patterns2025_batch2,novel_object,False,new_Trial    19DLC_resnet50_NORT-topdownMar1shuffle1_100000,bodycenter,body_center,14503,30,0.9977348048728244,0.0,104.57611811955664,98.98317576015457,0.9465179769533236,1.077145095916183,129.0564089750648,130.44732246689512,177692.41184323328
patterns2025_batch2,novel_object,False,new_Trial    19DLC_resnet50_NORT-topdownMar1shuffle1_100000,bcl,,14503,30,0.9971712868903938,0.0,107.61506258170576,99.772411436971,0.9271231093808983,1.1831795810632906,128.56801333630148,129.85884091919297,186486.0736312733
patterns2025_batch2,novel_object,False,new_Trial    19DLC_resnet50_NORT-topdownMar1shuffle1_100000,bcr,,14503,30,0.9960164733691881,0.0,106.76129347528453,99.87368487932788,0.9354859015683324,1.1034426346765605,130.62231609988248,131.56804730023677,196924.3951458664
patterns2025_batch2,novel_object,False,new_Trial    19DLC_resnet50_NORT-topdownMar1shuffle1_100000,hipl,,14503,30,0.9963661639236511,0.0,102.139552222645,102.81416425624727,1.006604807040193,1.269183406489169,125.42114734148001,126.71111343208213,178373.2854692271
patterns2025_batch2,novel_object,False,new_Trial    19DLC_resnet50_NORT-topdownMar1shuffle1_100000,hipr,,14503,30,0.9946198753387379,0.0,100.72053802433989,102.96920815614506,1.0223258351862832,1.2082952061795105,127.46010992591103,128.54124270884884,186310.2094426487
patterns2025_batch2,novel_object,False,new_Trial    19DLC_resnet50_NORT-topdownMar1shuffle1_100000,tailbase,tail_base,14503,30,0.9992861765167315,0.0,103.4193166622838,101.97977442816658,0.9860805284682159,1.1253245891977575,121.86332645617205,123.1690971309081,167615.50923262807
patterns2025_batch2,novel_object,False,new_Trial    20DLC_resnet50_NORT-topdownMar1shuffle1_100000,nose,nose,14502,30,0.9972836216668921,0.0,131.79843325522467,92.74118320773029,0.7036592235367404,1.685471910358208,148.24971508980235,146.79214669460427,260418.77228870543
patterns2025_batch2,novel_object,False,new_Trial    20DLC_resnet50_NORT-topdownMar1shuffle1_100000,headcenter,head,14502,30,0.9988537447573547,0.0,111.03961580760964,84.91271817174562,0.7647065198682584,1.1771383350488984,145.23367780644602,144.03704105898223,220959.97538026026
patterns2025_batch2,novel_object,False,new_Trial    20DLC_resnet50_NORT-topdownMar1shuffle1_100000,neck,neck,14502,30,0.9982098207533269,0.0,100.65532148481783,84.94007615197648,0.8438706955477587,1.0862455557158701,142.13407453347156,140.9620603455841,197165.37884050776
patterns2025_batch2,novel_object,False,new_Trial    20DLC_resnet50_NORT-topdownMar1shuffle1_100000,earl,,14502,30,0.9972862626927226,0.0,106.51718092751844,85.21561303555545,0.8000175398327709,1.2436503980098657,143.36622018785295,141.7115868846205,219072.36059691914
patterns2025_batch2,novel_object,False,new_Trial    20DLC_resnet50_NORT-topdownMar1shuffle1_100000,earr,,14502,30,0.9977997603448995,0.0,108.82401293237524,86.24967068287152,0.7925610199328734,1.2303812229565088,144.79542377756422,143.7903501102634,220557.69334108464
patterns2025_batch2,novel_object,False,new_Trial    20DLC_resnet50_NORT-topdownMar1shuffle1_100000,bodycenter,body_center,14502,30,0.9978196588471386,0.0,93.81351501645925,85.52277839610758,0.9116253493017814,0.9975758720891205,138.5303052188308,137.89858585066307,181114.42657623673
patterns2025_batch2,novel_object,False,new_Trial    20DLC_resnet50_NORT-topdownMar1shuffle1_100000,bcl,,14502,30,0.9973462250845594,0.0,95.04372548654823,85.25475058765356,0.8970055640308405,1.0598807917079025,138.25346749363575,136.81502677327083,193712.76130435505
patterns2025_batch2,novel_object,False,new_Trial    20DLC_resnet50_NORT-topdownMar1shuffle1_100000,bcr,,14502,30,0.9957255133635882,0.0,97.67323982677759,86.4937372234539,0.8855418063007799,1.046221491662707,140.13405848306914,139.7031802745738,196028.19963979936
patterns2025_batch2,novel_object,False,new_Trial    20DLC_resnet50_NORT-topdownMar1shuffle1_100000,hipl,,14502,30,0.9965987105177873,0.0,90.89954744629473,88.98147327945375,0.9788989690188038,1.1393827058359152,134.72018354759768,133.39910042499451,182188.0471867919
patterns2025_batch2,novel_object,False,new_Trial    20DLC_resnet50_NORT-topdownMar1shuffle1_100000,hipr,,14502,30,0.9939308146775435,0.0,93.84199378094863,90.61436788476625,0.965605740392553,1.1363384060270278,136.30848171347424,136.35147987369166,181195.07610308152
patterns2025_batch2,novel_object,False,new_Trial    20DLC_resnet50_NORT-topdownMar1shuffle1_100000,tailbase,tail_base,14502,30,0.9992521738631202,0.0,95.48339861929246,93.5308698297897,0.979551117600162,1.1086836910187294,128.9348336846746,129.08451990932116,170096.1849932152
patterns2025_batch2,novel_object,False,new_Trial    21DLC_resnet50_NORT-topdownMar1shuffle1_100000,nose,nose,14517,30,0.9975015775037467,0.0,112.14512226098353,97.80056715283281,0.8720893533401467,1.4659082365413234,156.1757872575418,152.34087381300375,252066.5721414794
patterns2025_batch2,novel_object,False,new_Trial    21DLC_resnet50_NORT-topdownMar1shuffle1_100000,headcenter,head,14517,30,0.9991636968943307,0.0,92.1673447205786,86.24757883450751,0.9357715478945619,1.0165453791795327,153.83815111473135,150.65302281223958,211418.1700312115
patterns2025_batch2,novel_object,False,new_Trial    21DLC_resnet50_NORT-topdownMar1shuffle1_100000,neck,neck,14517,30,0.9983668594540352,0.0,81.14211148855377,83.82598068548842,1.0330761567292126,0.9121913257373798,150.8553950454964,148.38585306968287,185521.239700594
patterns2025_batch2,novel_object,False,new_Trial    21DLC_resnet50_NORT-topdownMar1shuffle1_100000,earl,,14517,30,0.9976458618600991,0.0,87.80690230054532,85.49046749606391,0.9736189895806515,1.0790718761983227,152.6710152825771,149.0857824722331,209046.6140917313
patterns2025_batch2,novel_object,False,new_Trial    21DLC_resnet50_NORT-topdownMar1shuffle1_100000,earr,,14517,30,0.9978374974075785,0.0,88.62683269296215,86.56278353809095,0.9767107873298161,1.0505381333617192,152.55242133471435,150.32258572962135,200072.40185500003
patterns2025_batch2,novel_object,False,new_Trial    21DLC_resnet50_NORT-topdownMar1shuffle1_100000,bodycenter,body_center,14517,30,0.9977976574979555,0.0,73.35969915582449,82.96331426750845,1.1309113208232326,0.7986892018598436,147.75121600697148,145.84609449960692,169530.68598748767
patterns2025_batch2,novel_object,False,new_Trial    21DLC_resnet50_NORT-topdownMar1shuffle1_100000,bcl,,14517,30,0.9973558302202229,0.0,75.07908474717205,83.3337031827372,1.109945645493182,0.8652195696848409,148.14327849281688,144.7760589888809,180584.32125735108
patterns2025_batch2,novel_object,False,new_Trial    21DLC_resnet50_NORT-topdownMar1shuffle1_100000,bcr,,14517,30,0.9960432401691791,0.0,76.6901555071752,84.4446524107943,1.101114632671381,0.8578962263198202,148.20218183634196,147.22236482088428,184252.90442811354
patterns2025_batch2,novel_object,False,new_Trial    21DLC_resnet50_NORT-topdownMar1shuffle1_100000,hipl,,14517,30,0.9965507159336889,0.0,70.39722685219306,85.06067024936718,1.20829575329667,0.904382429998306,145.43425318732167,142.15043106658348,175291.31572922695
patterns2025_batch2,novel_object,False,new_Trial    21DLC_resnet50_NORT-topdownMar1shuffle1_100000,hipr,,14517,30,0.9951224165686384,0.0,71.75831057181449,85.86863832308624,1.1966368444133084,0.8787244450914371,145.1744055918062,144.5452277264457,179523.89344766855
patterns2025_batch2,novel_object,False,new_Trial    21DLC_resnet50_NORT-topdownMar1shuffle1_100000,tailbase,tail_base,14517,30,0.9990855762023542,0.0,73.1106754870022,86.74555517108328,1.186496426045265,0.8727989626723713,140.80890184417711,139.24524009341235,167902.15397901856
patterns2025_batch2,novel_object,False,new_Trial    22DLC_resnet50_NORT-topdownMar1shuffle1_100000,nose,nose,14548,30,0.9973866735631894,0.0,91.5629709450693,87.78436036257416,0.958732110333532,1.2733442490266764,126.130008827322,135.8318426562647,257473.3226308864
patterns2025_batch2,novel_object,False,new_Trial    22DLC_resnet50_NORT-topdownMar1shuffle1_100000,headcenter,head,14548,30,0.9988486109558029,0.0,72.89781089822105,75.52011486013323,1.0359723279698125,0.8810772205113797,125.02445451019815,135.57908239455404,212822.4325473276
patterns2025_batch2,novel_object,False,new_Trial    22DLC_resnet50_NORT-topdownMar1shuffle1_100000,neck,neck,14548,30,0.9984597429235722,0.0,62.747094166063725,71.5530751836491,1.1403408577659364,0.7937098986069453,123.3662945995083,134.66291111352118,187523.43786334677
patterns2025_batch2,novel_object,False,new_Trial    22DLC_resnet50_NORT-topdownMar1shuffle1_100000,earl,,14548,30,0.9973885900729431,0.0,69.74015964735348,74.65046798483834,1.0704086191129216,0.9200058947554591,124.19502288112605,134.9445691752517,206432.50466175386
patterns2025_batch2,novel_object,False,new_Trial    22DLC_resnet50_NORT-topdownMar1shuffle1_100000,earr,,14548,30,0.9979006881721406,0.0,69.17185117801147,74.5193904145982,1.0773080255265257,0.9047276779103482,124.64728738228068,135.52812277023406,209404.11645770853
patterns2025_batch2,novel_object,False,new_Trial    22DLC_resnet50_NORT-topdownMar1shuffle1_100000,bodycenter,body_center,14548,30,0.9980080579995191,0.0,55.25911880254467,69.62888917913654,1.2600434224790813,0.6934677160691466,121.62768768073799,133.4567201750017,170507.4215933103
patterns2025_batch2,novel_object,False,new_Trial    22DLC_resnet50_NORT-topdownMar1shuffle1_100000,bcl,,14548,30,0.9972258011964379,0.0,58.46812055450904,70.9074743527896,1.2127544665418744,0.7536861518779393,121.3983172599751,133.12700053051103,179361.28327381497
patterns2025_batch2,novel_object,False,new_Trial    22DLC_resnet50_NORT-topdownMar1shuffle1_100000,bcr,,14548,30,0.9961987883917801,0.0,57.30352391207423,70.33569296461613,1.2274235188840792,0.7266088462652704,122.61265041928624,133.75978305664518,188331.73912596866
patterns2025_batch2,novel_object,False,new_Trial    22DLC_resnet50_NORT-topdownMar1shuffle1_100000,hipl,,14548,30,0.9965403868637801,0.0,53.39627578812039,72.22625601515426,1.3526459467276775,0.7434294928864288,119.93169724045707,132.28095302049493,169286.37300372112
patterns2025_batch2,novel_object,False,new_Trial    22DLC_resnet50_NORT-topdownMar1shuffle1_100000,hipr,,14548,30,0.9947248974408885,0.0,52.80363421784438,71.1537287208489,1.3475157491490106,0.7305883215495543,121.40263713569458,132.9232798416108,183677.75275740982
patterns2025_batch2,novel_object,False,new_Trial    22DLC_resnet50_NORT-topdownMar1shuffle1_100000,tailbase,tail_base,14548,30,0.9984458004638392,0.0,54.71137640925534,77.18580313948165,1.4107815998287403,0.7141710404577296,118.57956525894079,132.64740396896892,172907.5944940837
patterns2025_batch2,novel_object,False,new_Trial    23DLC_resnet50_NORT-topdownMar1shuffle1_100000,nose,nose,14710,30,0.998191630524247,0.0,93.11469443553794,83.83246723797146,0.900314045448622,1.4043626289552267,144.6432677463559,129.34469702561654,256278.54109378858
patterns2025_batch2,novel_object,False,new_Trial    23DLC_resnet50_NORT-topdownMar1shuffle1_100000,headcenter,head,14710,30,0.9991965226378269,0.0,71.63109676014862,70.81673697645176,0.9886311976148616,0.8910364488414364,142.33258112470057,126.57008477825768,214050.53804302798
patterns2025_batch2,novel_object,False,new_Trial    23DLC_resnet50_NORT-topdownMar1shuffle1_100000,neck,neck,14710,30,0.9984863803793507,0.0,62.03369901953557,67.82389398129537,1.0933395082556074,0.8134871114162351,139.41526683315027,123.65247026731858,191181.27514053194
patterns2025_batch2,novel_object,False,new_Trial    23DLC_resnet50_NORT-topdownMar1shuffle1_100000,earl,,14710,30,0.9977054795426304,0.0,68.1646812827628,70.56482951396765,1.0352110240382184,0.9540592520210489,141.14502532308651,125.52171726464657,205054.52108537054
patterns2025_batch2,novel_object,False,new_Trial    23DLC_resnet50_NORT-topdownMar1shuffle1_100000,earr,,14710,30,0.9982344806518464,0.0,68.66795684287453,70.35284879256103,1.0245368003818995,0.9249914418262882,141.1147027363086,125.14216200920094,211530.02662027517
patterns2025_batch2,novel_object,False,new_Trial    23DLC_resnet50_NORT-topdownMar1shuffle1_100000,bodycenter,body_center,14710,30,0.9981012451454218,0.0,54.937843848673495,66.67146137959459,1.213579869702229,0.6936275406488768,136.29474303424303,120.9924628820474,173138.34763696545
patterns2025_batch2,novel_object,False,new_Trial    23DLC_resnet50_NORT-topdownMar1shuffle1_100000,bcl,,14710,30,0.997340073466382,0.0,57.34398042345015,67.88160799052137,1.183761704179886,0.745926919435474,136.7210764183809,121.44800851602938,177206.3336716473
patterns2025_batch2,novel_object,False,new_Trial    23DLC_resnet50_NORT-topdownMar1shuffle1_100000,bcr,,14710,30,0.9966172801970139,0.0,57.61464596399279,66.94416817260661,1.1619296977793538,0.7264529640591373,136.94015091394337,121.25266802756903,189668.58756084187
patterns2025_batch2,novel_object,False,new_Trial    23DLC_resnet50_NORT-topdownMar1shuffle1_100000,hipl,,14710,30,0.9971584888520815,0.0,52.85861342581171,69.60257860384941,1.3167689065763755,0.7345912388506755,134.22559392406976,119.16498036238305,170281.47887666282
patterns2025_batch2,novel_object,False,new_Trial    23DLC_resnet50_NORT-topdownMar1shuffle1_100000,hipr,,14710,30,0.9958256765541619,0.0,52.41641947242177,68.05569674701874,1.2983659973727388,0.7108951730804509,134.08957208901148,118.71402529431897,181529.4503513032
patterns2025_batch2,novel_object,False,new_Trial    23DLC_resnet50_NORT-topdownMar1shuffle1_100000,tailbase,tail_base,14710,30,0.9986762294308982,0.0,51.90235377753184,68.64058375739491,1.3224946223365486,0.6589589338633655,129.64795325195792,115.11086830662829,168872.9415664596
patterns2025_batch2,novel_object,False,new_Trial    24DLC_resnet50_NORT-topdownMar1shuffle1_100000,nose,nose,14514,30,0.9972175480873604,0.0,56.66824095345386,65.66698929649118,1.158797029723028,0.8539219726358338,131.44131261528702,153.45570662300017,202161.30393589236
patterns2025_batch2,novel_object,False,new_Trial    24DLC_resnet50_NORT-topdownMar1shuffle1_100000,headcenter,head,14514,30,0.9994061294092494,0.0,43.6833983932604,56.221837233204646,1.2870298397360658,0.559907140637752,133.4370240325673,154.95978364287888,171388.78370154183
patterns2025_batch2,novel_object,False,new_Trial    24DLC_resnet50_NORT-topdownMar1shuffle1_100000,neck,neck,14514,30,0.9991258321935946,0.0,37.50519178825965,53.521216001413016,1.4270348570292315,0.48893520426950937,134.52481412303183,154.5524110459322,157381.73488840729
patterns2025_batch2,novel_object,False,new_Trial    24DLC_resnet50_NORT-topdownMar1shuffle1_100000,earl,,14514,30,0.9984842916075086,0.0,42.02031068211997,55.61283522605615,1.3234751081866685,0.5924726161206173,132.11603863297654,153.5992701159804,169619.99176061654
patterns2025_batch2,novel_object,False,new_Trial    24DLC_resnet50_NORT-topdownMar1shuffle1_100000,earr,,14514,30,0.9985268509624516,0.0,41.80902452201815,56.02551059073166,1.3400339096939848,0.5776186935495514,135.7688914454144,156.26926499838206,176246.12702219514
patterns2025_batch2,novel_object,False,new_Trial    24DLC_resnet50_NORT-topdownMar1shuffle1_100000,bodycenter,body_center,14514,30,0.998871583353476,0.0,33.30747366274321,52.392005033070916,1.572980453683436,0.41560430593990394,135.38974244219114,153.15765050011987,152583.89622067474
patterns2025_batch2,novel_object,False,new_Trial    24DLC_resnet50_NORT-topdownMar1shuffle1_100000,bcl,,14514,30,0.9983756069976369,0.0,35.42801386322231,52.685487950512886,1.4871137894976805,0.4701616555447812,131.8342730370517,151.4312968902271,156974.52357865294
patterns2025_batch2,novel_object,False,new_Trial    24DLC_resnet50_NORT-topdownMar1shuffle1_100000,bcr,,14514,30,0.9976390062308893,0.0,35.24518419650779,53.54917953026508,1.5193332295187978,0.4576466098703344,137.71693913958515,154.99019998868707,172875.6949316617
patterns2025_batch2,novel_object,False,new_Trial    24DLC_resnet50_NORT-topdownMar1shuffle1_100000,hipl,,14514,30,0.9971984449588712,0.0,32.68711079055432,54.11320803109593,1.6554907032876447,0.46745762156177645,132.67037087217028,150.22556005764818,155091.69811403373
patterns2025_batch2,novel_object,False,new_Trial    24DLC_resnet50_NORT-topdownMar1shuffle1_100000,hipr,,14514,30,0.9968290462652579,0.0,32.86292749012876,54.5619265241003,1.6602880720376905,0.4490634341334538,139.30326262782788,153.03461380325766,174554.20206403796
patterns2025_batch2,novel_object,False,new_Trial    24DLC_resnet50_NORT-topdownMar1shuffle1_100000,tailbase,tail_base,14514,30,0.9995092552350838,0.0,30.976171134351766,54.83480147553733,1.7702252882612393,0.3850013623182086,138.60714304219658,148.14541107015887,157180.1866656989
patterns2025_batch2,novel_object,False,new_Trial    25DLC_resnet50_NORT-topdownMar1shuffle1_100000,nose,nose,14506,30,0.9892042617781087,0.00013787398317937404,128.6176999919076,97.35594622356155,0.756940500644056,1.697387472547494,130.46529578211653,132.7685340195666,259456.5373107232
patterns2025_batch2,novel_object,False,new_Trial    25DLC_resnet50_NORT-topdownMar1shuffle1_100000,headcenter,head,14506,30,0.9983649394125277,0.0,109.22543781553493,88.57875879069861,0.8109718812965034,1.1869016526925944,128.2554743309868,130.76231507625891,219833.5490316918
patterns2025_batch2,novel_object,False,new_Trial    25DLC_resnet50_NORT-topdownMar1shuffle1_100000,neck,neck,14506,30,0.9983086621376723,0.0,98.19088748891842,88.36723237378905,0.899953495010033,1.1070132219725348,125.57919236152576,128.76114891246795,196938.53166756104
patterns2025_batch2,novel_object,False,new_Trial    25DLC_resnet50_NORT-topdownMar1shuffle1_100000,earl,,14506,30,0.9967344284764359,0.0,105.87905062158491,89.56134954302425,0.8458835720308766,1.2947651671262645,127.43541841542604,130.14544786894567,220929.26637830527
patterns2025_batch2,novel_object,False,new_Trial    25DLC_resnet50_NORT-topdownMar1shuffle1_100000,earr,,14506,30,0.9962404070826016,0.0,105.78878121340348,89.49555549432024,0.845983425348142,1.25077479319093,126.84943790369991,129.91396180139597,220209.73709046375
patterns2025_batch2,novel_object,False,new_Trial    25DLC_resnet50_NORT-topdownMar1shuffle1_100000,bodycenter,body_center,14506,30,0.9981771411196242,0.0,89.42400892369133,89.06801922974873,0.9960190814723328,0.9611241596103922,123.05783191249124,126.87571908104442,179111.04128770344
patterns2025_batch2,novel_object,False,new_Trial    25DLC_resnet50_NORT-topdownMar1shuffle1_100000,bcl,,14506,30,0.9971952231303751,0.0,92.46080568532543,88.77611590842031,0.9601486300103708,1.0189111157162525,124.03820240089907,127.01427920127072,194085.8325339735
patterns2025_batch2,novel_object,False,new_Trial    25DLC_resnet50_NORT-topdownMar1shuffle1_100000,bcr,,14506,30,0.9956628786856826,0.0,92.5245722479158,89.20580778591732,0.9641309937309843,0.9986157930986257,123.11347396504802,127.12158625158055,196717.84334756664
patterns2025_batch2,novel_object,False,new_Trial    25DLC_resnet50_NORT-topdownMar1shuffle1_100000,hipl,,14506,30,0.9961962517862992,0.0,87.57927513286596,91.99886118835946,1.0504638346091422,1.106394053543548,122.30566993743697,125.0629983563145,175602.568495881
patterns2025_batch2,novel_object,False,new_Trial    25DLC_resnet50_NORT-topdownMar1shuffle1_100000,hipr,,14506,30,0.9938896717728376,0.0,88.23091453357357,92.31349639266934,1.0462715577717634,1.0497530313562506,120.79834656380405,125.6385601105607,180590.796547935
patterns2025_batch2,novel_object,False,new_Trial    25DLC_resnet50_NORT-topdownMar1shuffle1_100000,tailbase,tail_base,14506,30,0.9962549326967309,0.0,88.80937324373579,96.60331220601834,1.087760319407865,1.0160164080045826,117.74214950607369,122.97993573120613,164273.98251597653
patterns2025_batch2,novel_object,False,new_Trial    26DLC_resnet50_NORT-topdownMar1shuffle1_100000,nose,nose,14550,30,0.9968514320530842,0.0,75.22464898738158,81.18740701654562,1.0792660133271508,1.0631802817160134,140.60411285070938,130.6946627575258,251221.81961307483
patterns2025_batch2,novel_object,False,new_Trial    26DLC_resnet50_NORT-topdownMar1shuffle1_100000,headcenter,head,14550,30,0.9989268742680959,0.0,61.29339591275834,70.88433062297962,1.156475825289114,0.7595848478265897,139.46257187981703,130.79053173723295,205678.86968308652
patterns2025_batch2,novel_object,False,new_Trial    26DLC_resnet50_NORT-topdownMar1shuffle1_100000,neck,neck,14550,30,0.9984920557380952,0.0,53.54707242278656,68.00359497703691,1.2699778325901245,0.6941062465809095,137.68125020570284,130.79049549371058,184499.2415762823
patterns2025_batch2,novel_object,False,new_Trial    26DLC_resnet50_NORT-topdownMar1shuffle1_100000,earl,,14550,30,0.9976932429488992,0.0,58.89299378450076,70.66891541898713,1.1999545425993525,0.7927506580814753,138.00480463183231,130.17721068256637,204444.95059520425
patterns2025_batch2,novel_object,False,new_Trial    26DLC_resnet50_NORT-topdownMar1shuffle1_100000,earr,,14550,30,0.9978934314160822,0.0,58.632948812027486,69.83123432567936,1.1909896353593383,0.7770214179940466,139.3322014516541,131.670815836395,206156.40145874512
patterns2025_batch2,novel_object,False,new_Trial    26DLC_resnet50_NORT-topdownMar1shuffle1_100000,bodycenter,body_center,14550,30,0.9982054943604158,0.0,47.96215903829145,66.78364160724482,1.3924235886446832,0.6132965016224755,135.75667401831055,130.32202453469927,167803.7608307451
patterns2025_batch2,novel_object,False,new_Trial    26DLC_resnet50_NORT-topdownMar1shuffle1_100000,bcl,,14550,30,0.9975937232733593,0.0,50.52729826912956,68.02493214132514,1.3463006032698572,0.6511998429109576,135.0897909787068,129.17464572762833,181212.7757323191
patterns2025_batch2,novel_object,False,new_Trial    26DLC_resnet50_NORT-topdownMar1shuffle1_100000,bcr,,14550,30,0.9959910699100429,0.0,49.60885222098678,66.40235959534017,1.338518361592913,0.6356485417218726,136.84526075732717,131.17253232771031,183929.51985121204
patterns2025_batch2,novel_object,False,new_Trial    26DLC_resnet50_NORT-topdownMar1shuffle1_100000,hipl,,14550,30,0.9964040303803802,0.0,47.38283560010826,69.05650916026276,1.4574161357304878,0.6573946602950254,133.7380723256048,128.69878362445507,175584.46785063576
patterns2025_batch2,novel_object,False,new_Trial    26DLC_resnet50_NORT-topdownMar1shuffle1_100000,hipr,,14550,30,0.9937415687202178,0.0,46.60290460755961,67.39337214005181,1.4461195650264191,0.6347750578226552,135.01317099779382,131.03442800371366,173468.60885195865
patterns2025_batch2,novel_object,False,new_Trial    26DLC_resnet50_NORT-topdownMar1shuffle1_100000,tailbase,tail_base,14550,30,0.9959667434172123,0.0004123711340206186,48.68631807152289,70.84418351292481,1.4551148314163087,0.642570847467523,130.9346186408768,129.60350412176055,168306.9634776445
patterns2025_batch2,novel_object,False,new_Trial    27DLC_resnet50_NORT-topdownMar1shuffle1_100000,nose,nose,14519,30,0.9976785334027399,0.0,163.10216021650552,109.14387665135582,0.6691749300344996,1.873710356605303,155.27975529745174,153.17422186685306,264059.64725467557
patterns2025_batch2,novel_object,False,new_Trial    27DLC_resnet50_NORT-topdownMar1shuffle1_100000,headcenter,head,14519,30,0.9992205608571739,0.0,139.67119670582215,102.82496834882483,0.7361930789881934,1.3760255692387353,150.86390612084392,148.66048175092854,222931.0531911715
patterns2025_batch2,novel_object,False,new_Trial    27DLC_resnet50_NORT-topdownMar1shuffle1_100000,neck,neck,14519,30,0.9988594592516642,0.0,125.92962525921764,104.06021707354286,0.8263362720197246,1.2991951003460536,146.51655249963395,144.2625783441897,200173.97590581622
patterns2025_batch2,novel_object,False,new_Trial    27DLC_resnet50_NORT-topdownMar1shuffle1_100000,earl,,14519,30,0.9979654468446651,0.0,135.78369158036122,105.40038360708094,0.776237428665736,1.5208275299419214,149.3438779257796,146.79816135815318,220279.02999990268
patterns2025_batch2,novel_object,False,new_Trial    27DLC_resnet50_NORT-topdownMar1shuffle1_100000,earr,,14519,30,0.998479547091067,0.0,134.45028899075103,103.65745960009751,0.7709723822700613,1.478333327272869,148.7768737506199,146.5352277618257,228260.28424603035
patterns2025_batch2,novel_object,False,new_Trial    27DLC_resnet50_NORT-topdownMar1shuffle1_100000,bodycenter,body_center,14519,30,0.9986990040857213,0.0,116.50207732931395,105.66818427117204,0.9070068679761136,1.183253782533977,142.17887339585508,140.35226904840013,183084.67684727162
patterns2025_batch2,novel_object,False,new_Trial    27DLC_resnet50_NORT-topdownMar1shuffle1_100000,bcl,,14519,30,0.9982920546358927,0.0,122.13320208612582,107.34609029405571,0.8789263563101986,1.2697583168679338,143.34968633973787,141.25128847013096,191957.4896724522
patterns2025_batch2,novel_object,False,new_Trial    27DLC_resnet50_NORT-topdownMar1shuffle1_100000,bcr,,14519,30,0.9975004624143039,0.0,118.22407032322876,103.93821485009427,0.8791628859159014,1.2089829579943654,142.6343720255237,140.712418766941,201970.8951320083
patterns2025_batch2,novel_object,False,new_Trial    27DLC_resnet50_NORT-topdownMar1shuffle1_100000,hipl,,14519,30,0.9979142747976965,0.0,118.31023549219358,112.72725534074412,0.9528106750170585,1.3732458539383499,139.50216143745325,137.4271242099863,175295.27400124207
patterns2025_batch2,novel_object,False,new_Trial    27DLC_resnet50_NORT-topdownMar1shuffle1_100000,hipr,,14519,30,0.9970052032375789,0.0,112.72334699879441,107.23433088315886,0.9513054193139399,1.2746099942565685,138.269335897558,136.09230912827852,185494.2382785934
patterns2025_batch2,novel_object,False,new_Trial    27DLC_resnet50_NORT-topdownMar1shuffle1_100000,tailbase,tail_base,14519,30,0.9995574422575273,0.0,120.64808298137508,112.09136156602158,0.929077021334235,1.2935470468431056,131.9609066178146,129.5666430741828,164652.34177203476
patterns2025_batch2,novel_object,False,new_Trial    28DLC_resnet50_NORT-topdownMar1shuffle1_100000,nose,nose,14532,30,0.9973636595114447,0.0,144.37850666934753,94.50070502225138,0.6545344400789157,1.8615502683841543,147.74852817720048,146.51094944129412,267003.57967085944
patterns2025_batch2,novel_object,False,new_Trial    28DLC_resnet50_NORT-topdownMar1shuffle1_100000,headcenter,head,14532,30,0.9994925620788521,0.0,124.27348404939973,86.61998700010567,0.6970110129500635,1.3261082496070922,144.709452529787,144.20609855963863,223707.5277453896
patterns2025_batch2,novel_object,False,new_Trial    28DLC_resnet50_NORT-topdownMar1shuffle1_100000,neck,neck,14532,30,0.9985958344264363,0.0,112.32692635377708,87.69362696450348,0.7806999604734997,1.305708408761783,140.51585834687754,140.69317355272364,198548.39939457836
patterns2025_batch2,novel_object,False,new_Trial    28DLC_resnet50_NORT-topdownMar1shuffle1_100000,earl,,14532,30,0.9980727456307037,0.0,121.19523608402505,89.07388658542014,0.7349619462242305,1.472152027029557,143.54530387085418,144.09737501581992,217817.48846221482
patterns2025_batch2,novel_object,False,new_Trial    28DLC_resnet50_NORT-topdownMar1shuffle1_100000,earr,,14532,30,0.9984811589618113,0.0,120.13295977258605,87.82242768620978,0.7310435691625287,1.4403053033709419,142.4700994308572,141.53344207936667,227612.5281689217
patterns2025_batch2,novel_object,False,new_Trial    28DLC_resnet50_NORT-topdownMar1shuffle1_100000,bodycenter,body_center,14532,30,0.998398692802132,0.0,103.29222404437793,88.46624291139318,0.8564656607005093,1.1418972201790833,135.87553553039447,137.10690886291616,179699.836751596
patterns2025_batch2,novel_object,False,new_Trial    28DLC_resnet50_NORT-topdownMar1shuffle1_100000,bcl,,14532,30,0.9978513044781702,0.0,108.77163366482034,90.67855457022847,0.8336599489684445,1.2382941618677308,137.6585652417058,139.85465140679534,187017.15862800146
patterns2025_batch2,novel_object,False,new_Trial    28DLC_resnet50_NORT-topdownMar1shuffle1_100000,bcr,,14532,30,0.9968093628319636,0.0,104.12117918349324,86.77851213580657,0.833437661927324,1.1853150744832088,135.75527398864847,135.6069167836344,199640.25472375564
patterns2025_batch2,novel_object,False,new_Trial    28DLC_resnet50_NORT-topdownMar1shuffle1_100000,hipl,,14532,30,0.9973626211018987,0.0,104.91825574172543,95.1846561213325,0.9072268257646802,1.2765810032945872,133.76145679205084,137.1836145558568,172493.70813818055
patterns2025_batch2,novel_object,False,new_Trial    28DLC_resnet50_NORT-topdownMar1shuffle1_100000,hipr,,14532,30,0.9966040725693899,0.0,96.95905420549441,89.76766561934032,0.9258306648607286,1.1662506492476972,130.87520293128358,131.48254206095945,179760.91388855735
patterns2025_batch2,novel_object,False,new_Trial    28DLC_resnet50_NORT-topdownMar1shuffle1_100000,tailbase,tail_base,14532,30,0.9987515661790618,0.00020644095788604458,105.20207093460805,95.13376421933913,0.9042955464106099,1.1193482782161408,125.15672250854136,128.0250672707415,159710.35031568055
patterns2025_batch2,novel_object,False,new_Trial    29DLC_resnet50_NORT-topdownMar1shuffle1_100000,nose,nose,14532,30,0.9986672740221483,0.0,118.23255798942505,89.15439409855585,0.7540595891237505,1.682370300866783,144.66474865780276,137.10777722978213,263839.85982156935
patterns2025_batch2,novel_object,False,new_Trial    29DLC_resnet50_NORT-topdownMar1shuffle1_100000,headcenter,head,14532,30,0.9995209158426666,0.0,95.48329476930368,77.92067711115297,0.8160660699802662,1.1434850810071997,141.33527253616444,133.8066610862749,223924.60871038202
patterns2025_batch2,novel_object,False,new_Trial    29DLC_resnet50_NORT-topdownMar1shuffle1_100000,neck,neck,14532,30,0.9989404360264613,0.0,83.22167125655054,75.37119238872667,0.9056678537057625,1.0110883550017573,137.78549034011553,130.51012970208473,198505.8077691075
patterns2025_batch2,novel_object,False,new_Trial    29DLC_resnet50_NORT-topdownMar1shuffle1_100000,earl,,14532,30,0.9984808500488042,0.0,92.15361089276578,78.37968672470349,0.8505329955644356,1.2134373401490768,139.55921333400224,131.96093109892644,218236.01810779836
patterns2025_batch2,novel_object,False,new_Trial    29DLC_resnet50_NORT-topdownMar1shuffle1_100000,earr,,14532,30,0.9988589972265818,0.0,90.41987138889023,77.38006151112906,0.8557860160884574,1.121847366748769,140.21798484552522,132.86515542321297,221149.55894781102
patterns2025_batch2,novel_object,False,new_Trial    29DLC_resnet50_NORT-topdownMar1shuffle1_100000,bodycenter,body_center,14532,30,0.9985691212997468,0.0,73.88911864135041,74.78966981901169,1.0121878727777558,0.9001642601749059,133.9492697184334,127.51505302462658,178682.42690935754
patterns2025_batch2,novel_object,False,new_Trial    29DLC_resnet50_NORT-topdownMar1shuffle1_100000,bcl,,14532,30,0.9979587351114272,0.0,79.00123888699312,77.00852294530235,0.9747761431369292,1.0071799754940371,134.04742281680967,127.24725535914375,189898.4559129062
patterns2025_batch2,novel_object,False,new_Trial    29DLC_resnet50_NORT-topdownMar1shuffle1_100000,bcr,,14532,30,0.9971097317192793,0.0,75.97686824283453,74.98264353009118,0.9869141129960024,0.9195878140321428,135.22573940247563,128.63090536664512,194553.8367104726
patterns2025_batch2,novel_object,False,new_Trial    29DLC_resnet50_NORT-topdownMar1shuffle1_100000,hipl,,14532,30,0.9973614477492744,0.0,73.37509652964755,80.10935886794891,1.0917785823365882,1.0063676844246492,130.38189744613578,124.27671281844381,171397.17209305835
patterns2025_batch2,novel_object,False,new_Trial    29DLC_resnet50_NORT-topdownMar1shuffle1_100000,hipr,,14532,30,0.99674919574936,0.0,69.184112200078,77.05034032991121,1.113699921552572,0.908407571872607,131.42973271403406,125.6795818016733,181496.69218408506
patterns2025_batch2,novel_object,False,new_Trial    29DLC_resnet50_NORT-topdownMar1shuffle1_100000,tailbase,tail_base,14532,30,0.9996397915931238,0.0,71.8479437999189,78.61747325245305,1.094220225305067,0.8812644869837193,125.66615451808663,120.56080374242632,164450.05829783532
patterns2025_batch2,novel_object,False,new_Trial    30DLC_resnet50_NORT-topdownMar1shuffle1_100000,nose,nose,14894,30,0.9978883603410912,0.0,149.65316719812535,95.5191209343415,0.6382699592844837,1.9498373356415544,156.58533520992054,149.899733222115,263236.8567723009
patterns2025_batch2,novel_object,False,new_Trial    30DLC_resnet50_NORT-topdownMar1shuffle1_100000,headcenter,head,14894,30,0.9995362107083351,0.0,127.49738735156706,86.88582763622769,0.6814714359333872,1.39628835326113,152.8229740898691,146.22119808417054,221156.78141198127
patterns2025_batch2,novel_object,False,new_Trial    30DLC_resnet50_NORT-topdownMar1shuffle1_100000,neck,neck,14894,30,0.9989740441545666,0.0,114.68364349205379,87.59467382975713,0.7637939566842101,1.3094239290459984,148.478667852154,142.1507146847035,196613.55658799876
patterns2025_batch2,novel_object,False,new_Trial    30DLC_resnet50_NORT-topdownMar1shuffle1_100000,earl,,14894,30,0.998608684286073,0.0,122.69155567579075,88.56858779696756,0.721880061827627,1.4576082499166745,151.190242481082,144.14430271632028,219344.69005866523
patterns2025_batch2,novel_object,False,new_Trial    30DLC_resnet50_NORT-topdownMar1shuffle1_100000,earr,,14894,30,0.99878014254141,0.0,123.24135949517398,88.05537584693607,0.714495330201094,1.4660348698168926,150.83570458435815,144.84514766692888,226738.1255677489
patterns2025_batch2,novel_object,False,new_Trial    30DLC_resnet50_NORT-topdownMar1shuffle1_100000,bodycenter,body_center,14894,30,0.9985036431014241,0.0,105.70612255975026,88.98283147172849,0.8417944894481495,1.1861977424874801,143.89712741546538,138.08453576784632,176746.44746741932
patterns2025_batch2,novel_object,False,new_Trial    30DLC_resnet50_NORT-topdownMar1shuffle1_100000,bcl,,14894,30,0.9982814072193964,0.0,108.6009575195028,89.73493935101116,0.8262812907049771,1.2542848158821955,145.1305011140168,138.2164022165398,188689.73725731927
patterns2025_batch2,novel_object,False,new_Trial    30DLC_resnet50_NORT-topdownMar1shuffle1_100000,bcr,,14894,30,0.9967362305670436,0.0,108.34782729819315,88.72111421961466,0.8188545763399374,1.2194101413014533,144.39081374160423,139.0766887453248,199016.17110850877
patterns2025_batch2,novel_object,False,new_Trial    30DLC_resnet50_NORT-topdownMar1shuffle1_100000,hipl,,14894,30,0.9977193937191823,0.0,103.1169249878266,93.77958122969116,0.909448970096444,1.2887787966046524,141.0817103340428,134.1166289282064,170766.48417724704
patterns2025_batch2,novel_object,False,new_Trial    30DLC_resnet50_NORT-topdownMar1shuffle1_100000,hipr,,14894,30,0.9959320319496067,0.0,101.73435381889192,93.16676993783037,0.9157847515666772,1.234522572537715,139.54006467934622,134.61303050012634,188231.4273691401
patterns2025_batch2,novel_object,False,new_Trial    30DLC_resnet50_NORT-topdownMar1shuffle1_100000,tailbase,tail_base,14894,30,0.9996926000218463,0.0,104.81649578273958,93.43939374933491,0.8914569510414966,1.1945930837977057,133.2045256651736,127.85423279562791,174535.37704415646
patterns2025_batch2,novel_object,False,new_Trial    31DLC_resnet50_NORT-topdownMar1shuffle1_100000,nose,nose,14638,30,0.998275790970774,0.0,129.68448193580315,87.01099481983935,0.6709437669104606,1.8153285374360988,150.00544358154858,140.30969639964064,268526.1761510878
patterns2025_batch2,novel_object,False,new_Trial    31DLC_resnet50_NORT-topdownMar1shuffle1_100000,headcenter,head,14638,30,0.9995820836415625,0.0,107.1278746668485,76.23654974674434,0.7116406442658224,1.311169503079119,147.0231877502202,137.9552112255079,224786.3412558355
patterns2025_batch2,novel_object,False,new_Trial    31DLC_resnet50_NORT-topdownMar1shuffle1_100000,neck,neck,14638,30,0.9989538406809426,0.0,94.41364500019954,74.42894264554525,0.7883282405354433,1.1993837826221072,143.91028337232947,135.0177479642437,199902.3134468255
patterns2025_batch2,novel_object,False,new_Trial    31DLC_resnet50_NORT-topdownMar1shuffle1_100000,earl,,14638,30,0.9986017884444565,0.0,102.25393156698887,76.7828701226661,0.7509038424831997,1.403104789589286,145.83570497169262,137.40192786983638,225281.25043913053
patterns2025_batch2,novel_object,False,new_Trial    31DLC_resnet50_NORT-topdownMar1shuffle1_100000,earr,,14638,30,0.9989138842280534,0.0,104.45970888878547,77.00722722120632,0.7371954990147749,1.3902895348324529,145.63153719194526,136.2573161867928,227800.82650344702
patterns2025_batch2,novel_object,False,new_Trial    31DLC_resnet50_NORT-topdownMar1shuffle1_100000,bodycenter,body_center,14638,30,0.9987865969862406,0.0,84.3831069582958,74.24606349309904,0.8798688051364744,1.0822763338252817,141.10882319287887,132.36328554533674,179187.9472468989
patterns2025_batch2,novel_object,False,new_Trial    31DLC_resnet50_NORT-topdownMar1shuffle1_100000,bcl,,14638,30,0.9984498732295872,0.0,87.26169693976779,75.01782786673981,0.8596879329371822,1.1398452323505899,141.92200157459752,133.87960546708698,193176.79739815835
patterns2025_batch2,novel_object,False,new_Trial    31DLC_resnet50_NORT-topdownMar1shuffle1_100000,bcr,,14638,30,0.9974231062845579,0.0,88.2270108417882,74.96473282642522,0.8496800708895673,1.1278518115365852,141.23055392768498,131.81867998449476,199772.95470865304
patterns2025_batch2,novel_object,False,new_Trial    31DLC_resnet50_NORT-topdownMar1shuffle1_100000,hipl,,14638,30,0.9982626893584203,0.0,83.04651049286265,78.14856281878856,0.9410216317939688,1.1729861024610364,139.93627054780873,132.09775859835082,181512.82074733428
patterns2025_batch2,novel_object,False,new_Trial    31DLC_resnet50_NORT-topdownMar1shuffle1_100000,hipr,,14638,30,0.9975796130604554,0.0,82.06683206274265,77.80863214695205,0.9481130219266284,1.1327084502532079,138.47632047503296,129.310091537945,175619.36988925876
patterns2025_batch2,novel_object,False,new_Trial    31DLC_resnet50_NORT-topdownMar1shuffle1_100000,tailbase,tail_base,14638,30,0.9995478732140602,0.0,85.5674817298827,79.08928672467894,0.9242913911425609,1.0660491781414252,135.60789094413389,127.36318467435021,171895.9470555588
patterns2025_batch2,novel_object,False,new_Trial    32DLC_resnet50_NORT-topdownMar1shuffle1_100000,nose,nose,14864,30,0.9976369820583303,0.0,165.37892880310608,103.71738264091269,0.6271499240655664,2.075505094059624,139.62998039994196,137.15218837563302,268756.08479472745
patterns2025_batch2,novel_object,False,new_Trial    32DLC_resnet50_NORT-topdownMar1shuffle1_100000,headcenter,head,14864,30,0.9994460173328161,0.0,143.34135795461356,94.89206981069468,0.6620006337650334,1.487969253660113,137.24149224305268,134.86452472048202,229326.86537179258
patterns2025_batch2,novel_object,False,new_Trial    32DLC_resnet50_NORT-topdownMar1shuffle1_100000,neck,neck,14864,30,0.9990380364314796,0.0,128.64873907180012,94.94756194467273,0.7380372526751433,1.3803382283910677,133.97466592354172,132.06455697955033,207569.1741258123
patterns2025_batch2,novel_object,False,new_Trial    32DLC_resnet50_NORT-topdownMar1shuffle1_100000,earl,,14864,30,0.9985433367829855,0.0,138.03497816749186,95.85090312204208,0.6943957567460651,1.575147220844762,136.24217422830003,134.47275790704708,220061.6412713593
patterns2025_batch2,novel_object,False,new_Trial    32DLC_resnet50_NORT-topdownMar1shuffle1_100000,earr,,14864,30,0.9987034770199955,0.0,139.28521254920034,96.44730300140955,0.6924446697264509,1.5837256244058149,135.7434393619751,133.17331170505747,240856.74118427842
patterns2025_batch2,novel_object,False,new_Trial    32DLC_resnet50_NORT-topdownMar1shuffle1_100000,bodycenter,body_center,14864,30,0.9985835129320942,0.0,116.36689981707202,96.03460579476274,0.8252742484824163,1.2872971761057577,130.44057161558254,129.136697047863,185129.64813965082
patterns2025_batch2,novel_object,False,new_Trial    32DLC_resnet50_NORT-topdownMar1shuffle1_100000,bcl,,14864,30,0.9979612551934304,0.0,121.2137249375633,96.72098718502336,0.7979375869757649,1.336435601104475,131.67168459445216,130.62256004091591,196640.88401998262
patterns2025_batch2,novel_object,False,new_Trial    32DLC_resnet50_NORT-topdownMar1shuffle1_100000,bcr,,14864,30,0.9970597839474165,0.0,119.75907254978907,95.89237196378222,0.800710709611713,1.3225623703224552,130.48247210272112,128.56402480936285,209539.44033674605
patterns2025_batch2,novel_object,False,new_Trial    32DLC_resnet50_NORT-topdownMar1shuffle1_100000,hipl,,14864,30,0.9976208001190738,0.0,115.22213795194364,101.5564070732648,0.8813966558719949,1.4407666693581547,128.78222716807363,128.1836627553639,182179.6006911965
patterns2025_batch2,novel_object,False,new_Trial    32DLC_resnet50_NORT-topdownMar1shuffle1_100000,hipr,,14864,30,0.9966542609797869,0.0,110.89137011365484,99.83834429907446,0.9003256447886621,1.3870344905625134,126.83450518234656,125.54876854586242,192603.88094273658
patterns2025_batch2,novel_object,False,new_Trial    32DLC_resnet50_NORT-topdownMar1shuffle1_100000,tailbase,tail_base,14864,30,0.9996206931072108,0.0,117.99871992621115,100.47862373351603,0.8515229978456456,1.304251544867314,123.47737569442987,122.76956238895563,175914.24572744756
patterns2025_batch2,novel_object,False,new_Trial    33DLC_resnet50_NORT-topdownMar1shuffle1_100000,nose,nose,14490,30,0.9977100695656282,0.0,164.74247995759453,110.16879137584091,0.6687333552596687,1.938906135502594,152.0581506958115,148.50299811789512,265896.88281492144
patterns2025_batch2,novel_object,False,new_Trial    33DLC_resnet50_NORT-topdownMar1shuffle1_100000,headcenter,head,14490,30,0.9993130533262481,0.0,141.3494564177204,102.46322738915732,0.7248929708392704,1.3784725800789879,147.6372623258721,144.59060780578034,223831.73326772725
patterns2025_batch2,novel_object,False,new_Trial    33DLC_resnet50_NORT-topdownMar1shuffle1_100000,neck,neck,14490,30,0.9989156154001722,0.0,128.87581660731735,103.17593735070001,0.8005841597502774,1.2913339735064464,143.74154583608419,140.96174051692986,200061.09049965258
patterns2025_batch2,novel_object,False,new_Trial    33DLC_resnet50_NORT-topdownMar1shuffle1_100000,earl,,14490,30,0.9982260926580988,0.0,137.22266479023776,103.21311481733561,0.7521579250418284,1.50488080867849,146.91694542730343,143.7102329843244,225654.0132914446
patterns2025_batch2,novel_object,False,new_Trial    33DLC_resnet50_NORT-topdownMar1shuffle1_100000,earr,,14490,30,0.9987936322157592,0.0,138.08808742571924,104.44012174575164,0.7563297000686782,1.4613415051642766,145.25095669545803,142.50124241328064,226303.94100748096
patterns2025_batch2,novel_object,False,new_Trial    33DLC_resnet50_NORT-topdownMar1shuffle1_100000,bodycenter,body_center,14490,30,0.9984899790143867,0.0,120.86642786345998,104.6045646162759,0.8654559124924687,1.22098757639277,139.83208526522694,137.61388409336334,183014.0559608246
patterns2025_batch2,novel_object,False,new_Trial    33DLC_resnet50_NORT-topdownMar1shuffle1_100000,bcl,,14490,30,0.998012761336676,0.0,124.05949319256473,104.3213490206358,0.8408977526508877,1.3044300247059575,141.7282918223629,138.9884271312879,205522.116452466
patterns2025_batch2,novel_object,False,new_Trial    33DLC_resnet50_NORT-topdownMar1shuffle1_100000,bcr,,14490,30,0.9972039079690819,0.0,123.89271523612847,105.44424098170228,0.8510931476538791,1.2554348381308627,139.50678155179745,137.27524767741517,198218.4094848181
patterns2025_batch2,novel_object,False,new_Trial    33DLC_resnet50_NORT-topdownMar1shuffle1_100000,hipl,,14490,30,0.9974368155331674,0.0,119.41226137783451,109.31834492584699,0.9154700167677993,1.4177821300317404,138.00427839168236,135.65374923453865,190552.04773138024
patterns2025_batch2,novel_object,False,new_Trial    33DLC_resnet50_NORT-topdownMar1shuffle1_100000,hipr,,14490,30,0.9964646950230424,0.0,118.74532539156439,109.72706675761367,0.924053779765958,1.3711093370194847,135.29232125171833,133.3885649548647,180123.96571017615
patterns2025_batch2,novel_object,False,new_Trial    33DLC_resnet50_NORT-topdownMar1shuffle1_100000,tailbase,tail_base,14490,30,0.9996138677216958,0.0,125.27580714513881,111.4471174884277,0.8896140446280275,1.380934614938043,129.905191726479,128.71682206717657,170124.00040109345
patterns2025_batch2,novel_object,False,new_Trial    34DLC_resnet50_NORT-topdownMar1shuffle1_100000,nose,nose,14517,30,0.9977500980867863,0.0,174.2402829594541,105.61832242346384,0.606164777912128,1.9222998754631668,142.2832650781471,145.51344014613608,257447.93718303842
patterns2025_batch2,novel_object,False,new_Trial    34DLC_resnet50_NORT-topdownMar1shuffle1_100000,headcenter,head,14517,30,0.999440942908841,0.0,153.80608800546207,102.8217273842402,0.6685153280836889,1.4095471307898133,138.9903702367169,142.83611628222852,219733.1008673937
patterns2025_batch2,novel_object,False,new_Trial    34DLC_resnet50_NORT-topdownMar1shuffle1_100000,neck,neck,14517,30,0.9988854043352511,0.0,140.66942508345304,105.24718175094596,0.7481880422025425,1.3196055320514448,135.15769838805852,139.45432662865514,194499.23755700933
patterns2025_batch2,novel_object,False,new_Trial    34DLC_resnet50_NORT-topdownMar1shuffle1_100000,earl,,14517,30,0.9983762139754083,0.0,148.96831238635278,104.75875890454148,0.7032284734007539,1.5039786150786636,138.3070566753762,142.24826746265308,220073.06276498613
patterns2025_batch2,novel_object,False,new_Trial    34DLC_resnet50_NORT-topdownMar1shuffle1_100000,earr,,14517,30,0.9985650388664177,0.0,149.8610225569275,104.7954357485209,0.6992841364652533,1.4739380632557104,136.50648514625644,140.71304382919908,215935.1948350572
patterns2025_batch2,novel_object,False,new_Trial    34DLC_resnet50_NORT-topdownMar1shuffle1_100000,bodycenter,body_center,14517,30,0.9986424550723051,0.0,131.10208009272537,107.43547531160367,0.8194795630673222,1.2216238943312194,131.2568182583557,136.0869128208246,174970.46312524908
patterns2025_batch2,novel_object,False,new_Trial    34DLC_resnet50_NORT-topdownMar1shuffle1_100000,bcl,,14517,30,0.9982403557417338,0.0,134.395514450476,107.5740046828023,0.8004285345582922,1.3102755506494952,133.30614205026347,137.82841649884804,192830.84692871547
patterns2025_batch2,novel_object,False,new_Trial    34DLC_resnet50_NORT-topdownMar1shuffle1_100000,bcr,,14517,30,0.9973092088236529,0.0,134.9178494950161,106.87606877504244,0.7921566284599761,1.2596221102382537,130.65816372369585,135.43001565150246,191090.3494247477
patterns2025_batch2,novel_object,False,new_Trial    34DLC_resnet50_NORT-topdownMar1shuffle1_100000,hipl,,14517,30,0.9975244569377711,0.0,129.07450290106192,113.48031239964351,0.8791845782790141,1.4732543197965513,130.04473234949384,134.8571248251251,183805.55312621684
patterns2025_batch2,novel_object,False,new_Trial    34DLC_resnet50_NORT-topdownMar1shuffle1_100000,hipr,,14517,30,0.9965863808288451,0.0,129.00867256450644,111.17398650155666,0.8617559137039245,1.392299226962921,126.59690509064389,131.4414287302725,175044.90072463237
patterns2025_batch2,novel_object,False,new_Trial    34DLC_resnet50_NORT-topdownMar1shuffle1_100000,tailbase,tail_base,14517,30,0.9996780014821482,0.0,134.33645130509325,113.21593483427796,0.842778960843262,1.3779361711232596,122.3011464970364,127.24491153128037,165861.30474804295
sturman_epm,elevated_plus_maze,False,EPM_10DeepCut_resnet50_epmMay17shuffle1_1030000,tl,,15080,25,0.9958029145883787,0.003978779840848806,7.68605019813445,10.196780295111077,1.3266606426257832,0.27374215680818004,1.0788037318498174,1.543767682112166,331.77704288992413
sturman_epm,elevated_plus_maze,False,EPM_10DeepCut_resnet50_epmMay17shuffle1_1030000,tr,,15080,25,0.991285661356993,0.007161803713527852,7.45615002681,10.575658554139299,1.4183806007272541,0.28170430308074446,0.9551893323582105,1.6414217058519736,252.81873292131587
sturman_epm,elevated_plus_maze,False,EPM_10DeepCut_resnet50_epmMay17shuffle1_1030000,bl,,15080,25,0.996896292719822,0.001989389920424403,8.766891906436467,10.937713067641505,1.2476158237574788,0.3051361301582742,1.1609146865040134,1.922882135455569,416.2067905799734
sturman_epm,elevated_plus_maze,False,EPM_10DeepCut_resnet50_epmMay17shuffle1_1030000,br,,15080,25,0.9964818082077908,0.002652519893899204,7.389531001352195,8.492619825821027,1.1492772442888433,0.26317482270870807,0.9276180470209201,1.1252207478863638,141.2026638537871
sturman_epm,elevated_plus_maze,False,EPM_10DeepCut_resnet50_epmMay17shuffle1_1030000,lt,,15080,25,0.9966944071377778,0.003116710875331565,4.974647237335824,5.75174760321702,1.1562121551150173,0.1670634647888076,0.5080194869072802,0.5213356837796652,89.78244711461603
sturman_epm,elevated_plus_maze,False,EPM_10DeepCut_resnet50_epmMay17shuffle1_1030000,lb,,15080,25,0.999590824461426,0.0,7.864880952037038,10.80639999384134,1.374006810750573,0.28740356519965843,0.8078556441100682,0.7716120475845456,402.06068489428617
sturman_epm,elevated_plus_maze,False,EPM_10DeepCut_resnet50_epmMay17shuffle1_1030000,rt,,15080,25,0.9972176141305691,0.0027188328912466845,4.113074649073053,5.292745135079173,1.2868098895973057,0.14908326436909658,0.63580051808592,0.6838599191280162,199.8982616925398
sturman_epm,elevated_plus_maze,False,EPM_10DeepCut_resnet50_epmMay17shuffle1_1030000,rb,,15080,25,0.9965358338815306,0.003050397877984085,7.095717152478826,7.52748664209109,1.0608493095671703,0.258049232315374,0.5353917594305454,1.1173691462744202,67.69986250422762
sturman_epm,elevated_plus_maze,False,EPM_10DeepCut_resnet50_epmMay17shuffle1_1030000,ctl,,15080,25,0.983591768951884,0.01226790450928382,11.387711967704778,19.430826932943756,1.7062977170522946,0.5022258825696476,1.2171660286563428,2.394276897297199,736.5184774051954
sturman_epm,elevated_plus_maze,False,EPM_10DeepCut_resnet50_epmMay17shuffle1_1030000,ctr,,15080,25,0.7582173534073627,0.0986737400530504,54.71638559169231,440.3774278947617,8.04836472900405,2.966731889447217,12.743031113154617,31.495901765184783,165045.46929936414
sturman_epm,elevated_plus_maze,False,EPM_10DeepCut_resnet50_epmMay17shuffle1_1030000,cbl,,15080,25,0.9478796336276145,0.04343501326259947,10.40035873629689,17.415496639046907,1.6745092242123754,0.4729321258819537,1.6417756649212887,1.8028894862396505,377.87878800597406
sturman_epm,elevated_plus_maze,False,EPM_10DeepCut_resnet50_epmMay17shuffle1_1030000,cbr,,15080,25,0.7472544776725358,0.18129973474801062,29.069952429954466,183.89487681427195,6.325943506697373,1.3307961150744214,8.481375569102674,12.127258093732726,92339.35855250341
sturman_epm,elevated_plus_maze,False,EPM_10DeepCut_resnet50_epmMay17shuffle1_1030000,nose,nose,15080,25,0.8446013904040783,0.12141909814323608,80.83196381442262,122.44387566522894,1.5147952602802115,3.944602276793984,89.45458318870286,171.43126672846356,565642.9657315284
sturman_epm,elevated_plus_maze,False,EPM_10DeepCut_resnet50_epmMay17shuffle1_1030000,headcentre,head,15080,25,0.9888741176782931,0.004907161803713528,72.25083492056332,108.9071845071071,1.5073484566212398,3.741495671187001,88.04356069029855,174.15933379995218,581863.4746891652
sturman_epm,elevated_plus_maze,False,EPM_10DeepCut_resnet50_epmMay17shuffle1_1030000,neck,neck,15080,25,0.9981118916872326,0.00046419098143236074,62.23450617445618,94.68038551524545,1.5213487072563372,3.235684837338403,84.94837584396716,174.63436899093858,544930.4279283243
sturman_epm,elevated_plus_maze,False,EPM_10DeepCut_resnet50_epmMay17shuffle1_1030000,earl,,15080,25,0.9941660684777982,0.0015915119363395225,69.61739208604136,110.76223608928791,1.5910138655064083,3.631166431742385,87.95174541426557,173.55587491899232,570463.0777804158
sturman_epm,elevated_plus_maze,False,EPM_10DeepCut_resnet50_epmMay17shuffle1_1030000,earr,,15080,25,0.998458229744466,0.0001989389920424403,68.323252051195,106.54862527898058,1.5594782461341725,3.566097056546955,86.34560869107054,174.70102985826819,562068.1600986759
sturman_epm,elevated_plus_maze,False,EPM_10DeepCut_resnet50_epmMay17shuffle1_1030000,bodycentre,body_center,15080,25,0.999127536982456,0.0001989389920424403,50.92528889367995,80.23191730825025,1.5754828112169508,2.6442269574206168,77.8896158402043,175.4596427870852,478808.43737317034
sturman_epm,elevated_plus_maze,False,EPM_10DeepCut_resnet50_epmMay17shuffle1_1030000,bcl,,15080,25,0.9918122734410061,0.0021883289124668436,57.07634612353934,91.37841807284707,1.6009857721982124,2.998826120288701,80.86178398735748,173.94860289530635,487000.20780256006
sturman_epm,elevated_plus_maze,False,EPM_10DeepCut_resnet50_epmMay17shuffle1_1030000,bcr,,15080,25,0.9913823738555851,0.004708222811671088,56.77837971500754,94.79716775805564,1.6695997355662309,3.0014207853127965,78.16331911456804,175.54227093657883,482236.35209295957
sturman_epm,elevated_plus_maze,False,EPM_10DeepCut_resnet50_epmMay17shuffle1_1030000,hipl,,15080,25,0.9802493605456396,0.010477453580901857,55.81412889370231,109.37710178788824,1.9596669150959303,3.0107856184295576,73.25031264614599,178.55818311795295,445247.30090203625
sturman_epm,elevated_plus_maze,False,EPM_10DeepCut_resnet50_epmMay17shuffle1_1030000,hipr,,15080,25,0.9912280918926554,0.003050397877984085,50.502573708711985,100.67245857170462,1.993412437796968,2.7263829292577437,69.13022683881464,179.3682715537908,395652.6279014072
sturman_epm,elevated_plus_maze,False,EPM_10DeepCut_resnet50_epmMay17shuffle1_1030000,tailbase,tail_base,15080,25,0.9743100152328729,0.017374005305039786,49.85263072646637,93.04091799185072,1.866319121699951,2.5216930815460428,67.49951733789827,182.40047978238047,396951.7984157951
sturman_epm,elevated_plus_maze,False,EPM_10DeepCut_resnet50_epmMay17shuffle1_1030000,tailcentre,,15080,25,0.945591475899561,0.04429708222811671,59.25814711302466,125.16582006206814,2.1122128544339396,2.893181728867196,63.25844775935328,192.46782810909127,508598.2566255155
sturman_epm,elevated_plus_maze,False,EPM_10DeepCut_resnet50_epmMay17shuffle1_1030000,tailtip,,15080,25,0.8865240699021191,0.08687002652519894,138.62308406470655,727.7766257999992,5.250039203140852,7.466486374378741,69.64199254263463,201.93004907613687,464006.2007988975
sturman_epm,elevated_plus_maze,False,EPM_11DeepCut_resnet50_epmMay17shuffle1_1030000,tl,,15076,25,0.998024925289087,0.0011276200583709207,7.574215241096732,8.652318222767605,1.1423385720307,0.25893835653352404,0.869553805383681,1.0981566225392463,193.01589716565832
sturman_epm,elevated_plus_maze,False,EPM_11DeepCut_resnet50_epmMay17shuffle1_1030000,tr,,15076,25,0.9953763441030212,0.003780843725126028,7.843819264618637,9.459393326577601,1.2059677827160533,0.28817880856605654,0.7969872399372558,1.4613974797761158,209.75605715238237
sturman_epm,elevated_plus_maze,False,EPM_11DeepCut_resnet50_epmMay17shuffle1_1030000,bl,,15076,25,0.9989087427898344,0.00039798355001326613,8.996049444928916,10.140038238710723,1.1271656854250256,0.3275458453275873,1.177872933112981,1.0127033615413599,233.90427661022244
sturman_epm,elevated_plus_maze,False,EPM_11DeepCut_resnet50_epmMay17shuffle1_1030000,br,,15076,25,0.9982573858826254,0.0003316529583443884,7.883089612214807,9.444835184112847,1.198113385578939,0.28955002424505527,0.8686880614299474,1.0082013586831118,173.64027715368576
sturman_epm,elevated_plus_maze,False,EPM_11DeepCut_resnet50_epmMay17shuffle1_1030000,lt,,15076,25,0.9878516917058378,0.011939506500397984,5.943611818777876,6.43517875208082,1.0827050871239468,0.218860740951342,0.642094352333631,0.8107139017855753,107.35355712920231
sturman_epm,elevated_plus_maze,False,EPM_11DeepCut_resnet50_epmMay17shuffle1_1030000,lb,,15076,25,0.9941935212222642,0.004112496683470417,8.909747395893861,13.439460876594193,1.5083997648225014,0.33857838151013203,1.5908505201654304,1.0302972929374914,646.4286545830266
sturman_epm,elevated_plus_maze,False,EPM_11DeepCut_resnet50_epmMay17shuffle1_1030000,rt,,15076,25,0.9973772777490066,0.0019899177500663306,5.945642080761124,8.59632451446147,1.4458193745428116,0.23160677983847877,0.6606059915709024,0.6533485460705887,292.5727178359235
sturman_epm,elevated_plus_maze,False,EPM_11DeepCut_resnet50_epmMay17shuffle1_1030000,rb,,15076,25,0.9837268410049405,0.016184664367206156,8.323736543859187,8.063924988414348,0.9687866676130548,0.30855154572317056,0.5923854834633568,1.070555231110739,124.96125839992428
sturman_epm,elevated_plus_maze,False,EPM_11DeepCut_resnet50_epmMay17shuffle1_1030000,ctl,,15076,25,0.9952902597350257,0.0009949588750331653,12.247038706003256,20.311676723169814,1.6584969812509396,0.5594196480931724,1.2279217373221722,2.2645670965174043,383.28497329990984
sturman_epm,elevated_plus_maze,False,EPM_11DeepCut_resnet50_epmMay17shuffle1_1030000,ctr,,15076,25,0.7971256406605639,0.06918280711063943,55.661012721797825,423.3151282220076,7.605235828852068,3.304030965720989,18.78021837921546,19.274847784425045,336806.3420391936
sturman_epm,elevated_plus_maze,False,EPM_11DeepCut_resnet50_epmMay17shuffle1_1030000,cbl,,15076,25,0.9817506910125562,0.010281241708676041,17.188885672891658,233.6391984756382,13.592457528768557,0.8789980530991838,10.498222633279504,1.7054297330666432,25999.727301193263
sturman_epm,elevated_plus_maze,False,EPM_11DeepCut_resnet50_epmMay17shuffle1_1030000,cbr,,15076,25,0.7376772658531247,0.15726983284690899,42.79780684055524,277.1770629701035,6.476431467685636,1.9908511193572482,15.913801245737844,8.804616528208978,132773.26919068518
sturman_epm,elevated_plus_maze,False,EPM_11DeepCut_resnet50_epmMay17shuffle1_1030000,nose,nose,15076,25,0.8566303579840966,0.11926240382064209,91.28357803595497,126.49767755329698,1.3857659863362477,4.494439617104103,134.84405653566665,143.12920597641613,556269.4520889936
sturman_epm,elevated_plus_maze,False,EPM_11DeepCut_resnet50_epmMay17shuffle1_1030000,headcentre,head,15076,25,0.9848799697538845,0.004908463783496949,84.7949002781822,121.87015511383868,1.437234488324482,4.376627215295392,131.7396824316961,144.6498988181487,581987.7536148028
sturman_epm,elevated_plus_maze,False,EPM_11DeepCut_resnet50_epmMay17shuffle1_1030000,neck,neck,15076,25,0.996760708788688,0.0003316529583443884,76.41093004024908,111.7801927899349,1.4628822438236941,4.0580948124489735,126.10827914176566,144.05365134976236,539953.9461936924
sturman_epm,elevated_plus_maze,False,EPM_11DeepCut_resnet50_epmMay17shuffle1_1030000,earl,,15076,25,0.9922264344055224,0.0022552401167418414,83.67309374201687,135.9381578878003,1.6246340586727732,4.4019591469998165,130.04452845077805,144.20335073334556,567196.0821130871
sturman_epm,elevated_plus_maze,False,EPM_11DeepCut_resnet50_epmMay17shuffle1_1030000,earr,,15076,25,0.9945336045174961,0.0013266118333775537,83.15888866453322,128.236144491675,1.5420617873933535,4.40123464234169,129.2290283824941,143.59468726016706,559857.5728319191
sturman_epm,elevated_plus_maze,False,EPM_11DeepCut_resnet50_epmMay17shuffle1_1030000,bodycentre,body_center,15076,25,0.9989182447906387,0.0,66.68389324795969,100.82314148160725,1.511956434617622,3.584302448943705,116.08023586179095,141.98787771514472,476501.4599071331
sturman_epm,elevated_plus_maze,False,EPM_11DeepCut_resnet50_epmMay17shuffle1_1030000,bcl,,15076,25,0.9853762255605477,0.004775802600159193,71.12256999320662,108.90018759145474,1.5311621557243573,3.7935920644186756,117.2745436906878,142.82696290403447,474634.3062090461
sturman_epm,elevated_plus_maze,False,EPM_11DeepCut_resnet50_epmMay17shuffle1_1030000,bcr,,15076,25,0.9870557436978004,0.003382860175112762,72.38082083215214,110.45268178565203,1.5259937717725918,3.9123899415703143,116.90503063996609,140.74608357336183,471740.1536611182
sturman_epm,elevated_plus_maze,False,EPM_11DeepCut_resnet50_epmMay17shuffle1_1030000,hipl,,15076,25,0.9878979684835911,0.003648182541788273,65.3398306388463,126.41709018853717,1.9347630526819701,3.4893373827518626,105.7262182508128,143.79640838012446,429874.3010366146
sturman_epm,elevated_plus_maze,False,EPM_11DeepCut_resnet50_epmMay17shuffle1_1030000,hipr,,15076,25,0.9894448340306803,0.002984876625099496,63.04319196554042,122.63322391053784,1.945225488861184,3.4219575191627944,104.35447486660321,142.40095557758295,433376.3758772729
sturman_epm,elevated_plus_maze,False,EPM_11DeepCut_resnet50_epmMay17shuffle1_1030000,tailbase,tail_base,15076,25,0.9554621762766323,0.03197134518439904,62.09848577811082,121.61105457366287,1.9583578093707676,3.1457858049944702,100.46555873593704,144.06156294619518,400545.37882357347
sturman_epm,elevated_plus_maze,False,EPM_11DeepCut_resnet50_epmMay17shuffle1_1030000,tailcentre,,15076,25,0.9101600298540887,0.07395860971079862,77.78849691261891,135.02803993273236,1.7358355707067017,3.8013506846441336,91.8311440718338,148.67534648543025,458690.98484784353
sturman_epm,elevated_plus_maze,False,EPM_11DeepCut_resnet50_epmMay17shuffle1_1030000,tailtip,,15076,25,0.7528683102219451,0.2110639426903688,127.94047607104837,536.7690572872398,4.1954592773999,5.649736960256466,93.00749972669112,155.05649995309608,513403.85492206307
sturman_epm,elevated_plus_maze,False,EPM_12DeepCut_resnet50_epmMay17shuffle1_1030000,tl,,15612,25,0.9985852067096551,0.0005124263387138099,9.047718515997747,10.901335968636234,1.2048712555945467,0.31123431055727463,1.0114931971606929,1.4732809162852714,428.5966731925622
sturman_epm,elevated_plus_maze,False,EPM_12DeepCut_resnet50_epmMay17shuffle1_1030000,tr,,15612,25,0.9960261069652425,0.003779144248014348,9.392039307695004,10.757406557309269,1.1453749505174668,0.3502595256397354,0.8792499010893774,1.142743183027969,173.50718525995384
sturman_epm,elevated_plus_maze,False,EPM_12DeepCut_resnet50_epmMay17shuffle1_1030000,bl,,15612,25,0.9982842709196246,0.0007045862157314885,9.500625334511861,13.674951239042135,1.4393738051501375,0.3755626532864891,2.57103301421528,2.166695282932164,433.2440033447373
sturman_epm,elevated_plus_maze,False,EPM_12DeepCut_resnet50_epmMay17shuffle1_1030000,br,,15612,25,0.9963722375171202,0.002690238278247502,8.330396611977669,11.26132993622141,1.3518359882204847,0.33174469682036184,1.3561133985700529,2.369395384543591,185.27178457848436
sturman_epm,elevated_plus_maze,False,EPM_12DeepCut_resnet50_epmMay17shuffle1_1030000,lt,,15612,25,0.9939736019521226,0.005828849602869587,5.298176554664674,6.013431186290025,1.1350001503811002,0.1993206444724781,0.6087883484341714,0.551997148825057,94.27404281509307
sturman_epm,elevated_plus_maze,False,EPM_12DeepCut_resnet50_epmMay17shuffle1_1030000,lb,,15612,25,0.9959182030507732,0.0030745580322828594,7.7952305170396965,10.058168547398722,1.2902977693106625,0.29059977752935917,0.9699002976675253,0.7973828467672387,239.97374604612924
sturman_epm,elevated_plus_maze,False,EPM_12DeepCut_resnet50_epmMay17shuffle1_1030000,rt,,15612,25,0.6653949511114555,0.1035101204201896,9.399278044954533,27.098094551642657,2.8829974410841825,0.29527335924517367,4.682965436272729,14.455641093673632,12170.491622624191
sturman_epm,elevated_plus_maze,False,EPM_12DeepCut_resnet50_epmMay17shuffle1_1030000,rb,,15612,25,0.9578495653121404,0.0156290033307712,9.679618755777204,10.748962857655215,1.1104737829927218,0.36053739411859814,0.7429083702544362,0.7561104569742081,30.92267733761674
sturman_epm,elevated_plus_maze,False,EPM_12DeepCut_resnet50_epmMay17shuffle1_1030000,ctl,,15612,25,0.9888248126739085,0.00646938252626185,11.33491721921868,15.080068567337335,1.3304083546167098,0.4712970577284349,1.221416666138958,1.8510209113770664,469.8017402538202
sturman_epm,elevated_plus_maze,False,EPM_12DeepCut_resnet50_epmMay17shuffle1_1030000,ctr,,15612,25,0.9101611132438354,0.05521393799641301,32.502257763662314,408.43664201464185,12.566408308756817,1.7206152348528765,24.54344348708285,24.32133500830801,410503.29846484866
sturman_epm,elevated_plus_maze,False,EPM_12DeepCut_resnet50_epmMay17shuffle1_1030000,cbl,,15612,25,0.9770306808873533,0.014604150653343582,11.82686954559573,182.65150850913426,15.443774686527494,0.6350773173279864,2.6564199719533517,10.6784908330672,38604.17205873097
sturman_epm,elevated_plus_maze,False,EPM_12DeepCut_resnet50_epmMay17shuffle1_1030000,cbr,,15612,25,0.7261861975479211,0.17794004611837047,36.690751973165376,430.76585860271,11.740447808694695,1.7612539042601971,16.669454445006462,20.2125057953085,297624.5124892981
sturman_epm,elevated_plus_maze,False,EPM_12DeepCut_resnet50_epmMay17shuffle1_1030000,nose,nose,15612,25,0.821292305667294,0.15321547527542917,98.35467343691516,443.32937817226747,4.5074561551629735,4.96755241774161,112.24942338690495,173.15608785348186,921394.6142659568
sturman_epm,elevated_plus_maze,False,EPM_12DeepCut_resnet50_epmMay17shuffle1_1030000,headcentre,head,15612,25,0.9635367938399682,0.025044837304637458,98.93748608133379,473.6690260765019,4.787558738728328,5.063189718210403,112.64490835479052,177.38397807863421,918885.4056012988
sturman_epm,elevated_plus_maze,False,EPM_12DeepCut_resnet50_epmMay17shuffle1_1030000,neck,neck,15612,25,0.9677542371419098,0.025429157058672817,93.83246812343829,542.044183675403,5.776723073748142,4.975108128221356,104.2708032132652,176.53272520638353,880017.9720186315
sturman_epm,elevated_plus_maze,False,EPM_12DeepCut_resnet50_epmMay17shuffle1_1030000,earl,,15612,25,0.9641567514667656,0.024660517550602102,100.40207897582829,541.1789240259011,5.390116714178692,5.400105885297462,110.42635868022647,177.8243956620011,913534.9506722132
sturman_epm,elevated_plus_maze,False,EPM_12DeepCut_resnet50_epmMay17shuffle1_1030000,earr,,15612,25,0.9679054741122739,0.02299513194978222,91.19780604306192,436.03993679344853,4.7812546782930125,4.606424899825083,107.5380345507817,175.9514402010589,911233.8268161643
sturman_epm,elevated_plus_maze,False,EPM_12DeepCut_resnet50_epmMay17shuffle1_1030000,bodycentre,body_center,15612,25,0.9890371038459858,0.0076223417883679225,70.1123545029374,379.321860767449,5.4102000062136995,3.89035504390252,86.77581441987427,176.109746524558,787621.5814279976
sturman_epm,elevated_plus_maze,False,EPM_12DeepCut_resnet50_epmMay17shuffle1_1030000,bcl,,15612,25,0.966366570548861,0.02363566487317448,85.41847146876914,482.7174352967995,5.651206665215164,4.827373845377687,94.20873987409085,177.30892304435375,785181.9800102409
sturman_epm,elevated_plus_maze,False,EPM_12DeepCut_resnet50_epmMay17shuffle1_1030000,bcr,,15612,25,0.9695782211329764,0.019151934409428646,80.90782653590962,394.92904698940254,4.881221803852557,4.357484804090012,92.33693690206583,173.89891982734727,780621.5760054026
sturman_epm,elevated_plus_maze,False,EPM_12DeepCut_resnet50_epmMay17shuffle1_1030000,hipl,,15612,25,0.948464378365226,0.02126569305662311,110.8173266096278,699.2308762626614,6.309761277005145,6.207603921464191,95.25775616591078,180.5387153533666,756442.967968311
sturman_epm,elevated_plus_maze,False,EPM_12DeepCut_resnet50_epmMay17shuffle1_1030000,hipr,,15612,25,0.9519791162830269,0.017166282346912632,108.28023087448825,695.9939855980201,6.427710580011353,6.1055841721155915,101.57813142304565,177.43706767637653,835548.7103048293
sturman_epm,elevated_plus_maze,False,EPM_12DeepCut_resnet50_epmMay17shuffle1_1030000,tailbase,tail_base,15612,25,0.7894959231767475,0.17320010248526774,90.3420418169762,536.8960707874013,5.942926017491371,4.876342879019797,95.9869847838073,183.42794189573587,843686.7788209554
sturman_epm,elevated_plus_maze,False,EPM_12DeepCut_resnet50_epmMay17shuffle1_1030000,tailcentre,,15612,25,0.7150113028332175,0.25544452984883426,72.4606471741939,371.88902227818744,5.132289549997724,3.246421696316619,102.82177375763408,184.58516498361337,868802.3707337024
sturman_epm,elevated_plus_maze,False,EPM_12DeepCut_resnet50_epmMay17shuffle1_1030000,tailtip,,15612,25,0.5896029038354277,0.3523571611580835,117.24493074700342,645.0016032225708,5.50131761870699,5.270707334268832,90.09750991443187,179.7701423302872,793700.7260492091
sturman_epm,elevated_plus_maze,False,EPM_13DeepCut_resnet50_epmMay17shuffle1_1030000,tl,,15532,25,0.9999957927954801,0.0,6.5312151952455695,6.846819292883554,1.048322415998133,0.22566575106071107,0.7278415598710133,0.8354710019927036,99.99234767169659
sturman_epm,elevated_plus_maze,False,EPM_13DeepCut_resnet50_epmMay17shuffle1_1030000,tr,,15532,25,0.9982014372177325,0.001545197012619109,9.077578225540618,11.04149640788563,1.2163482520943023,0.35000441802428395,1.0173459224554589,1.3228163926191723,126.24036973089846
sturman_epm,elevated_plus_maze,False,EPM_13DeepCut_resnet50_epmMay17shuffle1_1030000,bl,,15532,25,0.9993471524306649,0.00019314962657738862,7.00647982497356,8.486158812830817,1.2111872188061057,0.24964531128791423,0.8538337489301424,0.9203213088842682,157.93365599697262
sturman_epm,elevated_plus_maze,False,EPM_13DeepCut_resnet50_epmMay17shuffle1_1030000,br,,15532,25,0.9993325817525126,0.0004506824620139068,7.491899027850768,8.224528852079807,1.0977896020095204,0.2666950686966284,0.7901124456982223,1.054082080277606,170.77991394346282
sturman_epm,elevated_plus_maze,False,EPM_13DeepCut_resnet50_epmMay17shuffle1_1030000,lt,,15532,25,0.9965337906363788,0.003090394025238218,5.928919631735036,6.211790359916669,1.0477103326999986,0.20368965121391744,0.5001256759846983,0.5649493558062093,149.39840342862018
sturman_epm,elevated_plus_maze,False,EPM_13DeepCut_resnet50_epmMay17shuffle1_1030000,lb,,15532,25,0.9966326457532969,0.002961627607519959,6.51285266581176,7.558291164599704,1.1605192919956282,0.2370874265435782,1.1868882681028132,0.7634098437533183,476.5761237855591
sturman_epm,elevated_plus_maze,False,EPM_13DeepCut_resnet50_epmMay17shuffle1_1030000,rt,,15532,25,0.6308432802396768,0.12432397630697914,7.900250922614768,10.137492928948355,1.2831861960142805,0.2642022360060811,6.00519472440001,34.06426552478953,7617.118971818792
sturman_epm,elevated_plus_maze,False,EPM_13DeepCut_resnet50_epmMay17shuffle1_1030000,rb,,15532,25,0.7393813044630987,0.02234097347411795,8.686589055688462,8.107821295899338,0.9333722642939908,0.31151072998073115,0.6452187515614,0.6418688166185884,25.33107123143611
sturman_epm,elevated_plus_maze,False,EPM_13DeepCut_resnet50_epmMay17shuffle1_1030000,ctl,,15532,25,0.9760690758250866,0.010108163790883338,13.79044898842385,122.37381151829142,8.873809084897523,0.6930514964211799,5.084662738732995,2.531149975093336,19555.945665886316
sturman_epm,elevated_plus_maze,False,EPM_13DeepCut_resnet50_epmMay17shuffle1_1030000,ctr,,15532,25,0.7843305111495514,0.15786762812258562,45.774096916443476,345.73564524863343,7.553085009623302,2.1720501205321967,9.627203537739183,17.587174361325353,260180.23483655776
sturman_epm,elevated_plus_maze,False,EPM_13DeepCut_resnet50_epmMay17shuffle1_1030000,cbl,,15532,25,0.9436661102992494,0.03991758949266031,10.959080935567425,22.632428211377686,2.0651757519122524,0.5210109016660068,1.9793057645421444,2.441312711665798,1835.2652073677023
sturman_epm,elevated_plus_maze,False,EPM_13DeepCut_resnet50_epmMay17shuffle1_1030000,cbr,,15532,25,0.6772459635461633,0.253476693278393,40.8553104967839,405.41099949919845,9.923091871523338,1.9020214371987187,21.594118149644057,21.425644034180543,319336.6965241032
sturman_epm,elevated_plus_maze,False,EPM_13DeepCut_resnet50_epmMay17shuffle1_1030000,nose,nose,15532,25,0.7820151448230629,0.18568117434972958,87.84517659922483,346.5980231754567,3.94555553979631,4.474413751191535,110.5031528204111,130.3512809804403,900241.9677646204
sturman_epm,elevated_plus_maze,False,EPM_13DeepCut_resnet50_epmMay17shuffle1_1030000,headcentre,head,15532,25,0.9529531566987878,0.03547514808138037,73.85108066748927,183.76588151016676,2.488330297258117,3.777429978414438,109.0282309900645,129.8927900972127,844672.5678420356
sturman_epm,elevated_plus_maze,False,EPM_13DeepCut_resnet50_epmMay17shuffle1_1030000,neck,neck,15532,25,0.982192842644298,0.012554725727530261,68.92085277228364,208.239274485927,3.0214262608438003,3.7472125928511875,106.4933130640288,125.69274134807286,799767.0121359904
sturman_epm,elevated_plus_maze,False,EPM_13DeepCut_resnet50_epmMay17shuffle1_1030000,earl,,15532,25,0.9681503975319242,0.01963687870203451,82.00997350173301,297.9190278226453,3.632717035524341,4.226455706332617,105.9345154303883,129.09302961038037,878460.2206599133
sturman_epm,elevated_plus_maze,False,EPM_13DeepCut_resnet50_epmMay17shuffle1_1030000,earr,,15532,25,0.9699019380556595,0.017576616018542365,75.39843369863226,252.4007830434377,3.3475600309190017,4.03080100826252,109.73620229557712,127.67324296774957,836281.1278647013
sturman_epm,elevated_plus_maze,False,EPM_13DeepCut_resnet50_epmMay17shuffle1_1030000,bodycentre,body_center,15532,25,0.9915483335712784,0.0073396858099407675,52.423686765389135,191.29962965833928,3.6491067580664325,2.784513736417479,88.51841543616662,121.28343710577815,771144.1751427458
sturman_epm,elevated_plus_maze,False,EPM_13DeepCut_resnet50_epmMay17shuffle1_1030000,bcl,,15532,25,0.9745173868969056,0.012361576100952872,64.74825935801299,243.56515737282882,3.7617251766735897,3.5240842734235693,89.99462012965458,121.79007573845301,759875.081214201
sturman_epm,elevated_plus_maze,False,EPM_13DeepCut_resnet50_epmMay17shuffle1_1030000,bcr,,15532,25,0.9695355077510392,0.01673963430337368,62.30505811762177,203.37096876297073,3.2641165084709427,3.333479519709621,98.5042937590468,121.5274927340764,687753.8424140508
sturman_epm,elevated_plus_maze,False,EPM_13DeepCut_resnet50_epmMay17shuffle1_1030000,hipl,,15532,25,0.9738581791028914,0.016160185423641515,67.1691909148003,281.63229987256534,4.192879146479483,3.7338538934026464,93.34735341876046,121.34395211458794,713747.377829835
sturman_epm,elevated_plus_maze,False,EPM_13DeepCut_resnet50_epmMay17shuffle1_1030000,hipr,,15532,25,0.9794179461215257,0.006567087303631213,73.89674480628389,390.7302099434682,5.287515856994042,4.191278067734287,94.96755141663232,123.85952440970158,748752.3268108824
sturman_epm,elevated_plus_maze,False,EPM_13DeepCut_resnet50_epmMay17shuffle1_1030000,tailbase,tail_base,15532,25,0.9259402897921751,0.056785990213752253,73.89472123792106,401.88449563558675,5.438608995379076,4.0095385807290524,90.05543535677695,125.10695898920942,778590.6276613616
sturman_epm,elevated_plus_maze,False,EPM_13DeepCut_resnet50_epmMay17shuffle1_1030000,tailcentre,,15532,25,0.8337151050479363,0.12767190316765387,86.69335314881597,427.9388049157162,4.936235471030005,4.173037776683696,97.21521163386463,132.80596682194994,820991.4243590285
sturman_epm,elevated_plus_maze,False,EPM_13DeepCut_resnet50_epmMay17shuffle1_1030000,tailtip,,15532,25,0.7565036900965111,0.20782899819727016,108.7097480397555,438.4988835374857,4.033666634726495,4.9167672725253855,86.47018690420087,136.39938052066262,839537.9619067851
sturman_epm,elevated_plus_maze,False,EPM_14DeepCut_resnet50_epmMay17shuffle1_1030000,tl,,15080,25,0.9999816365955047,0.0,6.550753655389635,7.203994404034808,1.0997199380422005,0.22121969617936985,0.6914753600592862,0.9196625576597952,155.94684360386827
sturman_epm,elevated_plus_maze,False,EPM_14DeepCut_resnet50_epmMay17shuffle1_1030000,tr,,15080,25,0.9985876990151183,0.0011273209549071618,8.047444043853064,9.00676856042904,1.1192085973320614,0.28331514832352633,0.7694992982941803,1.0945014199863623,125.27277331992082
sturman_epm,elevated_plus_maze,False,EPM_14DeepCut_resnet50_epmMay17shuffle1_1030000,bl,,15080,25,0.9962056785011639,0.0019230769230769232,8.650072115024571,10.332935872265866,1.1945491014252099,0.3113503322755687,1.467466851026456,1.6154476910793583,299.60009998429064
sturman_epm,elevated_plus_maze,False,EPM_14DeepCut_resnet50_epmMay17shuffle1_1030000,br,,15080,25,0.9979379036006782,0.0011936339522546418,7.76097207335875,9.474540017713744,1.2207929532741388,0.2837481230754583,0.9373890979565674,1.5248908219808865,170.40549353453343
sturman_epm,elevated_plus_maze,False,EPM_14DeepCut_resnet50_epmMay17shuffle1_1030000,lt,,15080,25,0.9999994608230237,0.0,4.028075406777652,4.1208853611190035,1.0230407688458834,0.13868264065739888,0.3634913407205136,0.35059895288437004,6.178600642175589
sturman_epm,elevated_plus_maze,False,EPM_14DeepCut_resnet50_epmMay17shuffle1_1030000,lb,,15080,25,0.9999821662270422,0.0,5.939286095571571,6.328929630926566,1.0656044395041888,0.20734676257252457,0.5909385883134577,0.5686872446768083,18.681155911757173
sturman_epm,elevated_plus_maze,False,EPM_14DeepCut_resnet50_epmMay17shuffle1_1030000,rt,,15080,25,0.9957090323558695,0.004310344827586207,4.617591899490659,7.692144746898326,1.6658346849029262,0.15364337300648445,0.8030995987761752,1.1107365934627267,809.96400480043
sturman_epm,elevated_plus_maze,False,EPM_14DeepCut_resnet50_epmMay17shuffle1_1030000,rb,,15080,25,0.9867040979391858,0.00649867374005305,6.124096370194514,6.585138933824563,1.0752833619460833,0.21363521279676279,0.6869033854802893,0.508484289659303,67.46944061224454
sturman_epm,elevated_plus_maze,False,EPM_14DeepCut_resnet50_epmMay17shuffle1_1030000,ctl,,15080,25,0.9778119542001097,0.014588859416445624,10.997753607775202,17.470408955131713,1.5885434042439783,0.49280981556377107,1.360488190053932,2.326174725378655,555.5320342490049
sturman_epm,elevated_plus_maze,False,EPM_14DeepCut_resnet50_epmMay17shuffle1_1030000,ctr,,15080,25,0.6866329697481991,0.16942970822281167,40.7944698631352,345.06366794685266,8.458589340774273,2.2004752106887517,9.346374544910788,18.11811965591737,403006.49309518485
sturman_epm,elevated_plus_maze,False,EPM_14DeepCut_resnet50_epmMay17shuffle1_1030000,cbl,,15080,25,0.9627994705930313,0.02347480106100796,10.614993411116842,20.82528955332913,1.9618749392269315,0.504262590729124,1.7540277281594354,2.117804950419573,1314.2614767729783
sturman_epm,elevated_plus_maze,False,EPM_14DeepCut_resnet50_epmMay17shuffle1_1030000,cbr,,15080,25,0.6704962647996784,0.24469496021220158,29.905340235123102,140.7704964081396,4.707202636765458,1.1914995805732893,18.995688344386096,18.623179777055483,349608.38753383036
sturman_epm,elevated_plus_maze,False,EPM_14DeepCut_resnet50_epmMay17shuffle1_1030000,nose,nose,15080,25,0.8459132574518416,0.11014588859416445,87.44320429313005,285.4422816632156,3.2643163522044136,4.398731709197722,61.45834848912054,145.89643862602313,550922.6931977813
sturman_epm,elevated_plus_maze,False,EPM_14DeepCut_resnet50_epmMay17shuffle1_1030000,headcentre,head,15080,25,0.9955346416553547,0.0009946949602122016,74.05026574797925,259.2672977106531,3.501233859079408,3.8625672577911745,58.51265397423119,146.06667541538084,529584.008039897
sturman_epm,elevated_plus_maze,False,EPM_14DeepCut_resnet50_epmMay17shuffle1_1030000,neck,neck,15080,25,0.9981638737971492,0.0003315649867374005,61.14887751495874,103.68180101944871,1.6955634384962377,3.2267068922075066,53.234460022078856,144.70913342430902,389719.734947685
sturman_epm,elevated_plus_maze,False,EPM_14DeepCut_resnet50_epmMay17shuffle1_1030000,earl,,15080,25,0.9978749621412483,0.0005968169761273209,66.6162579213603,119.15159195533754,1.7886263154558242,3.5283908356360416,56.42637991669786,145.8224187971239,411894.75772593473
sturman_epm,elevated_plus_maze,False,EPM_14DeepCut_resnet50_epmMay17shuffle1_1030000,earr,,15080,25,0.9986799811672626,0.0003315649867374005,67.81929848420154,112.73310570080434,1.6622570303800097,3.580892356067553,56.19110307357037,144.10316100781802,409829.3326873639
sturman_epm,elevated_plus_maze,False,EPM_14DeepCut_resnet50_epmMay17shuffle1_1030000,bodycentre,body_center,15080,25,0.9994083043513943,0.0005305039787798408,47.694264498039516,75.45293951583591,1.5820128543745007,2.475281851888949,45.21528323560159,143.0114179528689,331334.06904367765
sturman_epm,elevated_plus_maze,False,EPM_14DeepCut_resnet50_epmMay17shuffle1_1030000,bcl,,15080,25,0.9953076200436217,0.001259946949602122,53.74144269175388,85.50820541307168,1.591103646091587,2.8291052841663324,47.33973257493243,144.42058370381275,336881.34560438734
sturman_epm,elevated_plus_maze,False,EPM_14DeepCut_resnet50_epmMay17shuffle1_1030000,bcr,,15080,25,0.9956943496547896,0.0013925729442970823,56.53656520940524,91.46144672912754,1.6177397121732524,3.005052648917065,47.70355822256555,141.507998501736,335275.03366593836
sturman_epm,elevated_plus_maze,False,EPM_14DeepCut_resnet50_epmMay17shuffle1_1030000,hipl,,15080,25,0.9754546522797735,0.008819628647214854,50.70262430761905,105.95472279432484,2.089728574037599,2.6923934131066556,40.74285719190542,145.9599752401208,282583.95092679793
sturman_epm,elevated_plus_maze,False,EPM_14DeepCut_resnet50_epmMay17shuffle1_1030000,hipr,,15080,25,0.9759293468604828,0.013793103448275862,49.45816086519818,99.5205676310463,2.0122173143942184,2.671698304720723,40.52179627967737,142.35985985052025,289518.3757381261
sturman_epm,elevated_plus_maze,False,EPM_14DeepCut_resnet50_epmMay17shuffle1_1030000,tailbase,tail_base,15080,25,0.9173696988734074,0.06445623342175066,51.826484419349796,197.3991417840722,3.8088468472380463,2.558547533781971,37.06993040741231,147.36874941016592,336346.6374075602
sturman_epm,elevated_plus_maze,False,EPM_14DeepCut_resnet50_epmMay17shuffle1_1030000,tailcentre,,15080,25,0.9108696779932837,0.0693633952254642,69.15501454335447,265.53519028478473,3.8397098466130197,3.3851609961262032,40.432069350316496,152.8719284945376,292472.9618521695
sturman_epm,elevated_plus_maze,False,EPM_14DeepCut_resnet50_epmMay17shuffle1_1030000,tailtip,,15080,25,0.8579117167079006,0.11120689655172414,89.591333613438,349.36819824155975,3.8995758200116497,4.300332258885589,45.767312033454374,161.14935904227522,350739.0303041872
sturman_epm,elevated_plus_maze,False,EPM_15DeepCut_resnet50_epmMay17shuffle1_1030000,tl,,962,25,0.9999992428599177,0.0,5.172821706445705,5.745729812406083,1.110753499438516,0.18292459998883018,0.7152436816175891,0.56182103701806,10.397483410248412
sturman_epm,elevated_plus_maze,False,EPM_15DeepCut_resnet50_epmMay17shuffle1_1030000,tr,,962,25,0.9999994234087066,0.0,5.814186490435132,6.976524554125031,1.1999141351248452,0.21549251278831108,0.49798274874865484,0.8080129326581378,11.177017322095937
sturman_epm,elevated_plus_maze,False,EPM_15DeepCut_resnet50_epmMay17shuffle1_1030000,bl,,962,25,0.9999946409724111,0.0,8.183218385291255,9.163572494215153,1.119800555571878,0.3028848705120015,1.3618830764845353,1.0253675055227613,49.298346205089594
sturman_epm,elevated_plus_maze,False,EPM_15DeepCut_resnet50_epmMay17shuffle1_1030000,br,,962,25,0.9997018379258019,0.0,8.169067296567636,9.771018180983955,1.1960996067555232,0.3182004759614148,1.3850570444595276,0.7895863086562708,49.55955395139544
sturman_epm,elevated_plus_maze,False,EPM_15DeepCut_resnet50_epmMay17shuffle1_1030000,lt,,962,25,0.9999992633683765,0.0,2.5730727901071146,2.6651960357175697,1.0358028136493644,0.0831352708874634,0.3275014406406269,0.37869132106164316,2.843150883215591
sturman_epm,elevated_plus_maze,False,EPM_15DeepCut_resnet50_epmMay17shuffle1_1030000,lb,,962,25,0.9999816552764909,0.0,4.760474834984022,5.820514612923504,1.2226752193183352,0.15918047393056647,0.48073544115379396,0.704609509407069,10.075135263637568
sturman_epm,elevated_plus_maze,False,EPM_15DeepCut_resnet50_epmMay17shuffle1_1030000,rt,,962,25,0.7104218205022713,0.16632016632016633,10.820938177763447,41.29692295299379,3.8163902495864135,0.248117206268839,7.374608964984363,7.063036266497623,3162.6955923824858
sturman_epm,elevated_plus_maze,False,EPM_15DeepCut_resnet50_epmMay17shuffle1_1030000,rb,,962,25,0.8114445092090697,0.1704781704781705,5.766905325932313,9.262389367267263,1.6061282167433275,0.2091142220289792,0.7303912725966689,0.5690032612189806,19.72719092207968
sturman_epm,elevated_plus_maze,False,EPM_15DeepCut_resnet50_epmMay17shuffle1_1030000,ctl,,962,25,0.9985159795398276,0.0,12.30785350771799,16.58219576002889,1.3472857594243017,0.5315656128177508,1.4061548504872536,1.9069795877843787,150.92630380973748
sturman_epm,elevated_plus_maze,False,EPM_15DeepCut_resnet50_epmMay17shuffle1_1030000,ctr,,962,25,0.851216441566384,0.07172557172557173,360.124717390835,2271.805797776719,6.308386200859356,16.03317439647685,83.79524166702804,82.43963343787935,368480.9267478075
sturman_epm,elevated_plus_maze,False,EPM_15DeepCut_resnet50_epmMay17shuffle1_1030000,cbl,,962,25,0.9954245116507437,0.0,12.041324656813998,16.67993069207926,1.3852238991530177,0.5646948218842667,1.409520516641266,1.3618252186717608,98.94037296637302
sturman_epm,elevated_plus_maze,False,EPM_15DeepCut_resnet50_epmMay17shuffle1_1030000,cbr,,962,25,0.7070864616213618,0.14864864864864866,236.21646690818963,1469.5806457397186,6.221330227205969,11.207560981945726,44.78096774645117,50.21169536349068,263859.4959232478
sturman_epm,elevated_plus_maze,False,EPM_15DeepCut_resnet50_epmMay17shuffle1_1030000,nose,nose,962,25,0.6994500299315443,0.28794178794178793,223.09262297367573,1120.9826015803012,5.024740785411689,11.473773981677315,261.6253120103206,197.47935689016688,437493.70017662045
sturman_epm,elevated_plus_maze,False,EPM_15DeepCut_resnet50_epmMay17shuffle1_1030000,headcentre,head,962,25,0.8336118208457427,0.15280665280665282,369.13775773605056,1713.7979104033673,4.642705533333187,21.406230137870587,229.18067801305511,170.6773647619768,424003.6967687849
sturman_epm,elevated_plus_maze,False,EPM_15DeepCut_resnet50_epmMay17shuffle1_1030000,neck,neck,962,25,0.8390774706730971,0.14345114345114346,340.18928253321974,1613.2952365802616,4.742345862770448,20.31520100722167,218.71620427326323,150.96179280804998,397267.94745809137
sturman_epm,elevated_plus_maze,False,EPM_15DeepCut_resnet50_epmMay17shuffle1_1030000,earl,,962,25,0.811952756280215,0.16424116424116425,352.15880372556813,1577.1940277916226,4.478644324963988,19.194256391542954,244.71041643798503,177.11470009782371,418541.53916020814
sturman_epm,elevated_plus_maze,False,EPM_15DeepCut_resnet50_epmMay17shuffle1_1030000,earr,,962,25,0.7950164836496425,0.17671517671517672,291.483520787762,1448.8164249368697,4.9704917143216365,17.41669058597312,228.72619924423572,158.89756627037727,407645.83057940134
sturman_epm,elevated_plus_maze,False,EPM_15DeepCut_resnet50_epmMay17shuffle1_1030000,bodycentre,body_center,962,25,0.953562481704472,0.0395010395010395,244.4049751071586,1266.728427332472,5.1829076997187915,15.59333760175336,201.61945381835434,135.11209535161456,310292.6381269802
sturman_epm,elevated_plus_maze,False,EPM_15DeepCut_resnet50_epmMay17shuffle1_1030000,bcl,,962,25,0.8783214268838045,0.079002079002079,224.4665004024924,1121.0228894756065,4.994165665992443,13.893932237150716,204.50800717175414,142.73881663821481,345152.22706550977
sturman_epm,elevated_plus_maze,False,EPM_15DeepCut_resnet50_epmMay17shuffle1_1030000,bcr,,962,25,0.8978024191085613,0.07276507276507277,249.22387164849073,1149.470201791989,4.612199442167482,13.73433039682659,200.0621692933706,138.55450406109298,364700.30738432583
sturman_epm,elevated_plus_maze,False,EPM_15DeepCut_resnet50_epmMay17shuffle1_1030000,hipl,,962,25,0.8659320894682977,0.09875259875259876,311.95717235299907,1145.2839823135234,3.671285945038516,16.14828985754585,206.58557997165158,152.06133761436163,361464.49629416666
sturman_epm,elevated_plus_maze,False,EPM_15DeepCut_resnet50_epmMay17shuffle1_1030000,hipr,,962,25,0.8480884435271027,0.09771309771309772,340.7713234828654,1169.792680027105,3.432779108497738,17.49900632643473,208.17922878311043,157.7463679356905,385384.24233161256
sturman_epm,elevated_plus_maze,False,EPM_15DeepCut_resnet50_epmMay17shuffle1_1030000,tailbase,tail_base,962,25,0.9247918705806415,0.0446985446985447,666.0036019759594,2350.4121541247982,3.5291282917260265,44.73908459690587,229.22257215660017,165.36137002081986,401845.2390802245
sturman_epm,elevated_plus_maze,False,EPM_15DeepCut_resnet50_epmMay17shuffle1_1030000,tailcentre,,962,25,0.6806136742698923,0.21101871101871103,748.7955766899636,2257.7655265159506,3.0151961320289304,44.30810842557019,205.3873265006555,195.30150953907795,459805.1363872305
sturman_epm,elevated_plus_maze,False,EPM_15DeepCut_resnet50_epmMay17shuffle1_1030000,tailtip,,962,25,0.5044781266093997,0.47193347193347196,482.36787187820016,1910.613456112483,3.960905291376704,21.74175943321001,203.67028169749588,188.50198287651665,424111.8356750884
sturman_epm,elevated_plus_maze,False,EPM_16DeepCut_resnet50_epmMay17shuffle1_1030000,tl,,15080,25,0.999456404442022,0.0,8.597612544783402,9.852413909342387,1.1459476520979461,0.31243115010188427,0.942052663512673,1.3540252256273158,249.17499960186962
sturman_epm,elevated_plus_maze,False,EPM_16DeepCut_resnet50_epmMay17shuffle1_1030000,tr,,15080,25,0.9953963650237344,0.003779840848806366,9.493456089238963,10.838932520908887,1.141726724074181,0.35847572306142683,0.9651770754035879,1.47752397583764,163.02264840315166
sturman_epm,elevated_plus_maze,False,EPM_16DeepCut_resnet50_epmMay17shuffle1_1030000,bl,,15080,25,0.9978185992460669,0.0007957559681697613,7.421893628335183,8.892965054852636,1.1982070210358744,0.26617992786868505,1.00203869425887,1.3491074157911953,206.09371968636978
sturman_epm,elevated_plus_maze,False,EPM_16DeepCut_resnet50_epmMay17shuffle1_1030000,br,,15080,25,0.9994572186778332,0.0,7.495016825624849,7.8668520859177,1.0496109974058467,0.26863061958988527,1.201969992295294,1.3575781155054514,157.71896976369794
sturman_epm,elevated_plus_maze,False,EPM_16DeepCut_resnet50_epmMay17shuffle1_1030000,lt,,15080,25,0.9981693992524627,0.001790450928381963,5.278431030343752,5.242703416686033,0.9932313951906667,0.19700750244429802,0.4813115249678989,0.3846864014354867,65.466393593377
sturman_epm,elevated_plus_maze,False,EPM_16DeepCut_resnet50_epmMay17shuffle1_1030000,lb,,15080,25,0.9969755630574587,0.0015915119363395225,8.448606259351834,15.494121609273956,1.8339263463868234,0.30754939918387414,1.2945743241904886,0.8337105794180377,635.3367379565616
sturman_epm,elevated_plus_maze,False,EPM_16DeepCut_resnet50_epmMay17shuffle1_1030000,rt,,15080,25,0.8347732676672366,0.07082228116710876,10.062917156373793,15.277609903180561,1.5182088519434758,0.3443697763725809,6.0324129886903,4.611917030800223,2791.0051685293997
sturman_epm,elevated_plus_maze,False,EPM_16DeepCut_resnet50_epmMay17shuffle1_1030000,rb,,15080,25,0.9298749450683119,0.053580901856763924,9.941082572679836,12.292305818190213,1.2365158148843898,0.37037900595235024,2.1307247268371676,1.4759511464510793,166.67880124931844
sturman_epm,elevated_plus_maze,False,EPM_16DeepCut_resnet50_epmMay17shuffle1_1030000,ctl,,15080,25,0.9875318527775039,0.00636604774535809,11.04946411605597,17.090906502233548,1.546763383519999,0.4873479112922902,1.2258895336118287,2.703640717373557,704.2769021027876
sturman_epm,elevated_plus_maze,False,EPM_16DeepCut_resnet50_epmMay17shuffle1_1030000,ctr,,15080,25,0.8738159457552654,0.058753315649867376,32.394554221303245,276.632315622425,8.539469743359103,1.6873607748976636,8.962063356455442,15.35720596143413,75416.18491103251
sturman_epm,elevated_plus_maze,False,EPM_16DeepCut_resnet50_epmMay17shuffle1_1030000,cbl,,15080,25,0.9543440249400208,0.03653846153846154,10.114802010921077,16.38846982805523,1.62024623026337,0.4613776555033201,1.5560726511945921,1.8640377884987978,645.4482086144529
sturman_epm,elevated_plus_maze,False,EPM_16DeepCut_resnet50_epmMay17shuffle1_1030000,cbr,,15080,25,0.7227870801478545,0.1743368700265252,26.88403374579667,147.38897804032686,5.482398193439672,1.18249451344587,10.22681693216322,9.775498566835067,75781.58712760534
sturman_epm,elevated_plus_maze,False,EPM_16DeepCut_resnet50_epmMay17shuffle1_1030000,nose,nose,15080,25,0.8791144210677249,0.09575596816976127,81.17297703484009,116.85499287937355,1.4395799827474414,4.0780082016279815,133.41516064362906,157.99373328285748,576995.1301882428
sturman_epm,elevated_plus_maze,False,EPM_16DeepCut_resnet50_epmMay17shuffle1_1030000,headcentre,head,15080,25,0.9949930462422991,0.0005305039787798408,70.88081715949139,104.46653715261499,1.4738337019669399,3.6929685389590685,130.26023684782223,158.98631884797288,589291.2416285394
sturman_epm,elevated_plus_maze,False,EPM_16DeepCut_resnet50_epmMay17shuffle1_1030000,neck,neck,15080,25,0.9949974957507707,0.0022546419098143236,59.96366055967441,92.70612600426558,1.5460384696162213,3.1364910463028597,125.81160730126503,158.43265783140447,548769.5850197449
sturman_epm,elevated_plus_maze,False,EPM_16DeepCut_resnet50_epmMay17shuffle1_1030000,earl,,15080,25,0.9937193740050577,0.003116710875331565,65.26641168657197,101.15367250943684,1.5498580341019175,3.445277025770888,128.82327269855324,158.41663760184767,565227.7266394919
sturman_epm,elevated_plus_maze,False,EPM_16DeepCut_resnet50_epmMay17shuffle1_1030000,earr,,15080,25,0.9970340601763927,0.00046419098143236074,67.00843913915692,106.76256096215995,1.5932703751007444,3.51688495929006,128.18866843640694,158.9031547063979,569746.5042228932
sturman_epm,elevated_plus_maze,False,EPM_16DeepCut_resnet50_epmMay17shuffle1_1030000,bodycentre,body_center,15080,25,0.9989982489229672,0.0003978779840848806,49.25608396165256,76.57510028865522,1.5546323241667241,2.5459445627334496,117.12420503135577,156.78369226464042,474212.1745333845
sturman_epm,elevated_plus_maze,False,EPM_16DeepCut_resnet50_epmMay17shuffle1_1030000,bcl,,15080,25,0.9966221457391741,0.0013925729442970823,54.49779444734051,86.96650262954718,1.5957802239791585,2.8667057631265123,118.40021027618234,156.12416859084973,476697.6429793056
sturman_epm,elevated_plus_maze,False,EPM_16DeepCut_resnet50_epmMay17shuffle1_1030000,bcr,,15080,25,0.9923643081451442,0.0033156498673740055,53.80348304008025,84.95329053085929,1.5789552224262948,2.8337019997523374,118.0649968663649,156.73680508385206,485462.6059957481
sturman_epm,elevated_plus_maze,False,EPM_16DeepCut_resnet50_epmMay17shuffle1_1030000,hipl,,15080,25,0.9877044342300145,0.004973474801061008,52.26768400667273,101.95220712016936,1.95057824079509,2.7842369590269747,108.77300951611413,156.54632392543104,438831.7848137764
sturman_epm,elevated_plus_maze,False,EPM_16DeepCut_resnet50_epmMay17shuffle1_1030000,hipr,,15080,25,0.9913952281189692,0.0034482758620689655,50.35042022359305,101.99355286741876,2.025674312438547,2.7206927416626323,106.70676157761662,157.2108722218384,455404.38081131864
sturman_epm,elevated_plus_maze,False,EPM_16DeepCut_resnet50_epmMay17shuffle1_1030000,tailbase,tail_base,15080,25,0.9932316268431097,0.0,153.17799562213446,999.7521967795368,6.526735075224284,9.848729751937043,113.10377815737918,155.56345727178672,459005.15381037316
sturman_epm,elevated_plus_maze,False,EPM_16DeepCut_resnet50_epmMay17shuffle1_1030000,tailcentre,,15080,25,0.924976299835532,0.013660477453580901,313.5586872079197,1314.3826236672649,4.191823340540083,18.982877929226913,98.73391702314716,163.14109153147533,472058.30285200744
sturman_epm,elevated_plus_maze,False,EPM_16DeepCut_resnet50_epmMay17shuffle1_1030000,tailtip,,15080,25,0.6856533603955169,0.28328912466843503,78.98487193189563,212.60342814967527,2.6916980802727855,3.4080002455893617,91.83165544721842,162.73597921646936,485512.4596953192
sturman_epm,elevated_plus_maze,False,EPM_17DeepCut_resnet50_epmMay17shuffle1_1030000,tl,,15460,25,0.9983413341128656,0.00045278137128072445,8.521069547319282,12.334165149448136,1.4474902570568091,0.3163403473532594,1.1086639865951085,1.5857662027965078,388.9691545215801
sturman_epm,elevated_plus_maze,False,EPM_17DeepCut_resnet50_epmMay17shuffle1_1030000,tr,,15460,25,0.9897182483182687,0.008408796895213453,8.714536930897617,11.41726702515805,1.3101404143090878,0.3297558452355535,0.8596225100349797,1.4883899343547933,171.67498012609758
sturman_epm,elevated_plus_maze,False,EPM_17DeepCut_resnet50_epmMay17shuffle1_1030000,bl,,15460,25,0.9994611850377042,0.00019404915912031047,7.880875347032251,9.136126330451336,1.1592781167249122,0.2791306364825827,1.2614189815460894,1.1469971555634002,249.83613538185423
sturman_epm,elevated_plus_maze,False,EPM_17DeepCut_resnet50_epmMay17shuffle1_1030000,br,,15460,25,0.9985163784273846,0.0005821474773609315,7.52204783764344,9.164724078786437,1.2183815201124308,0.2794191251689698,1.420513455216508,1.2535359843753053,151.63560828155187
sturman_epm,elevated_plus_maze,False,EPM_17DeepCut_resnet50_epmMay17shuffle1_1030000,lt,,15460,25,0.999999642472372,0.0,5.236110102624156,5.154235465370845,0.9843634614917134,0.17201244344012026,0.41066160887443426,0.43051143665228725,11.192506756235355
sturman_epm,elevated_plus_maze,False,EPM_17DeepCut_resnet50_epmMay17shuffle1_1030000,lb,,15460,25,0.99996354706383,0.0,6.645377643244877,7.292563566843556,1.0973888856800416,0.23576631114297086,0.4607623546734992,0.7083525532006488,19.809464189684807
sturman_epm,elevated_plus_maze,False,EPM_17DeepCut_resnet50_epmMay17shuffle1_1030000,rt,,15460,25,0.9975816296440047,0.0,5.664327479223831,7.544557809336457,1.3319423774506534,0.2105159165769668,0.4617272225268199,2.1986653998597183,271.0506700126075
sturman_epm,elevated_plus_maze,False,EPM_17DeepCut_resnet50_epmMay17shuffle1_1030000,rb,,15460,25,0.9886890419801024,0.011319534282018111,7.620858761654793,7.653038921875006,1.0042226422541947,0.27248966430612204,0.55821675048729,0.7628441679056526,27.816931232180263
sturman_epm,elevated_plus_maze,False,EPM_17DeepCut_resnet50_epmMay17shuffle1_1030000,ctl,,15460,25,0.9855982226549731,0.005627425614489004,9.096306091523134,17.566984261208685,1.9312217601801454,0.41154709615104035,1.1469395714151036,2.017001352380404,623.7803997901957
sturman_epm,elevated_plus_maze,False,EPM_17DeepCut_resnet50_epmMay17shuffle1_1030000,ctr,,15460,25,0.6567486798104,0.14566623544631307,73.99874690714036,634.8457395986078,8.579141757566028,4.206906358799831,25.088933729930485,40.34289408967769,446063.5533723507
sturman_epm,elevated_plus_maze,False,EPM_17DeepCut_resnet50_epmMay17shuffle1_1030000,cbl,,15460,25,0.9610742084614519,0.030595084087968953,10.035695735223486,17.498994408245622,1.7436752637714295,0.4521443910390582,1.8580814625808308,1.7026377538226234,469.7130091514596
sturman_epm,elevated_plus_maze,False,EPM_17DeepCut_resnet50_epmMay17shuffle1_1030000,cbr,,15460,25,0.5310432748760628,0.2810478654592497,57.18773114223808,541.6119120556692,9.470771111876513,2.653204307170843,34.022096706284145,36.53114597994567,420129.30275865144
sturman_epm,elevated_plus_maze,False,EPM_17DeepCut_resnet50_epmMay17shuffle1_1030000,nose,nose,15460,25,0.8641493511809106,0.08809831824062096,221.78806974333176,1295.4461970663956,5.840919209791465,11.895830488231443,110.0509179122939,175.94450928843384,826325.3490708033
sturman_epm,elevated_plus_maze,False,EPM_17DeepCut_resnet50_epmMay17shuffle1_1030000,headcentre,head,15460,25,0.9808769866419332,0.005756791720569211,113.63770391637456,857.7165667296055,7.547816764766692,6.206541688616495,75.26779536283358,180.9425300419317,815911.7665775851
sturman_epm,elevated_plus_maze,False,EPM_17DeepCut_resnet50_epmMay17shuffle1_1030000,neck,neck,15460,25,0.9778597653644668,0.019793014230271667,62.77236962197857,234.2358281262035,3.731511643367852,3.2605164625566396,83.76649933077388,181.6389769380201,668994.7572830183
sturman_epm,elevated_plus_maze,False,EPM_17DeepCut_resnet50_epmMay17shuffle1_1030000,earl,,15460,25,0.9750694591238767,0.02069857697283312,72.94379493681873,328.9185166900023,4.509204888159433,3.7982781242575885,80.0453691133341,182.89193795885794,689623.7903682959
sturman_epm,elevated_plus_maze,False,EPM_17DeepCut_resnet50_epmMay17shuffle1_1030000,earr,,15460,25,0.997037388555908,0.0,112.81582593212222,980.9095805383803,8.694787033944715,6.491086430615237,73.62915772170683,179.6194388082799,789266.1276275335
sturman_epm,elevated_plus_maze,False,EPM_17DeepCut_resnet50_epmMay17shuffle1_1030000,bodycentre,body_center,15460,25,0.9790509222415101,0.01998706338939198,52.25147786830378,202.20319692114538,3.8698081885986935,2.552417822449458,76.39860353591916,180.21234865132462,581539.7339774499
sturman_epm,elevated_plus_maze,False,EPM_17DeepCut_resnet50_epmMay17shuffle1_1030000,bcl,,15460,25,0.9698260717720448,0.022639068564036222,61.416201357434566,271.57393735570287,4.421861517861984,3.1775253710339837,72.27833564247672,180.8361309684337,558857.8896728683
sturman_epm,elevated_plus_maze,False,EPM_17DeepCut_resnet50_epmMay17shuffle1_1030000,bcr,,15460,25,0.9737473406986771,0.02186287192755498,60.22787606767661,212.92398115763672,3.535306158204536,3.1373843768604237,73.9523995431715,178.88845373050466,554917.4036908174
sturman_epm,elevated_plus_maze,False,EPM_17DeepCut_resnet50_epmMay17shuffle1_1030000,hipl,,15460,25,0.9669756013413296,0.0203751617076326,65.0077880715706,417.6335227797809,6.4243613752860735,3.56004526420389,72.62263442350073,181.42098900073796,518683.65890522586
sturman_epm,elevated_plus_maze,False,EPM_17DeepCut_resnet50_epmMay17shuffle1_1030000,hipr,,15460,25,0.9720657123206966,0.01739974126778784,69.91408914094107,449.49469582836326,6.429243395021836,3.9342256447632606,73.1817376475057,181.84141220282763,577178.4610470438
sturman_epm,elevated_plus_maze,False,EPM_17DeepCut_resnet50_epmMay17shuffle1_1030000,tailbase,tail_base,15460,25,0.9842704421875548,0.0,353.80946675030697,2156.023971910153,6.093743029865614,20.888898747296665,121.5972119027414,180.49998252810477,801649.2116712575
sturman_epm,elevated_plus_maze,False,EPM_17DeepCut_resnet50_epmMay17shuffle1_1030000,tailcentre,,15460,25,0.9485837044471448,0.01778783958602846,282.6527037065533,1352.5149718552375,4.785077072036086,17.803685752381078,81.4247913005574,186.51660403146022,753992.3158919862
sturman_epm,elevated_plus_maze,False,EPM_17DeepCut_resnet50_epmMay17shuffle1_1030000,tailtip,,15460,25,0.7767997846951923,0.17639068564036223,108.81544647643346,452.2527365464458,4.156144657683243,5.476953614658395,76.44158835648119,195.00608451826224,579102.603777765
sturman_epm,elevated_plus_maze,False,EPM_18DeepCut_resnet50_epmMay17shuffle1_1030000,tl,,15482,25,0.9958391570987943,0.0021960986952590106,7.145966813298996,11.734184521913052,1.6420709511378024,0.26797088579813827,1.2583304627538394,2.0128580346419622,478.9918002337994
sturman_epm,elevated_plus_maze,False,EPM_18DeepCut_resnet50_epmMay17shuffle1_1030000,tr,,15482,25,0.9926848500050742,0.0056194290143392325,8.082177797152438,10.669526431534988,1.3201301306801418,0.3080177265364946,0.909129919936539,1.3160763876190615,147.93843116917515
sturman_epm,elevated_plus_maze,False,EPM_18DeepCut_resnet50_epmMay17shuffle1_1030000,bl,,15482,25,0.9960389822613683,0.0029711923524092495,9.213724783890665,12.474993482328381,1.3539576854020796,0.354838945006524,2.010076821909091,1.668057479195607,244.17556736032824
sturman_epm,elevated_plus_maze,False,EPM_18DeepCut_resnet50_epmMay17shuffle1_1030000,br,,15482,25,0.9944398322646401,0.0031649657666968094,8.678162584379312,11.363858805225517,1.309477518395479,0.33473618073167344,1.4919814339998536,1.8549672948072027,211.12702429241287
sturman_epm,elevated_plus_maze,False,EPM_18DeepCut_resnet50_epmMay17shuffle1_1030000,lt,,15482,25,0.9955366700675934,0.003810877147655342,4.861337485264511,5.1300016400324875,1.0552654810702486,0.16319887158656687,0.5426968959844449,0.5606459926018399,129.3053129359231
sturman_epm,elevated_plus_maze,False,EPM_18DeepCut_resnet50_epmMay17shuffle1_1030000,lb,,15482,25,0.9959127681883033,0.0034233303190802223,5.4049134280560445,7.0704476871811055,1.3081518846314055,0.19457784576688605,1.129807843221745,0.7710225235067433,332.82688713518047
sturman_epm,elevated_plus_maze,False,EPM_18DeepCut_resnet50_epmMay17shuffle1_1030000,rt,,15482,25,0.9907516369411087,0.0052318821857641135,4.960014132099711,9.995620380604475,2.0152403026265278,0.1841059064568881,0.7452762738586435,3.076688603937953,733.551954049549
sturman_epm,elevated_plus_maze,False,EPM_18DeepCut_resnet50_epmMay17shuffle1_1030000,rb,,15482,25,0.964927906840135,0.034491667743185635,6.0100652783445465,6.511803207553737,1.0834829416940033,0.21314415425474093,0.5333381354782027,1.1858130079120746,94.00435884068212
sturman_epm,elevated_plus_maze,False,EPM_18DeepCut_resnet50_epmMay17shuffle1_1030000,ctl,,15482,25,0.9896987177842563,0.005748611290530939,9.68644615576386,18.240088929108225,1.8830527353166127,0.43818123550194527,1.2395570641184153,2.5183145741014963,576.7722797725206
sturman_epm,elevated_plus_maze,False,EPM_18DeepCut_resnet50_epmMay17shuffle1_1030000,ctr,,15482,25,0.8019477235317661,0.09346337682469966,48.29196205562815,421.10892892062043,8.720062532053253,2.7640445288295643,16.850644374004354,20.032441656168473,447180.99925864284
sturman_epm,elevated_plus_maze,False,EPM_18DeepCut_resnet50_epmMay17shuffle1_1030000,cbl,,15482,25,0.9552705238057483,0.03571889936700685,9.472314507527065,25.217530796508264,2.66223537831957,0.44013118134847895,1.8078145083236532,1.4922264015966786,2803.064237587637
sturman_epm,elevated_plus_maze,False,EPM_18DeepCut_resnet50_epmMay17shuffle1_1030000,cbr,,15482,25,0.7959072111212242,0.16515954011109676,37.06274833105391,378.0101005127876,10.199192384123947,1.8034174397449514,26.92967885493428,26.62193911343342,429551.7659307009
sturman_epm,elevated_plus_maze,False,EPM_18DeepCut_resnet50_epmMay17shuffle1_1030000,nose,nose,15482,25,0.8095222155440456,0.16031520475390776,90.99645413447314,255.57338734355324,2.8086082009950726,4.446396867962166,113.29635269054104,177.61388082937628,873646.1210314651
sturman_epm,elevated_plus_maze,False,EPM_18DeepCut_resnet50_epmMay17shuffle1_1030000,headcentre,head,15482,25,0.9654846322400181,0.024157085647849116,81.0741648976042,210.339822547063,2.594412447081261,4.134863442295098,112.51796353632203,182.79621324610838,877354.5016694864
sturman_epm,elevated_plus_maze,False,EPM_18DeepCut_resnet50_epmMay17shuffle1_1030000,neck,neck,15482,25,0.9765489954882053,0.018731430047797443,78.94779332179367,295.0808573542955,3.737670743392874,4.185575524196456,112.13377768915547,182.3689957249987,877539.6107710326
sturman_epm,elevated_plus_maze,False,EPM_18DeepCut_resnet50_epmMay17shuffle1_1030000,earl,,15482,25,0.9689771435666864,0.020927528743056454,83.12803690225132,318.8105861983616,3.835175207773099,4.403808739497744,113.60168691041392,182.65867436861836,924132.429981408
sturman_epm,elevated_plus_maze,False,EPM_18DeepCut_resnet50_epmMay17shuffle1_1030000,earr,,15482,25,0.9733366731363217,0.022542307195452783,78.41374965748518,194.88157005214788,2.485298444512594,4.066211326036253,115.64841090259078,182.11917194049605,879193.5796025665
sturman_epm,elevated_plus_maze,False,EPM_18DeepCut_resnet50_epmMay17shuffle1_1030000,bodycentre,body_center,15482,25,0.9930703777349699,0.000516729104766826,96.0633248426354,971.6046690352935,10.114210294375217,5.679956967661645,108.68283963970416,178.14669160516618,846710.7173896967
sturman_epm,elevated_plus_maze,False,EPM_18DeepCut_resnet50_epmMay17shuffle1_1030000,bcl,,15482,25,0.9724126232966267,0.020733755328768894,66.32227421956225,217.18754699652717,3.274730089585289,3.4675254131161646,111.81115146495189,179.9209937548352,802424.4501868172
sturman_epm,elevated_plus_maze,False,EPM_18DeepCut_resnet50_epmMay17shuffle1_1030000,bcr,,15482,25,0.9677401239088749,0.023123627438315465,81.21888970000485,401.8005598848635,4.947131897135987,4.5519174803122056,113.74646328875774,180.88432089951445,745967.5488164602
sturman_epm,elevated_plus_maze,False,EPM_18DeepCut_resnet50_epmMay17shuffle1_1030000,hipl,,15482,25,0.9448533546357111,0.035848081643198554,69.57710679720562,297.20690995712533,4.271619267288387,3.729009415744188,100.12912060703862,179.57817891125532,709832.8433963499
sturman_epm,elevated_plus_maze,False,EPM_18DeepCut_resnet50_epmMay17shuffle1_1030000,hipr,,15482,25,0.9591801721425101,0.022929854024027904,79.59602690544655,476.20679211781345,5.982796009196633,4.587492096217776,103.37441408116217,181.94087700311186,852922.6394812287
sturman_epm,elevated_plus_maze,False,EPM_18DeepCut_resnet50_epmMay17shuffle1_1030000,tailbase,tail_base,15482,25,0.8489727521590247,0.12976359643456917,108.03214877662121,746.9599117040074,6.914237291053992,5.8852817412481375,102.05998790634492,183.62015451895255,823350.0623176455
sturman_epm,elevated_plus_maze,False,EPM_18DeepCut_resnet50_epmMay17shuffle1_1030000,tailcentre,,15482,25,0.7465724000930324,0.21282780002583646,82.98021865583225,498.56747439451794,6.008268988328054,4.314558618343378,92.25123686141846,183.96878633622114,812356.0049329629
sturman_epm,elevated_plus_maze,False,EPM_18DeepCut_resnet50_epmMay17shuffle1_1030000,tailtip,,15482,25,0.6559208427411366,0.2964733238599664,116.99331898750879,632.2500875906892,5.404155494197012,5.177620239731059,104.49663884499114,180.21277289442787,846493.5526390331
sturman_epm,elevated_plus_maze,False,EPM_19DeepCut_resnet50_epmMay17shuffle1_1030000,tl,,15654,25,0.9984825226033619,0.0010859844129296027,7.068363543368641,9.257661727845333,1.3097319727606025,0.25787667056997515,0.8498745188721558,1.1008639020460531,352.5226806404355
sturman_epm,elevated_plus_maze,False,EPM_19DeepCut_resnet50_epmMay17shuffle1_1030000,tr,,15654,25,0.9947136828721795,0.004280056215663728,9.724077018222172,11.36740240592935,1.1689955133662264,0.3655202120330794,0.8480394402057341,1.1895656583495755,180.35859929876372
sturman_epm,elevated_plus_maze,False,EPM_19DeepCut_resnet50_epmMay17shuffle1_1030000,bl,,15654,25,0.9954516582730722,0.002491376006132618,7.310394011813851,11.121444628375597,1.521319454245962,0.2774232601520059,0.9770763378713904,1.7633649107611975,511.4329800263172
sturman_epm,elevated_plus_maze,False,EPM_19DeepCut_resnet50_epmMay17shuffle1_1030000,br,,15654,25,0.991803169242873,0.006452025041522934,8.204532745806086,9.7778865441303,1.1917664109669703,0.3032211061856258,0.8420827983537161,1.6491783043038863,234.94893652029214
sturman_epm,elevated_plus_maze,False,EPM_19DeepCut_resnet50_epmMay17shuffle1_1030000,lt,,15654,25,0.9963221773857417,0.003513478983007538,5.58947923075011,6.107722503159507,1.0927176309303233,0.19866811114755517,0.5512483694728557,0.4158242394372867,70.29364223467661
sturman_epm,elevated_plus_maze,False,EPM_19DeepCut_resnet50_epmMay17shuffle1_1030000,lb,,15654,25,0.9968963125526669,0.0015970359013670627,7.293170974012086,22.546260637447208,3.0914208261107254,0.29153509864986993,1.5983367061170621,0.9674250794987151,1059.2983389312135
sturman_epm,elevated_plus_maze,False,EPM_19DeepCut_resnet50_epmMay17shuffle1_1030000,rt,,15654,25,0.9926902766415514,0.006388143605468251,6.209031468649495,11.343664617133332,1.8269620108078874,0.23755324392154087,0.6513166070434112,3.53867574966686,1249.863972705429
sturman_epm,elevated_plus_maze,False,EPM_19DeepCut_resnet50_epmMay17shuffle1_1030000,rb,,15654,25,0.9751389383645263,0.024785997189216813,7.960780790315457,7.469075257204224,0.9382340066806752,0.2867237345074801,0.6532179831103158,0.7671774306014787,82.09727971237577
sturman_epm,elevated_plus_maze,False,EPM_19DeepCut_resnet50_epmMay17shuffle1_1030000,ctl,,15654,25,0.9838075469025132,0.00887951961160087,11.762419562476547,18.971450450006156,1.6128867321250158,0.5350046948494177,1.42191604422867,2.1517542580660822,354.3815114983244
sturman_epm,elevated_plus_maze,False,EPM_19DeepCut_resnet50_epmMay17shuffle1_1030000,ctr,,15654,25,0.7934210492026476,0.13268174268557556,54.02271390544731,509.02575787505594,9.422439582838672,2.801743558130831,15.297463867919141,20.034725361438632,539361.2476698788
sturman_epm,elevated_plus_maze,False,EPM_19DeepCut_resnet50_epmMay17shuffle1_1030000,cbl,,15654,25,0.9272597246362253,0.05219113325667561,10.92814986512296,18.45348632337041,1.6886194416370934,0.5097602150445907,2.0954855575621316,1.9789012600269462,503.0327740045821
sturman_epm,elevated_plus_maze,False,EPM_19DeepCut_resnet50_epmMay17shuffle1_1030000,cbr,,15654,25,0.6868105517240781,0.23802223073974704,55.16985754870406,450.22362551022377,8.160681312485998,2.619911863771627,23.63123696608985,25.64299864386087,310491.1366971544
sturman_epm,elevated_plus_maze,False,EPM_19DeepCut_resnet50_epmMay17shuffle1_1030000,nose,nose,15654,25,0.8588884078547828,0.11332566756100677,110.58926999392138,422.46428127866324,3.8201199926709375,5.450640848460145,122.29763908177257,159.93268947336486,875129.8121258926
sturman_epm,elevated_plus_maze,False,EPM_19DeepCut_resnet50_epmMay17shuffle1_1030000,headcentre,head,15654,25,0.9644884458386428,0.027213491759294748,118.47141350076917,655.361048777448,5.531807458118942,6.614191090347733,121.01141236697062,159.2241592057818,908971.2250211209
sturman_epm,elevated_plus_maze,False,EPM_19DeepCut_resnet50_epmMay17shuffle1_1030000,neck,neck,15654,25,0.9690500800924403,0.02542481154976364,91.94036693705853,422.0744665592692,4.590741592843731,4.7848779385522295,114.96423765306162,154.37215690717775,873175.6333762696
sturman_epm,elevated_plus_maze,False,EPM_19DeepCut_resnet50_epmMay17shuffle1_1030000,earl,,15654,25,0.9658339612916068,0.025616455857927687,108.86506356729035,547.6787197235911,5.030803287824901,5.891396740198017,121.85654629799772,158.3452577826217,931358.483186288
sturman_epm,elevated_plus_maze,False,EPM_19DeepCut_resnet50_epmMay17shuffle1_1030000,earr,,15654,25,0.9642826497223516,0.030215919253864826,104.02709267199423,516.2586253605879,4.962732419989789,5.653295081959395,122.13861957025412,156.91764716285897,886412.9832058297
sturman_epm,elevated_plus_maze,False,EPM_19DeepCut_resnet50_epmMay17shuffle1_1030000,bodycentre,body_center,15654,25,0.9854291782299038,0.011498658489842852,69.55200711437024,226.375991836846,3.254772956653815,3.6710407858790157,103.49623118042322,146.58349233138418,789402.7048794869
sturman_epm,elevated_plus_maze,False,EPM_19DeepCut_resnet50_epmMay17shuffle1_1030000,bcl,,15654,25,0.9754026664297928,0.016928580554490865,82.55104635535122,328.67839440687806,3.9815169997002964,4.352629262803554,102.24566625605573,148.91335770888438,795247.9898090966
sturman_epm,elevated_plus_maze,False,EPM_19DeepCut_resnet50_epmMay17shuffle1_1030000,bcr,,15654,25,0.9656430143528367,0.027532898939568163,75.77895376010102,269.7357408987525,3.559507323796983,3.876566450171148,108.86182271739257,147.62605393189853,818004.7859612001
sturman_epm,elevated_plus_maze,False,EPM_19DeepCut_resnet50_epmMay17shuffle1_1030000,hipl,,15654,25,0.9690934761195434,0.0233806055960138,87.94141576054189,489.16110334623505,5.562351926175323,4.8286812968629205,99.42020514599089,142.4285616162116,711136.0644910207
sturman_epm,elevated_plus_maze,False,EPM_19DeepCut_resnet50_epmMay17shuffle1_1030000,hipr,,15654,25,0.9761773759706946,0.01699246199054555,87.53019826506831,461.6876457633735,5.274609847966317,4.678304616899459,100.54658757077333,141.9914243342399,748153.002849402
sturman_epm,elevated_plus_maze,False,EPM_19DeepCut_resnet50_epmMay17shuffle1_1030000,tailbase,tail_base,15654,25,0.9603510329389657,0.027916187555896258,105.20470790817063,608.3991969346188,5.783003527424536,5.724869269930471,97.2062960361629,147.72846289218325,789761.3625221108
sturman_epm,elevated_plus_maze,False,EPM_19DeepCut_resnet50_epmMay17shuffle1_1030000,tailcentre,,15654,25,0.8575876126789538,0.11747796090456114,115.52038315284159,576.6124661329891,4.991434848082959,5.687777230037846,118.69587552962619,142.80480341806515,838268.0219849972
sturman_epm,elevated_plus_maze,False,EPM_19DeepCut_resnet50_epmMay17shuffle1_1030000,tailtip,,15654,25,0.7747537699184519,0.18359524722115753,175.93376907363137,759.2928747546586,4.315788144326523,8.646444262685463,110.36921971037106,141.2140276521018,777222.5897510024
sturman_epm,elevated_plus_maze,False,EPM_1DeepCut_resnet50_epmMay17shuffle1_1030000,tl,,15698,25,0.9999991015068724,0.0,7.141293042875108,6.78906220243585,0.9506768818581559,0.24426891867995906,0.5783345985806306,0.6996019225708975,89.0467419723825
sturman_epm,elevated_plus_maze,False,EPM_1DeepCut_resnet50_epmMay17shuffle1_1030000,tr,,15698,25,0.9999842017695378,0.0,9.84368808407945,9.892728215701537,1.0049818859763955,0.34343123000237885,0.6789224663388534,1.1304987623219276,74.20781722706886
sturman_epm,elevated_plus_maze,False,EPM_1DeepCut_resnet50_epmMay17shuffle1_1030000,bl,,15698,25,0.999925834727995,0.0,7.219569628781792,7.818663915779159,1.0829819944680632,0.2503242645665799,0.7997372279299554,0.9560943666823043,107.06740311098648
sturman_epm,elevated_plus_maze,False,EPM_1DeepCut_resnet50_epmMay17shuffle1_1030000,br,,15698,25,0.9994687413122111,0.0003822142948146261,7.660589869321517,7.445503007666586,0.971922937355478,0.27147718977062985,0.6486237386373738,1.005106843626692,101.96397803255479
sturman_epm,elevated_plus_maze,False,EPM_1DeepCut_resnet50_epmMay17shuffle1_1030000,lt,,15698,25,0.9999986076745307,0.0,6.771072898618239,6.520007657548488,0.9629209070956857,0.24824357132253175,0.5901175934832285,0.429485553993396,15.172227293267571
sturman_epm,elevated_plus_maze,False,EPM_1DeepCut_resnet50_epmMay17shuffle1_1030000,lb,,15698,25,0.999987473665096,0.0,10.462279275676385,10.004134102520755,0.9562098123091815,0.3963619948775371,0.7349029134985909,0.8853573382197989,36.869458381777825
sturman_epm,elevated_plus_maze,False,EPM_1DeepCut_resnet50_epmMay17shuffle1_1030000,rt,,15698,25,0.9994605760795932,0.00044591667728373043,7.659105214495196,7.421675418791751,0.9690003219626624,0.3024288738746469,0.6923836414971829,0.5348839628011625,122.86773343500302
sturman_epm,elevated_plus_maze,False,EPM_1DeepCut_resnet50_epmMay17shuffle1_1030000,rb,,15698,25,0.9869551926201993,0.012995286023697285,7.370189103758444,7.340028468375108,0.9959077528461303,0.29024359109810277,0.6048412749623221,0.655416802913558,37.171014258010146
sturman_epm,elevated_plus_maze,False,EPM_1DeepCut_resnet50_epmMay17shuffle1_1030000,ctl,,15698,25,0.9895692636236474,0.008026500191107148,6.345468892150628,11.440989556413406,1.8030172002838054,0.27310766205826037,1.1760333984931477,1.7444232894967624,337.38588421915205
sturman_epm,elevated_plus_maze,False,EPM_1DeepCut_resnet50_epmMay17shuffle1_1030000,ctr,,15698,25,0.972374041745474,0.02012995286023697,10.098411643364194,27.94325005586557,2.767093582902957,0.41330620116541994,1.5383519474760519,2.460793824668985,1808.0682910979788
sturman_epm,elevated_plus_maze,False,EPM_1DeepCut_resnet50_epmMay17shuffle1_1030000,cbl,,15698,25,0.9765338929656479,0.01879220282838578,7.4055223226667355,38.92704046374432,5.256488167566101,0.3692511120814773,2.450592071603654,1.6878612146747825,1502.4207977206192
sturman_epm,elevated_plus_maze,False,EPM_1DeepCut_resnet50_epmMay17shuffle1_1030000,cbr,,15698,25,0.9780451900196737,0.014970059880239521,11.012929153705326,38.27755024832038,3.4756920446947404,0.5185720019698954,3.684758105406028,2.4834795035508885,10292.32149770756
sturman_epm,elevated_plus_maze,False,EPM_1DeepCut_resnet50_epmMay17shuffle1_1030000,nose,nose,15698,25,0.7527761162523404,0.19301821888138618,61.05322303391445,375.00531742673496,6.142268971097943,2.9517665021576955,110.53464000811988,127.18240676888855,617110.3387753438
sturman_epm,elevated_plus_maze,False,EPM_1DeepCut_resnet50_epmMay17shuffle1_1030000,headcentre,head,15698,25,0.9574245057002437,0.03975028666072111,50.62769230149941,252.56396226836029,4.988652470357221,2.6247855786570566,88.78136820419365,121.93191985385427,586526.8430543516
sturman_epm,elevated_plus_maze,False,EPM_1DeepCut_resnet50_epmMay17shuffle1_1030000,neck,neck,15698,25,0.961819004922904,0.037138488979487835,40.6268073554198,180.5880590400117,4.445046775646288,2.0600450980494975,92.25317458821465,121.03738049092833,553191.8901850926
sturman_epm,elevated_plus_maze,False,EPM_1DeepCut_resnet50_epmMay17shuffle1_1030000,earl,,15698,25,0.9598767409785293,0.038030322334055296,56.03145112660418,424.60967765132443,7.578059627474405,3.04699342760563,102.14120783738866,124.65947042344712,584304.9101075635
sturman_epm,elevated_plus_maze,False,EPM_1DeepCut_resnet50_epmMay17shuffle1_1030000,earr,,15698,25,0.9590236180442839,0.03841253662886992,45.141153092997456,160.7901759982434,3.561942152142012,2.299891291284724,103.41506112467764,121.73279300821424,580082.4459102564
sturman_epm,elevated_plus_maze,False,EPM_1DeepCut_resnet50_epmMay17shuffle1_1030000,bodycentre,body_center,15698,25,0.9720345135915354,0.02713721493183845,42.40018575334456,258.2067278778456,6.089754638810233,2.254713683054845,76.3618949084029,122.55687014002552,563956.0565937172
sturman_epm,elevated_plus_maze,False,EPM_1DeepCut_resnet50_epmMay17shuffle1_1030000,bcl,,15698,25,0.9695213773585776,0.027009810166900242,41.30763312235218,236.97615366536272,5.736861101759214,2.189181517916305,83.31952212540182,123.03145135516841,574269.5373258234
sturman_epm,elevated_plus_maze,False,EPM_1DeepCut_resnet50_epmMay17shuffle1_1030000,bcr,,15698,25,0.9631915641413447,0.03414447700343993,41.27369341490761,218.05631293598967,5.283179063815744,2.157247799501932,77.89544193091487,120.48699552881212,575603.884902643
sturman_epm,elevated_plus_maze,False,EPM_1DeepCut_resnet50_epmMay17shuffle1_1030000,hipl,,15698,25,0.9686342503143156,0.026054274429863678,52.98090512189817,316.257693935595,5.969276916050246,2.7140306673636094,93.62505089309359,115.88669179121374,525385.5172062599
sturman_epm,elevated_plus_maze,False,EPM_1DeepCut_resnet50_epmMay17shuffle1_1030000,hipr,,15698,25,0.9671797673517556,0.02828385781628233,57.97829995920501,529.5114112797265,9.13292407076965,2.9736879989060045,88.1625989227974,117.1741941469193,612054.7516530177
sturman_epm,elevated_plus_maze,False,EPM_1DeepCut_resnet50_epmMay17shuffle1_1030000,tailbase,tail_base,15698,25,0.9666008854298884,0.02624538157727099,51.11669398704115,309.9630201819004,6.0638315197082315,2.503794290443788,88.74496674910834,118.59714597764619,589268.6993077784
sturman_epm,elevated_plus_maze,False,EPM_1DeepCut_resnet50_epmMay17shuffle1_1030000,tailcentre,,15698,25,0.9372731398144168,0.054019620333800485,49.3849655837394,258.69116537487673,5.238257480127797,2.3507427985440192,82.79912883517913,124.9561629596149,587251.190203536
sturman_epm,elevated_plus_maze,False,EPM_1DeepCut_resnet50_epmMay17shuffle1_1030000,tailtip,,15698,25,0.8974457641216065,0.08255828767995924,75.25633402679335,364.3151518928838,4.840989886155994,3.541328174055982,73.38968844038054,131.56731622452256,538242.2439676248
sturman_epm,elevated_plus_maze,False,EPM_20DeepCut_resnet50_epmMay17shuffle1_1030000,tl,,15112,25,0.9974612482976762,0.0019851773425092643,7.428010125337506,10.176785359016934,1.3700553967075444,0.2618058977830173,0.8659336797648055,1.788140048623824,433.7904148345274
sturman_epm,elevated_plus_maze,False,EPM_20DeepCut_resnet50_epmMay17shuffle1_1030000,tr,,15112,25,0.9929418470424562,0.0058893594494441506,8.255083019952464,10.843101299574606,1.3135060269372125,0.3075635147342332,0.8638169986759171,1.3342584165200218,237.81725654691914
sturman_epm,elevated_plus_maze,False,EPM_20DeepCut_resnet50_epmMay17shuffle1_1030000,bl,,15112,25,0.9926273073663845,0.004698253043938592,7.643195139134361,12.267174705478435,1.6049799177138069,0.2941625062275944,1.7664565310833613,2.1086180345350325,516.9440596706562
sturman_epm,elevated_plus_maze,False,EPM_20DeepCut_resnet50_epmMay17shuffle1_1030000,br,,15112,25,0.996677179889366,0.0016543144520910534,8.624415621111963,11.847189305663083,1.3736802383064652,0.31945056527319415,0.9693336205009404,1.6869826162647992,291.3676030626804
sturman_epm,elevated_plus_maze,False,EPM_20DeepCut_resnet50_epmMay17shuffle1_1030000,lt,,15112,25,0.9963052176597763,0.003242456326098465,5.076829621566058,5.175111319872782,1.0193588726888192,0.168724547581018,0.47849425116105504,0.4507464357919436,69.55475042785146
sturman_epm,elevated_plus_maze,False,EPM_20DeepCut_resnet50_epmMay17shuffle1_1030000,lb,,15112,25,0.997263283103452,0.0016543144520910534,8.181634936380826,15.983492658874866,1.9535817453553137,0.2984129211807932,1.7736500257474597,1.0613122387196656,1116.6930600715473
sturman_epm,elevated_plus_maze,False,EPM_20DeepCut_resnet50_epmMay17shuffle1_1030000,rt,,15112,25,0.9957675436415989,0.0007278983589200635,5.618549605447418,17.442004668401935,3.104360714639092,0.21789184047378884,0.5772701208105777,2.596522683344175,712.5684930740591
sturman_epm,elevated_plus_maze,False,EPM_20DeepCut_resnet50_epmMay17shuffle1_1030000,rb,,15112,25,0.9722097527123337,0.027726310217046055,9.879622459350804,13.268545396523736,1.3430215021997531,0.39605931404937883,0.9575867846617562,0.7977899333964513,27.588710302069394
sturman_epm,elevated_plus_maze,False,EPM_20DeepCut_resnet50_epmMay17shuffle1_1030000,ctl,,15112,25,0.9532902869102562,0.043607728957120166,9.242668142868423,15.60946537343978,1.6888484074248553,0.41565526553334375,1.1466024055868003,2.8160123750193917,484.26418068698104
sturman_epm,elevated_plus_maze,False,EPM_20DeepCut_resnet50_epmMay17shuffle1_1030000,ctr,,15112,25,0.6253047920566283,0.20420857596611963,69.84380125448685,580.1367449523786,8.306202333383307,4.017592159507248,21.83951593795927,32.43275448245235,622280.8040295743
sturman_epm,elevated_plus_maze,False,EPM_20DeepCut_resnet50_epmMay17shuffle1_1030000,cbl,,15112,25,0.9321517543172066,0.05393065113816834,9.937551154692775,26.610903324596077,2.6778129652222926,0.46549961640665555,1.7019970549890389,2.6515626545217086,1859.5773586323667
sturman_epm,elevated_plus_maze,False,EPM_20DeepCut_resnet50_epmMay17shuffle1_1030000,cbr,,15112,25,0.6520819167624774,0.2440444679724722,48.414087535639645,499.73367264956073,10.322071489660644,2.3398756926946067,24.13237927026679,21.05059882762617,368800.63533428655
sturman_epm,elevated_plus_maze,False,EPM_20DeepCut_resnet50_epmMay17shuffle1_1030000,nose,nose,15112,25,0.8042842727026307,0.16265219692959237,86.48226359385416,239.55717450180913,2.770015082246682,4.307156450454107,74.06193206145204,162.7207118392222,684848.3328432492
sturman_epm,elevated_plus_maze,False,EPM_20DeepCut_resnet50_epmMay17shuffle1_1030000,headcentre,head,15112,25,0.9935513668338132,0.0011911064055055585,86.77255902338706,429.2399316326529,4.946724361522674,4.828986303550391,72.90907288291842,164.53493513381332,716480.8429392421
sturman_epm,elevated_plus_maze,False,EPM_20DeepCut_resnet50_epmMay17shuffle1_1030000,neck,neck,15112,25,0.9981223437215299,0.00019851773425092641,67.79049853711362,308.8001351114231,4.555212629722183,3.7883829003739145,68.89024603555214,163.1995848808333,630093.9166754221
sturman_epm,elevated_plus_maze,False,EPM_20DeepCut_resnet50_epmMay17shuffle1_1030000,earl,,15112,25,0.9941113070817048,0.0005293806246691371,84.47366137478089,468.2243873060833,5.542844712610846,4.838731327175944,72.81357221163584,164.2694956962872,706731.3507769638
sturman_epm,elevated_plus_maze,False,EPM_20DeepCut_resnet50_epmMay17shuffle1_1030000,earr,,15112,25,0.9967742040378667,0.0009264160931709899,82.64084294420469,427.75772652294137,5.176105558503847,4.694832541905106,72.2279308514313,163.7975835394978,699924.2121500231
sturman_epm,elevated_plus_maze,False,EPM_20DeepCut_resnet50_epmMay17shuffle1_1030000,bodycentre,body_center,15112,25,0.9989795683217055,0.0,52.65306281938043,244.53710778299316,4.644309270703706,2.8973508270747756,60.75222744678512,161.1880912840313,379128.0021432565
sturman_epm,elevated_plus_maze,False,EPM_20DeepCut_resnet50_epmMay17shuffle1_1030000,bcl,,15112,25,0.9826723735083374,0.009793541556379036,63.47448505927499,258.4126631204553,4.07112657753961,3.3355931398519063,65.90448362666665,162.04571288592538,664358.0690619884
sturman_epm,elevated_plus_maze,False,EPM_20DeepCut_resnet50_epmMay17shuffle1_1030000,bcr,,15112,25,0.9888273102599613,0.0036394917946003177,68.32113337001799,336.9031318376604,4.931170125838498,3.8774856953417114,62.938178046928286,160.69883348793425,407707.1258400398
sturman_epm,elevated_plus_maze,False,EPM_20DeepCut_resnet50_epmMay17shuffle1_1030000,hipl,,15112,25,0.9657441753698853,0.01515352038115405,89.86404442058472,636.4798682810006,7.082697784022786,5.1195099742543535,70.26602886094499,162.73925747719736,690474.654385274
sturman_epm,elevated_plus_maze,False,EPM_20DeepCut_resnet50_epmMay17shuffle1_1030000,hipr,,15112,25,0.9758678791662919,0.013499205929062997,73.35894135044192,514.0719473461177,7.007624944999575,4.006340494683827,63.43612912364053,161.22902329612924,725090.6321236674
sturman_epm,elevated_plus_maze,False,EPM_20DeepCut_resnet50_epmMay17shuffle1_1030000,tailbase,tail_base,15112,25,0.914117975433615,0.07391476971942827,84.68787851199897,686.068503428975,8.101141692099059,5.036839289945437,82.15760507119609,165.63090061583551,713193.4249631146
sturman_epm,elevated_plus_maze,False,EPM_20DeepCut_resnet50_epmMay17shuffle1_1030000,tailcentre,,15112,25,0.8560732403674443,0.12109581789306512,81.61439187991311,474.03666627008323,5.8082484639177085,4.05544797906219,57.00943703354217,160.69697705686676,545906.8334826635
sturman_epm,elevated_plus_maze,False,EPM_20DeepCut_resnet50_epmMay17shuffle1_1030000,tailtip,,15112,25,0.7193760748138152,0.25383800952885127,87.21878880438467,469.56161487624763,5.383720885294405,4.024411717084189,60.94592259905484,160.1814619913218,598393.5286057923
sturman_epm,elevated_plus_maze,False,EPM_21DeepCut_resnet50_epmMay17shuffle1_1030000,tl,,15388,25,0.9990948333112271,0.00045489992201715624,7.7637902420076115,9.898177663539037,1.2749156475123293,0.28663853073592616,0.9785828638114057,1.2935603061298975,204.96554957664102
sturman_epm,elevated_plus_maze,False,EPM_21DeepCut_resnet50_epmMay17shuffle1_1030000,tr,,15388,25,0.997232934767499,0.002339485313231089,7.509323243348887,10.082565569337785,1.3426730002957397,0.2872755537003805,0.9017995679094398,1.4483831544706463,183.00859243370348
sturman_epm,elevated_plus_maze,False,EPM_21DeepCut_resnet50_epmMay17shuffle1_1030000,bl,,15388,25,0.9975878016760296,0.0008448141408890044,6.2333607519487195,8.120748195423285,1.3027880975578892,0.22280801805817402,0.828137166512167,1.3062594775907275,271.99608241487635
sturman_epm,elevated_plus_maze,False,EPM_21DeepCut_resnet50_epmMay17shuffle1_1030000,br,,15388,25,0.9975171915398563,0.0005198856251624642,7.440210593242765,8.945504504754988,1.2023187237306614,0.2634439904639691,1.0909411507936577,1.2807051560508829,213.02217222373253
sturman_epm,elevated_plus_maze,False,EPM_21DeepCut_resnet50_epmMay17shuffle1_1030000,lt,,15388,25,0.9935349720811764,0.0059136989862230305,4.3568098925551055,4.861194368789659,1.1157692184587724,0.15020033820670256,0.5771870467626131,0.6441861124592096,127.81030454667463
sturman_epm,elevated_plus_maze,False,EPM_21DeepCut_resnet50_epmMay17shuffle1_1030000,lb,,15388,25,0.9944826010716311,0.003704185079282558,7.574001411553035,27.10532745319699,3.57873282302955,0.28255996489230956,2.3520481953284236,0.9855330940492916,1711.2163971808452
sturman_epm,elevated_plus_maze,False,EPM_21DeepCut_resnet50_epmMay17shuffle1_1030000,rt,,15388,25,0.9896469959906395,0.009552898362360281,4.60401380861567,7.70201086708096,1.6728904793178268,0.17113664841776827,0.6933304561637752,0.7288775974804966,310.4561728835389
sturman_epm,elevated_plus_maze,False,EPM_21DeepCut_resnet50_epmMay17shuffle1_1030000,rb,,15388,25,0.978234744432966,0.021640239147387576,6.470295961012669,6.871905891410239,1.0620697929148073,0.234161826810881,0.5364325461429229,0.9429242572961885,49.58263644233328
sturman_epm,elevated_plus_maze,False,EPM_21DeepCut_resnet50_epmMay17shuffle1_1030000,ctl,,15388,25,0.9862132663750203,0.0073433844554198074,10.670849262770428,19.683562144120653,1.8446106452646387,0.4853974239100365,1.1829508096269445,2.5474173015977986,693.0925443782444
sturman_epm,elevated_plus_maze,False,EPM_21DeepCut_resnet50_epmMay17shuffle1_1030000,ctr,,15388,25,0.7561926330905286,0.10183259682869769,48.785903527458345,411.5414175877642,8.435662513786076,2.6228675642472545,22.865246680632687,26.572358448360372,492593.2426758613
sturman_epm,elevated_plus_maze,False,EPM_21DeepCut_resnet50_epmMay17shuffle1_1030000,cbl,,15388,25,0.9500241490918102,0.038861450480894205,11.050117615002344,17.20361033358764,1.5568712418256003,0.4880338811955692,1.7274096419810283,2.1466991217437963,441.93929615800994
sturman_epm,elevated_plus_maze,False,EPM_21DeepCut_resnet50_epmMay17shuffle1_1030000,cbr,,15388,25,0.7460238224838132,0.19216272420067584,35.55188807466763,350.7715026524128,9.866466217369585,1.532242877765755,21.10562027054389,17.093133971549495,384652.4318774087
sturman_epm,elevated_plus_maze,False,EPM_21DeepCut_resnet50_epmMay17shuffle1_1030000,nose,nose,15388,25,0.8293999569669215,0.14595788926436185,110.07080518712992,574.4549435432447,5.21895831112184,5.289788996395354,116.72156428588205,163.57154101624698,738053.4236961878
sturman_epm,elevated_plus_maze,False,EPM_21DeepCut_resnet50_epmMay17shuffle1_1030000,headcentre,head,15388,25,0.9759039972214721,0.018390953990122173,79.15176729835973,213.19063207894067,2.693441212440984,3.979265427393358,100.22220975042977,168.92827428351802,837941.2809459952
sturman_epm,elevated_plus_maze,False,EPM_21DeepCut_resnet50_epmMay17shuffle1_1030000,neck,neck,15388,25,0.9757982112926292,0.018390953990122173,64.92876124994814,169.21413985861895,2.606150750469679,3.220669275222451,100.26924846926572,166.78443212271097,791033.8842923491
sturman_epm,elevated_plus_maze,False,EPM_21DeepCut_resnet50_epmMay17shuffle1_1030000,earl,,15388,25,0.9743142970330473,0.022485053288276578,70.51490443601409,159.55311608456756,2.262686411627312,3.5615488602070235,103.90255776288193,168.42644360628208,833642.3130455222
sturman_epm,elevated_plus_maze,False,EPM_21DeepCut_resnet50_epmMay17shuffle1_1030000,earr,,15388,25,0.9805611208224563,0.016766311411489473,70.85008773386036,147.62471237726874,2.0836207420349684,3.53298183004384,102.04571378834616,168.47106196768587,917682.6755524185
sturman_epm,elevated_plus_maze,False,EPM_21DeepCut_resnet50_epmMay17shuffle1_1030000,bodycentre,body_center,15388,25,0.9924582124302566,0.007408370158565116,51.92437543153915,136.3871525314921,2.6266498421596767,2.6844437161014354,92.06924737678774,168.6899037484943,751954.4743258322
sturman_epm,elevated_plus_maze,False,EPM_21DeepCut_resnet50_epmMay17shuffle1_1030000,bcl,,15388,25,0.9857510515709713,0.009487912659214972,62.36109388213587,226.20532661636915,3.6273469968936602,3.343977809208053,93.04610499717371,168.90723811370216,769027.6843318924
sturman_epm,elevated_plus_maze,False,EPM_21DeepCut_resnet50_epmMay17shuffle1_1030000,bcr,,15388,25,0.9828887310160858,0.011177540940992981,61.218636643576,169.50931939602322,2.768916929381026,3.2419799176785227,93.13982998137783,168.120129464368,759609.349519668
sturman_epm,elevated_plus_maze,False,EPM_21DeepCut_resnet50_epmMay17shuffle1_1030000,hipl,,15388,25,0.979482533352574,0.009942812581232129,64.57512658308717,278.9555283065188,4.319860340460871,3.5114291522646073,83.86631065171359,172.1043929552849,733114.7478510059
sturman_epm,elevated_plus_maze,False,EPM_21DeepCut_resnet50_epmMay17shuffle1_1030000,hipr,,15388,25,0.9817991998808738,0.010527683909539901,65.91932969868351,364.03476490643675,5.5224281947409875,3.692436496299065,88.77886418792788,171.6587730562719,809573.3931012593
sturman_epm,elevated_plus_maze,False,EPM_21DeepCut_resnet50_epmMay17shuffle1_1030000,tailbase,tail_base,15388,25,0.9447928823187873,0.042695606966467375,73.72579472846259,404.271012769049,5.483440555073136,3.9812914293485107,84.36429470874847,176.71012685596756,785372.1266714404
sturman_epm,elevated_plus_maze,False,EPM_21DeepCut_resnet50_epmMay17shuffle1_1030000,tailcentre,,15388,25,0.9509970607453425,0.015401611645438004,404.5186648405513,1711.6901097549387,4.231424303819538,26.07277969340738,104.37350933543392,183.96908445370252,790894.184167161
sturman_epm,elevated_plus_maze,False,EPM_21DeepCut_resnet50_epmMay17shuffle1_1030000,tailtip,,15388,25,0.796062001864074,0.15765531583051728,99.93627241406122,392.6435809228152,3.9289396276058173,4.587315473819893,79.89294407013494,191.23013753572653,740017.5257382372
sturman_epm,elevated_plus_maze,False,EPM_22DeepCut_resnet50_epmMay17shuffle1_1030000,tl,,15562,25,0.9985520658525522,0.0005140727412928929,7.848318349273435,10.202963396986242,1.3000190541367107,0.2950711045099141,0.9573458546879936,1.3811784770306528,301.52051833493437
sturman_epm,elevated_plus_maze,False,EPM_22DeepCut_resnet50_epmMay17shuffle1_1030000,tr,,15562,25,0.9968105512257637,0.002506104613802853,8.873053807208652,11.56813889624586,1.3037381658665999,0.34366493754620664,1.1636235341307188,1.48703330153084,203.9227874670823
sturman_epm,elevated_plus_maze,False,EPM_22DeepCut_resnet50_epmMay17shuffle1_1030000,bl,,15562,25,0.9978936020600399,0.0005140727412928929,6.743031373493258,9.525694307644201,1.4126723991066605,0.24691249378913196,0.8769440920494719,1.1355362535763414,331.9303284785051
sturman_epm,elevated_plus_maze,False,EPM_22DeepCut_resnet50_epmMay17shuffle1_1030000,br,,15562,25,0.995031095301028,0.004112581930343143,7.80635423769087,9.001445841073746,1.1530921563375511,0.2868799923753228,0.7468479922894794,1.1197876920209286,171.7843572493633
sturman_epm,elevated_plus_maze,False,EPM_22DeepCut_resnet50_epmMay17shuffle1_1030000,lt,,15562,25,0.9866472335067664,0.012466263976352653,5.309423636572404,6.316497589552983,1.189676699753933,0.19354955487380446,0.921038766444881,0.5727954286882088,155.71958073614837
sturman_epm,elevated_plus_maze,False,EPM_22DeepCut_resnet50_epmMay17shuffle1_1030000,lb,,15562,25,0.9933436501743922,0.005140727412928929,6.821833472660003,16.50562506124015,2.4195291672524797,0.26088779485165686,1.6294884670777552,0.8174510851584087,763.9158299243584
sturman_epm,elevated_plus_maze,False,EPM_22DeepCut_resnet50_epmMay17shuffle1_1030000,rt,,15562,25,0.9746778001325355,0.018506618686544147,6.451333982403416,11.461903238010807,1.776671812259939,0.25717096524137234,1.169754410700035,1.364972030358658,400.19199493371946
sturman_epm,elevated_plus_maze,False,EPM_22DeepCut_resnet50_epmMay17shuffle1_1030000,rb,,15562,25,0.9486770840578835,0.04928672407145611,8.06046885538889,10.402115932841486,1.2905100335307504,0.3160649851560549,0.9328889373069024,1.0556415116783548,172.74052030346607
sturman_epm,elevated_plus_maze,False,EPM_22DeepCut_resnet50_epmMay17shuffle1_1030000,ctl,,15562,25,0.9837056104543352,0.0099601593625498,11.644160319286783,19.074753197465625,1.6381390048255513,0.5265561104805737,1.3709747832132688,2.655902377038957,602.7386638296437
sturman_epm,elevated_plus_maze,False,EPM_22DeepCut_resnet50_epmMay17shuffle1_1030000,ctr,,15562,25,0.784897876014104,0.10519213468705822,37.3452620458646,257.0922752281692,6.8842005958460835,1.9483713365600062,7.0034388127069,13.866777291561664,110126.83375555757
sturman_epm,elevated_plus_maze,False,EPM_22DeepCut_resnet50_epmMay17shuffle1_1030000,cbl,,15562,25,0.9594051719052735,0.028852332605063615,10.4536830160174,17.75453123034524,1.698399616971482,0.49239492816698593,1.7225114502504357,1.6165081704920883,641.2679620967263
sturman_epm,elevated_plus_maze,False,EPM_22DeepCut_resnet50_epmMay17shuffle1_1030000,cbr,,15562,25,0.7850397355646727,0.16456753630638735,43.071008207923896,340.6245576167368,7.908441705668528,2.0995990246440286,20.58645748324897,21.49923655714943,315001.56954612053
sturman_epm,elevated_plus_maze,False,EPM_22DeepCut_resnet50_epmMay17shuffle1_1030000,nose,nose,15562,25,0.8282109390431482,0.14130574476288396,101.34114734661891,208.02526901986658,2.0527226547806303,4.80298273396358,159.62665757916,143.1628482637395,885829.65131012
sturman_epm,elevated_plus_maze,False,EPM_22DeepCut_resnet50_epmMay17shuffle1_1030000,headcentre,head,15562,25,0.9590374100596659,0.031615473589512916,95.28115392547902,241.78284390275888,2.5375725832609173,4.8395161601858945,163.3442384084714,143.64729181869032,906507.9310549966
sturman_epm,elevated_plus_maze,False,EPM_22DeepCut_resnet50_epmMay17shuffle1_1030000,neck,neck,15562,25,0.9648399070688545,0.029237887161033285,84.69485512267123,242.22926617061574,2.8600233841804577,4.275766106674876,157.81010025216455,138.1053278639644,847860.1956183087
sturman_epm,elevated_plus_maze,False,EPM_22DeepCut_resnet50_epmMay17shuffle1_1030000,earl,,15562,25,0.9622761123748935,0.02865955532707878,101.55795190726496,379.0762326637602,3.732610057062828,5.289868646502325,161.89403669484432,141.05792453355946,897111.7753441287
sturman_epm,elevated_plus_maze,False,EPM_22DeepCut_resnet50_epmMay17shuffle1_1030000,earr,,15562,25,0.9676326516028956,0.02698881891787688,88.51461824542086,214.02792606022498,2.4179952453367477,4.580154781924622,160.0527809444456,139.71092074351552,867251.4726293056
sturman_epm,elevated_plus_maze,False,EPM_22DeepCut_resnet50_epmMay17shuffle1_1030000,bodycentre,body_center,15562,25,0.9887368484111636,0.008096645675363064,76.42777687062862,317.5926776290803,4.155461412500302,4.209828375780278,144.28530413660803,136.61178511820458,788502.0418952652
sturman_epm,elevated_plus_maze,False,EPM_22DeepCut_resnet50_epmMay17shuffle1_1030000,bcl,,15562,25,0.9714386411477539,0.016900141370003854,82.34180519078193,316.67783702061746,3.8458937873282038,4.427587736950545,145.11811162932509,136.58554938034018,784790.2991231306
sturman_epm,elevated_plus_maze,False,EPM_22DeepCut_resnet50_epmMay17shuffle1_1030000,bcr,,15562,25,0.9662154100403475,0.02422567793342758,77.60248195732156,242.6402175769457,3.1267069229871884,4.006136037535282,144.91564894643759,137.23167267798354,802902.2518228915
sturman_epm,elevated_plus_maze,False,EPM_22DeepCut_resnet50_epmMay17shuffle1_1030000,hipl,,15562,25,0.9758772603356429,0.01503662768281712,79.58920320051858,362.70215518047615,4.557177865780077,4.394239977279395,144.91089613092365,133.88640988884515,755357.8774248286
sturman_epm,elevated_plus_maze,False,EPM_22DeepCut_resnet50_epmMay17shuffle1_1030000,hipr,,15562,25,0.9793766641230743,0.011245341215782034,94.99184482513913,547.1155296786394,5.7596052659654,5.123414421255738,140.95526208949187,139.87967493662094,814279.6374618452
sturman_epm,elevated_plus_maze,False,EPM_22DeepCut_resnet50_epmMay17shuffle1_1030000,tailbase,tail_base,15562,25,0.9662849751299075,0.02075568692970055,117.5907795050935,680.0567779380864,5.783249169707473,6.6410327838112195,141.9655402381768,136.88599703858952,837167.7599805633
sturman_epm,elevated_plus_maze,False,EPM_22DeepCut_resnet50_epmMay17shuffle1_1030000,tailcentre,,15562,25,0.8275000311624818,0.13353039455082893,117.60553163551744,521.9070542304582,4.437776412149986,5.826089043720497,151.00033934300944,140.35703715742835,859921.6271697162
sturman_epm,elevated_plus_maze,False,EPM_22DeepCut_resnet50_epmMay17shuffle1_1030000,tailtip,,15562,25,0.7384080205458845,0.2246497879449942,223.11409792962107,946.3324935215155,4.241473319270152,11.401863864912666,143.08572872584807,144.8115711483728,876173.4326214348
sturman_epm,elevated_plus_maze,False,EPM_23DeepCut_resnet50_epmMay17shuffle1_1030000,tl,,16178,25,0.9973193322061858,0.0014834961058227223,8.226874268346343,10.421516478308298,1.266765011640696,0.3075223731170083,1.0798238566330733,1.543225031937146,443.06540309799857
sturman_epm,elevated_plus_maze,False,EPM_23DeepCut_resnet50_epmMay17shuffle1_1030000,tr,,16178,25,0.993382995037482,0.003955989615527259,8.206612314633341,11.042999252602787,1.3456221433674695,0.30897408921283004,1.0155572566968905,1.6244665400625449,285.2243955628837
sturman_epm,elevated_plus_maze,False,EPM_23DeepCut_resnet50_epmMay17shuffle1_1030000,bl,,16178,25,0.9965628653411032,0.0017307454567931759,8.522038608479905,10.94203260911106,1.283968908357576,0.30707924196141845,1.1003154441778051,1.638373748004089,391.6861333889138
sturman_epm,elevated_plus_maze,False,EPM_23DeepCut_resnet50_epmMay17shuffle1_1030000,br,,16178,25,0.9964145293160177,0.0014834961058227223,7.4008064162368274,9.927623253736906,1.3414245280023036,0.27144590165559684,0.7633816315469765,1.307517359827857,230.84938060779496
sturman_epm,elevated_plus_maze,False,EPM_23DeepCut_resnet50_epmMay17shuffle1_1030000,lt,,16178,25,0.9957063111011112,0.004141426628755099,4.771010472270285,5.227681100165426,1.095717800358932,0.16436428300369943,0.5175829489987189,0.3817152554480247,37.040356540512306
sturman_epm,elevated_plus_maze,False,EPM_23DeepCut_resnet50_epmMay17shuffle1_1030000,lb,,16178,25,0.9968696211188726,0.001298059092594882,5.656434155583041,15.148386302068067,2.678080551351638,0.20293214152055575,1.7975833661151739,0.8588099035790921,986.8481720177608
sturman_epm,elevated_plus_maze,False,EPM_23DeepCut_resnet50_epmMay17shuffle1_1030000,rt,,16178,25,0.9935140831204631,0.005748547410063048,5.747659893143102,6.902004460522614,1.2008373127221101,0.19513019990965325,0.7396527483446068,0.7248425039061017,345.78649358315863
sturman_epm,elevated_plus_maze,False,EPM_23DeepCut_resnet50_epmMay17shuffle1_1030000,rb,,16178,25,0.9902274280690723,0.009271850661392014,7.051972644755961,8.042621898519672,1.1404783177229685,0.25051005286501693,0.6605022069961524,0.8762931384118594,75.87139051627429
sturman_epm,elevated_plus_maze,False,EPM_23DeepCut_resnet50_epmMay17shuffle1_1030000,ctl,,16178,25,0.9897455455129027,0.004821362343923847,10.066882478432309,16.512104178498195,1.6402400856346924,0.45278890550359446,1.3389761901437724,2.3782846316226713,643.807419429629
sturman_epm,elevated_plus_maze,False,EPM_23DeepCut_resnet50_epmMay17shuffle1_1030000,ctr,,16178,25,0.7975460122425663,0.10279391766596613,49.162579323344254,412.63792310704,8.3933334822224,2.500368347347182,13.66283900642719,20.816037898599525,667778.7609239559
sturman_epm,elevated_plus_maze,False,EPM_23DeepCut_resnet50_epmMay17shuffle1_1030000,cbl,,16178,25,0.9555054034935057,0.03566571887748795,8.67767963502532,15.224362471171561,1.7544278092178196,0.390787304856351,1.7060392801539541,1.6213959053555065,394.47554265216695
sturman_epm,elevated_plus_maze,False,EPM_23DeepCut_resnet50_epmMay17shuffle1_1030000,cbr,,16178,25,0.7339212763573275,0.2002101619483249,36.28683718363658,330.18897363526935,9.099414533272327,1.6449873433921294,12.193638896625112,18.26969853537136,358116.0872338083
sturman_epm,elevated_plus_maze,False,EPM_23DeepCut_resnet50_epmMay17shuffle1_1030000,nose,nose,16178,25,0.8025996970929945,0.17023117814315739,86.8230720883248,212.72088133484237,2.4500501562354553,4.04235568240593,136.17851068861748,174.55311855018988,917806.2085337248
sturman_epm,elevated_plus_maze,False,EPM_23DeepCut_resnet50_epmMay17shuffle1_1030000,headcentre,head,16178,25,0.9362702944533229,0.0543330448757572,78.12553889253354,228.01928198425546,2.9186266772240756,3.958797711605105,156.18304570214343,179.24729075607607,919807.17950681
sturman_epm,elevated_plus_maze,False,EPM_23DeepCut_resnet50_epmMay17shuffle1_1030000,neck,neck,16178,25,0.9363385551161341,0.05865990851774014,69.41449053816952,201.97752645542127,2.909731453612819,3.413774619602152,154.98059437000393,175.82018861584334,880394.2659600343
sturman_epm,elevated_plus_maze,False,EPM_23DeepCut_resnet50_epmMay17shuffle1_1030000,earl,,16178,25,0.9370997217658247,0.05303498578316232,78.1335969194279,275.61497764499563,3.5274835475603714,3.9360844390241936,154.36336491116575,179.01945860930599,916246.6600611941
sturman_epm,elevated_plus_maze,False,EPM_23DeepCut_resnet50_epmMay17shuffle1_1030000,earr,,16178,25,0.93533791944298,0.05841265916676969,78.19813478236621,243.1818243960834,3.1098161749367104,3.878065195031918,148.70701400742018,175.9072169095096,905942.5664624248
sturman_epm,elevated_plus_maze,False,EPM_23DeepCut_resnet50_epmMay17shuffle1_1030000,bodycentre,body_center,16178,25,0.9874855456805846,0.0,111.28539713147187,1060.4278693389658,9.528904031192727,6.65851175725873,139.9666445632027,153.1934388456589,856898.4226619529
sturman_epm,elevated_plus_maze,False,EPM_23DeepCut_resnet50_epmMay17shuffle1_1030000,bcl,,16178,25,0.9429845686015011,0.05223142539250834,69.31794588460687,271.89360178742453,3.922412851645143,3.39115783332715,124.06992808653024,165.20465795941266,867750.2543166676
sturman_epm,elevated_plus_maze,False,EPM_23DeepCut_resnet50_epmMay17shuffle1_1030000,bcr,,16178,25,0.9266290524448301,0.06372852021263445,61.03887577029708,194.93621626424974,3.1936403448490474,3.160776933112935,138.56906145001392,165.256381665717,778088.4449322094
sturman_epm,elevated_plus_maze,False,EPM_23DeepCut_resnet50_epmMay17shuffle1_1030000,hipl,,16178,25,0.9370041694282557,0.06039065397453332,62.79366746208676,271.0669110188801,4.316787376410901,3.2811408801407667,133.13403183612178,170.72410696865055,800168.6716697818
sturman_epm,elevated_plus_maze,False,EPM_23DeepCut_resnet50_epmMay17shuffle1_1030000,hipr,,16178,25,0.957401398935473,0.03319322536778341,58.842555064059674,189.84279284897937,3.226283981759539,2.9817770377413093,119.84599525758823,163.50442887841106,781649.2402965535
sturman_epm,elevated_plus_maze,False,EPM_23DeepCut_resnet50_epmMay17shuffle1_1030000,tailbase,tail_base,16178,25,0.9447579719434784,0.04784274941278279,107.57476473652682,721.2104481006122,6.7042716743746364,5.88233877845422,119.74474552591116,168.4308806585361,836523.8871354295
sturman_epm,elevated_plus_maze,False,EPM_23DeepCut_resnet50_epmMay17shuffle1_1030000,tailcentre,,16178,25,0.8609414586127504,0.11663988132031153,105.69710047531984,609.6397582182212,5.767800209056553,5.135023267254764,114.72712431535642,173.49323614624223,815369.8828477003
sturman_epm,elevated_plus_maze,False,EPM_23DeepCut_resnet50_epmMay17shuffle1_1030000,tailtip,,16178,25,0.7717950797236471,0.19823216714056124,112.78369153665446,459.3646344572988,4.072970375402248,5.189552971640373,118.60141175763674,178.9056044802623,844320.5201142903
sturman_epm,elevated_plus_maze,False,EPM_24DeepCut_resnet50_epmMay17shuffle1_1030000,tl,,15512,25,0.9998817555856127,0.0,8.367998042981805,9.945105599800902,1.1884689203700052,0.2878181487270009,0.834105361565639,1.2225811983320878,384.05310956892407
sturman_epm,elevated_plus_maze,False,EPM_24DeepCut_resnet50_epmMay17shuffle1_1030000,tr,,15512,25,0.9973818005253323,0.0025786487880350697,8.61005037340965,11.242821606384586,1.305778842026953,0.33434140010960983,0.941257434543732,1.1868990516506743,146.30368321870316
sturman_epm,elevated_plus_maze,False,EPM_24DeepCut_resnet50_epmMay17shuffle1_1030000,bl,,15512,25,0.9982419484239715,0.0006446621970087674,7.918690315999235,10.568349995417877,1.3346083220435032,0.2927875841464394,1.0291479880116328,1.2184686040075678,268.44672085897145
sturman_epm,elevated_plus_maze,False,EPM_24DeepCut_resnet50_epmMay17shuffle1_1030000,br,,15512,25,0.9982126835789368,0.0007091284167096442,7.261006106226849,8.551427623057041,1.1777193818530962,0.26307863101412016,0.8759562737882137,1.222137869314547,156.64384930955265
sturman_epm,elevated_plus_maze,False,EPM_24DeepCut_resnet50_epmMay17shuffle1_1030000,lt,,15512,25,0.9920327340595159,0.006768953068592058,5.459282329791953,6.82391777473563,1.2499660875746799,0.20637409925110914,0.7308110038803813,0.7315605884207689,208.95587272823468
sturman_epm,elevated_plus_maze,False,EPM_24DeepCut_resnet50_epmMay17shuffle1_1030000,lb,,15512,25,0.9938553465187334,0.004512635379061372,8.615795976640808,15.417504211500008,1.7894462976258987,0.3383414544155217,1.8605326100186033,1.1412001727252512,966.4241103236881
sturman_epm,elevated_plus_maze,False,EPM_24DeepCut_resnet50_epmMay17shuffle1_1030000,rt,,15512,25,0.9945223157598131,0.004706034038164002,6.818577674366866,8.623036782168633,1.264638637847492,0.2594209591149581,0.8472865001953874,0.957376994355744,392.6757074370576
sturman_epm,elevated_plus_maze,False,EPM_24DeepCut_resnet50_epmMay17shuffle1_1030000,rb,,15512,25,0.9827464657339501,0.01656781846312532,7.838515054534697,7.971226334209133,1.0169306659170936,0.28631803964906005,0.7292507454165934,0.9115942294687364,64.85200524013392
sturman_epm,elevated_plus_maze,False,EPM_24DeepCut_resnet50_epmMay17shuffle1_1030000,ctl,,15512,25,0.98983589484865,0.0038679731820526046,12.794695456913512,19.50664439924563,1.5245884096995344,0.579917036557256,1.3601142663731065,2.451735655329575,531.9599796955183
sturman_epm,elevated_plus_maze,False,EPM_24DeepCut_resnet50_epmMay17shuffle1_1030000,ctr,,15512,25,0.8360651734315316,0.10263022176379577,40.54801972570438,282.87883099818436,6.976390780900715,1.8768885535547666,10.093547305998241,12.99927743899423,147848.80889281313
sturman_epm,elevated_plus_maze,False,EPM_24DeepCut_resnet50_epmMay17shuffle1_1030000,cbl,,15512,25,0.9680809901202075,0.02469056214543579,9.725833899752917,16.492864182913706,1.6957789278441928,0.4520404969740279,1.6429331376729612,1.478775958851921,309.7187719238715
sturman_epm,elevated_plus_maze,False,EPM_24DeepCut_resnet50_epmMay17shuffle1_1030000,cbr,,15512,25,0.807423645066594,0.1466606498194946,35.33016453020124,275.88532973087143,7.808775685010941,1.5767757599377827,12.09643270639702,12.71784827068748,179336.9114348655
sturman_epm,elevated_plus_maze,False,EPM_24DeepCut_resnet50_epmMay17shuffle1_1030000,nose,nose,15512,25,0.8435494331215508,0.13537906137184116,100.06938438078892,311.40559543031344,3.1118967839887737,4.81403192863653,144.5266599667741,147.86218038917377,918175.7918882945
sturman_epm,elevated_plus_maze,False,EPM_24DeepCut_resnet50_epmMay17shuffle1_1030000,headcentre,head,15512,25,0.9609233845369204,0.02946106240330067,95.24421741679508,390.0325569660755,4.095078604712209,5.002589939217734,142.29023056485613,148.4229631784681,919429.7651878159
sturman_epm,elevated_plus_maze,False,EPM_24DeepCut_resnet50_epmMay17shuffle1_1030000,neck,neck,15512,25,0.9647714694469106,0.02791387313047963,84.67391096004266,347.9476429944138,4.1092662314677915,4.387479017952171,137.17827574340072,147.59502668341733,795145.9829240905
sturman_epm,elevated_plus_maze,False,EPM_24DeepCut_resnet50_epmMay17shuffle1_1030000,earl,,15512,25,0.9638914884658374,0.028558535327488397,90.54633038215907,370.3844951681707,4.0905522466225746,4.644569249070052,143.35894686918306,150.56576103495203,898239.7779343977
sturman_epm,elevated_plus_maze,False,EPM_24DeepCut_resnet50_epmMay17shuffle1_1030000,earr,,15512,25,0.9702498058146303,0.02211191335740072,98.10179045374846,458.8049084591821,4.6768250236522695,5.216311891111679,142.24272817972619,149.50865044402846,924966.9875067394
sturman_epm,elevated_plus_maze,False,EPM_24DeepCut_resnet50_epmMay17shuffle1_1030000,bodycentre,body_center,15512,25,0.9886630878079147,0.008445074780814852,64.82120037927747,225.99898802261214,3.486498039225778,3.370861985494398,131.35453079960135,142.38112025085877,783359.3847592775
sturman_epm,elevated_plus_maze,False,EPM_24DeepCut_resnet50_epmMay17shuffle1_1030000,bcl,,15512,25,0.9721855027423408,0.018308406395048993,73.2246118452596,258.4684265222756,3.529802617028256,3.9063105250363876,131.0181865854664,140.51920940720024,725751.7970071482
sturman_epm,elevated_plus_maze,False,EPM_24DeepCut_resnet50_epmMay17shuffle1_1030000,bcr,,15512,25,0.9705492465969611,0.020113460546673543,74.15674698335344,245.31518370933492,3.3080629030882758,3.9015790746289634,131.392539404032,146.61393423322423,821719.2539253741
sturman_epm,elevated_plus_maze,False,EPM_24DeepCut_resnet50_epmMay17shuffle1_1030000,hipl,,15512,25,0.97178062302449,0.01843733883445075,73.8130407887903,311.32860292521025,4.217799451130192,3.802754048013519,127.42591294420014,139.83633865685562,781635.1571037144
sturman_epm,elevated_plus_maze,False,EPM_24DeepCut_resnet50_epmMay17shuffle1_1030000,hipr,,15512,25,0.9803186256751656,0.01186178442496132,74.59634187684831,363.9600963410817,4.87906091885774,4.035029912213525,128.60550052895098,143.8594001962538,814809.3906999838
sturman_epm,elevated_plus_maze,False,EPM_24DeepCut_resnet50_epmMay17shuffle1_1030000,tailbase,tail_base,15512,25,0.9660736622424271,0.025593089221248064,80.04560238208019,370.46897132345265,4.628223916100974,4.248956851032344,122.30036055094202,140.85995847131525,788236.8109712132
sturman_epm,elevated_plus_maze,False,EPM_24DeepCut_resnet50_epmMay17shuffle1_1030000,tailcentre,,15512,25,0.8939915136474964,0.08780299123259412,103.82262021383436,495.2505794584461,4.770160668632923,5.006723257709802,118.52998769480206,145.16805019900838,804035.1676376979
sturman_epm,elevated_plus_maze,False,EPM_24DeepCut_resnet50_epmMay17shuffle1_1030000,tailtip,,15512,25,0.8261910371670654,0.08051830840639505,776.0380366839311,2779.5402921381637,3.581706257615089,46.23827158974642,207.3527764189858,130.4101867729888,846526.7797145637
sturman_epm,elevated_plus_maze,False,EPM_2DeepCut_resnet50_epmMay17shuffle1_1030000,tl,,15076,25,0.9999907328021972,0.0,7.723446569243533,7.848725793879754,1.0162206371874327,0.2618019745168183,0.7434002013013234,0.8661685259298012,138.53981330801915
sturman_epm,elevated_plus_maze,False,EPM_2DeepCut_resnet50_epmMay17shuffle1_1030000,tr,,15076,25,0.9978491894883007,0.00172459538339082,9.011423387871007,9.519687979890305,1.0564022541326157,0.31678837287039774,0.8128702130785946,0.9928379057163239,93.66583981275068
sturman_epm,elevated_plus_maze,False,EPM_2DeepCut_resnet50_epmMay17shuffle1_1030000,bl,,15076,25,0.9998295558174208,0.0,6.238973220592329,7.5015496653987395,1.2023692681736726,0.2170106982808401,0.6736001265358287,0.8295239381178039,128.7902508808101
sturman_epm,elevated_plus_maze,False,EPM_2DeepCut_resnet50_epmMay17shuffle1_1030000,br,,15076,25,0.9998701926282244,0.0,6.494457748901741,7.318670145485269,1.126910117588017,0.23264295620046607,0.8082999261765439,0.8841151256696987,89.74690361547515
sturman_epm,elevated_plus_maze,False,EPM_2DeepCut_resnet50_epmMay17shuffle1_1030000,lt,,15076,25,0.9999985387175683,0.0,6.773414292470726,6.503087228171044,0.9600899852530539,0.24043670435876058,0.5572606365701748,0.47322184752718227,12.544599227577194
sturman_epm,elevated_plus_maze,False,EPM_2DeepCut_resnet50_epmMay17shuffle1_1030000,lb,,15076,25,0.9999922873661353,0.0,9.862693235442954,9.426255383183202,0.9557486133005382,0.35992425972422043,0.674388831306815,0.8293946861915854,29.465196999182574
sturman_epm,elevated_plus_maze,False,EPM_2DeepCut_resnet50_epmMay17shuffle1_1030000,rt,,15076,25,0.9966528963077191,0.0027195542584239852,8.357223234422111,8.678931405176249,1.0384946245577205,0.3161020987062615,0.9166829008990071,1.0658098159028202,459.66936685017953
sturman_epm,elevated_plus_maze,False,EPM_2DeepCut_resnet50_epmMay17shuffle1_1030000,rb,,15076,25,0.9908601795786507,0.009153621650305121,6.648649067320346,6.664184715874212,1.0023366624402281,0.2486703263448101,0.5517914056778404,0.6121177188874237,36.21311279821032
sturman_epm,elevated_plus_maze,False,EPM_2DeepCut_resnet50_epmMay17shuffle1_1030000,ctl,,15076,25,0.9655040046499148,0.026200583709206686,8.103317943712003,14.036843256822001,1.7322340495986934,0.372229105128102,1.5834780842657885,1.76150934203311,421.3636656550808
sturman_epm,elevated_plus_maze,False,EPM_2DeepCut_resnet50_epmMay17shuffle1_1030000,ctr,,15076,25,0.9749107194135821,0.01658264791721942,12.667563412618756,22.642243800767762,1.78741902157859,0.5484809125324945,2.238136524603113,2.4797616593998124,2217.02261875285
sturman_epm,elevated_plus_maze,False,EPM_2DeepCut_resnet50_epmMay17shuffle1_1030000,cbl,,15076,25,0.9827701945018945,0.010480233483682674,7.62071820559155,22.458102210722338,2.946979747164008,0.3617790979916318,2.0085141042628636,1.6292926749408352,2295.3747675579443
sturman_epm,elevated_plus_maze,False,EPM_2DeepCut_resnet50_epmMay17shuffle1_1030000,cbr,,15076,25,0.9868588907810698,0.007827009816927567,17.795872346694665,279.70285580947433,15.717288276762966,0.9630444427155036,18.66932164864811,16.08644574850257,295623.1615647975
sturman_epm,elevated_plus_maze,False,EPM_2DeepCut_resnet50_epmMay17shuffle1_1030000,nose,nose,15076,25,0.580005009271922,0.3784823560626161,62.45864210591203,157.10695806335224,2.515375819361293,2.806324874667515,117.5810393488555,134.20025588048554,633347.1838413996
sturman_epm,elevated_plus_maze,False,EPM_2DeepCut_resnet50_epmMay17shuffle1_1030000,headcentre,head,15076,25,0.9108414747835027,0.06812151764393738,64.94923907030284,246.82785550776148,3.800319434698661,3.374891277345547,103.65834721179243,128.5323094853488,475786.5687930236
sturman_epm,elevated_plus_maze,False,EPM_2DeepCut_resnet50_epmMay17shuffle1_1030000,neck,neck,15076,25,0.9413644325934029,0.05047758026001592,58.23117881665729,234.16073421388907,4.021226067759191,2.9263180260516073,112.13203687726683,132.96889291323055,652031.6203417755
sturman_epm,elevated_plus_maze,False,EPM_2DeepCut_resnet50_epmMay17shuffle1_1030000,earl,,15076,25,0.9103948476322293,0.07123905545237463,73.59786787524128,374.5147013454181,5.088662377832373,3.8973631005919254,92.43576304436355,136.94871104773523,549370.2915974206
sturman_epm,elevated_plus_maze,False,EPM_2DeepCut_resnet50_epmMay17shuffle1_1030000,earr,,15076,25,0.9219623532301394,0.06148845847704962,62.72089479345714,220.0180667559231,3.507891070120299,3.2384900428567858,113.93654729735724,129.94367058733212,534575.1340789181
sturman_epm,elevated_plus_maze,False,EPM_2DeepCut_resnet50_epmMay17shuffle1_1030000,bodycentre,body_center,15076,25,0.963894585613532,0.03409392411780313,48.05088950471171,235.6131615894303,4.903408948679854,2.4896900375628386,101.44643453608514,128.3176109261494,611037.6288689052
sturman_epm,elevated_plus_maze,False,EPM_2DeepCut_resnet50_epmMay17shuffle1_1030000,bcl,,15076,25,0.9328184547957896,0.04954895197665163,56.27186750084208,212.1108952689471,3.769394987038114,2.844095020406595,93.51720669885974,128.21541195403762,601736.0200375556
sturman_epm,elevated_plus_maze,False,EPM_2DeepCut_resnet50_epmMay17shuffle1_1030000,bcr,,15076,25,0.9262577438740365,0.059432210135314405,51.332495534233,136.90109178065853,2.6669479119588275,2.660247658849356,131.52621004904015,128.79702711914413,612638.4982865358
sturman_epm,elevated_plus_maze,False,EPM_2DeepCut_resnet50_epmMay17shuffle1_1030000,hipl,,15076,25,0.9366197844012943,0.04483947996816132,70.20180887556327,364.6924284782672,5.194914978967357,3.7302166446404654,109.30785392657825,124.83218134271351,485352.7424748347
sturman_epm,elevated_plus_maze,False,EPM_2DeepCut_resnet50_epmMay17shuffle1_1030000,hipr,,15076,25,0.9498648516345511,0.03787476784292916,77.6849044243029,500.7384993413423,6.4457632155455356,4.42558194686032,123.76546150946689,134.00824135055927,615959.4180434137
sturman_epm,elevated_plus_maze,False,EPM_2DeepCut_resnet50_epmMay17shuffle1_1030000,tailbase,tail_base,15076,25,0.8840644924658526,0.0957150437781905,74.73196289455102,505.05030557402375,6.758156563968011,3.9648295076706783,111.37396096670959,134.68086204013872,602063.7207186753
sturman_epm,elevated_plus_maze,False,EPM_2DeepCut_resnet50_epmMay17shuffle1_1030000,tailcentre,,15076,25,0.8850638310546804,0.10055717697001858,47.439308334172175,314.99738932655316,6.640008052133628,2.407389447726277,114.98535989203042,144.39698418636416,519023.0619912722
sturman_epm,elevated_plus_maze,False,EPM_2DeepCut_resnet50_epmMay17shuffle1_1030000,tailtip,,15076,25,0.8375080190549544,0.11037410453701248,169.96615785307628,938.1827064450846,5.519820641330712,8.573935581228412,98.41739294617344,142.99553373341178,666438.6105418102
sturman_epm,elevated_plus_maze,False,EPM_3DeepCut_resnet50_epmMay17shuffle1_1030000,tl,,15676,25,0.9999990666489055,0.0,6.441055610570341,5.8639617317828225,0.910403835383682,0.22655179450636254,0.4496973006466338,0.7107477227032198,16.004248259273908
sturman_epm,elevated_plus_maze,False,EPM_3DeepCut_resnet50_epmMay17shuffle1_1030000,tr,,15676,25,0.9999993223450749,0.0,9.326960701133704,9.055609318465818,0.9709067732391214,0.34258805323898156,0.8149670252040757,1.1535571209791153,42.3109178799236
sturman_epm,elevated_plus_maze,False,EPM_3DeepCut_resnet50_epmMay17shuffle1_1030000,bl,,15676,25,0.9993384148080484,0.0,7.291087847521413,10.125925807560183,1.3888086413610372,0.27790027423951486,1.1204393645156348,1.2094052041980212,114.31381041484283
sturman_epm,elevated_plus_maze,False,EPM_3DeepCut_resnet50_epmMay17shuffle1_1030000,br,,15676,25,0.9983523781086967,0.0,6.724033904048564,7.997389298323581,1.1893737319659148,0.266861073353266,1.014849252959653,2.1127964889225606,109.84806258043847
sturman_epm,elevated_plus_maze,False,EPM_3DeepCut_resnet50_epmMay17shuffle1_1030000,lt,,15676,25,0.999998854838728,0.0,8.719966485184857,7.8801905044345135,0.903695044909047,0.33721594805504207,0.5634639723659515,0.4906453047437286,16.38001715536104
sturman_epm,elevated_plus_maze,False,EPM_3DeepCut_resnet50_epmMay17shuffle1_1030000,lb,,15676,25,0.9999901191080733,0.0,13.155508663365788,12.081808141895882,0.918383959986295,0.5347876793075984,0.677096737612169,0.8807955146577072,34.183964890653876
sturman_epm,elevated_plus_maze,False,EPM_3DeepCut_resnet50_epmMay17shuffle1_1030000,rt,,15676,25,0.9964570119011217,0.0012120438887471294,10.530246671728348,10.466937266843471,0.9939878516754171,0.448886389501279,0.8458025305337872,0.5347709814207096,64.30701369077843
sturman_epm,elevated_plus_maze,False,EPM_3DeepCut_resnet50_epmMay17shuffle1_1030000,rb,,15676,25,0.9627421872994978,0.03706302628221485,8.615750584117977,8.49285713736662,0.9857361879790374,0.35145544623561675,0.5725642077179381,0.8228531589219817,24.794950501794073
sturman_epm,elevated_plus_maze,False,EPM_3DeepCut_resnet50_epmMay17shuffle1_1030000,ctl,,15676,25,0.994878430572524,0.005677468742026027,4.159212582500587,4.966167906485209,1.1940163691992554,0.15149512597552064,0.549404558711119,0.6645986674730103,71.98914471961488
sturman_epm,elevated_plus_maze,False,EPM_3DeepCut_resnet50_epmMay17shuffle1_1030000,ctr,,15676,25,0.9926828517312144,0.005230926256698137,11.567479530449619,16.716947385042122,1.4451676651804153,0.46431326217013086,1.2818230212644703,1.1928955259673288,486.0693877077247
sturman_epm,elevated_plus_maze,False,EPM_3DeepCut_resnet50_epmMay17shuffle1_1030000,cbl,,15676,25,0.9996855912174488,0.0,3.2954131981754347,4.266385228136584,1.294643485223263,0.12014500284166216,0.5745168962254639,0.6090639447152311,91.37623885390651
sturman_epm,elevated_plus_maze,False,EPM_3DeepCut_resnet50_epmMay17shuffle1_1030000,cbr,,15676,25,0.9895462296194006,0.0048481755549885175,11.275018146715256,309.21482520862645,27.42477406111402,0.6926509328523077,14.52620518537034,13.551886159344381,227575.0699205226
sturman_epm,elevated_plus_maze,False,EPM_3DeepCut_resnet50_epmMay17shuffle1_1030000,nose,nose,15676,25,0.7205773562869724,0.17440673641235008,28.128211314007732,278.7987598629975,9.911713075198524,1.2563754381489787,115.50574824906478,140.78715938455943,455815.31943441735
sturman_epm,elevated_plus_maze,False,EPM_3DeepCut_resnet50_epmMay17shuffle1_1030000,headcentre,head,15676,25,0.9455771055219885,0.04152845113549375,52.340232703120606,639.655310487334,12.221101769178736,2.9902811178194044,92.59614162937807,141.40513367099481,452410.51797479717
sturman_epm,elevated_plus_maze,False,EPM_3DeepCut_resnet50_epmMay17shuffle1_1030000,neck,neck,15676,25,0.9638747199476297,0.030301097218678234,26.268064161457033,332.76424128911043,12.668015398613703,1.38136836650783,87.06133717862676,137.89175408390696,490804.244255621
sturman_epm,elevated_plus_maze,False,EPM_3DeepCut_resnet50_epmMay17shuffle1_1030000,earl,,15676,25,0.9546223024315571,0.04082674151569278,60.55353768722482,749.4283521995249,12.376293455727101,3.494770766590243,102.77320712146452,140.63426877196093,517675.000966289
sturman_epm,elevated_plus_maze,False,EPM_3DeepCut_resnet50_epmMay17shuffle1_1030000,earr,,15676,25,0.9495126612258219,0.045036999234498595,28.946031069007706,334.9012965588099,11.569852038105015,1.495091990126621,97.58096048046296,140.66173642961826,534534.1890311224
sturman_epm,elevated_plus_maze,False,EPM_3DeepCut_resnet50_epmMay17shuffle1_1030000,bodycentre,body_center,15676,25,0.9926711220268571,0.0031257973972952284,66.49100208778002,831.5452208684826,12.506131578084718,4.028583742610969,79.02910873418688,131.5306582215627,537777.1743137678
sturman_epm,elevated_plus_maze,False,EPM_3DeepCut_resnet50_epmMay17shuffle1_1030000,bcl,,15676,25,0.9790247601912502,0.015947945904567492,37.77982157057962,521.0556424460414,13.79190321141708,2.2123677119351806,87.7263563796488,133.2647272837121,450828.4583111967
sturman_epm,elevated_plus_maze,False,EPM_3DeepCut_resnet50_epmMay17shuffle1_1030000,bcr,,15676,25,0.9630911527531857,0.029790762949732076,32.32028414159994,413.27523709914306,12.78686893000455,1.8507258700857248,98.42589595488154,130.42523011653466,449362.3232263136
sturman_epm,elevated_plus_maze,False,EPM_3DeepCut_resnet50_epmMay17shuffle1_1030000,hipl,,15676,25,0.9689180854575827,0.027494258739474357,19.354172391513973,255.85629568806533,13.219697050970158,0.9099559843892258,88.84009360305673,128.56199253722374,431612.2221767544
sturman_epm,elevated_plus_maze,False,EPM_3DeepCut_resnet50_epmMay17shuffle1_1030000,hipr,,15676,25,0.9802929594291506,0.010015310028068386,84.44546670767569,916.2956031585736,10.850737628468654,4.865780867918734,94.02942929638715,124.79514196337449,562972.0197504972
sturman_epm,elevated_plus_maze,False,EPM_3DeepCut_resnet50_epmMay17shuffle1_1030000,tailbase,tail_base,15676,25,0.9806930170691296,0.017861699413115592,33.14227770907012,459.21146829656055,13.855760679082328,1.9087032203212986,77.53509958211272,127.26599267657579,448617.17386847606
sturman_epm,elevated_plus_maze,False,EPM_3DeepCut_resnet50_epmMay17shuffle1_1030000,tailcentre,,15676,25,0.9596517111314259,0.03814748660372544,25.059769099758366,309.12247994280875,12.335408148105778,1.183510027977791,81.7437929992042,119.44932514990245,412515.13383811124
sturman_epm,elevated_plus_maze,False,EPM_3DeepCut_resnet50_epmMay17shuffle1_1030000,tailtip,,15676,25,0.9408966144126238,0.04720591987751978,46.221280666202944,510.4510663679121,11.043637454666083,2.5211635816564715,98.18290641675077,123.85528447380267,512318.15858303645
sturman_epm,elevated_plus_maze,False,EPM_4DeepCut_resnet50_epmMay17shuffle1_1030000,tl,,15468,25,0.9987801628108786,0.00032324799586242565,9.320324721073364,10.11486933560146,1.085248597909,0.3458926054017387,0.7095706905234254,1.2090297900999776,212.6367731003422
sturman_epm,elevated_plus_maze,False,EPM_4DeepCut_resnet50_epmMay17shuffle1_1030000,tr,,15468,25,0.9975455776473519,0.0015515903801396431,10.105125681142507,10.9690886580938,1.085497499408994,0.3782899296233923,0.8937031154687374,1.207136700615979,283.45872517486885
sturman_epm,elevated_plus_maze,False,EPM_4DeepCut_resnet50_epmMay17shuffle1_1030000,bl,,15468,25,0.9985880538828927,0.0001939487975174554,9.066823099680576,11.796559955974017,1.3010687234417984,0.3390123006037315,1.604813051284909,1.514357452588066,325.10913962998325
sturman_epm,elevated_plus_maze,False,EPM_4DeepCut_resnet50_epmMay17shuffle1_1030000,br,,15468,25,0.9970328124658618,0.001486940780967158,9.704852340304194,12.032492647398769,1.2398429389211723,0.3967505724171287,0.974276937397221,1.496876004369223,222.08698802956988
sturman_epm,elevated_plus_maze,False,EPM_4DeepCut_resnet50_epmMay17shuffle1_1030000,lt,,15468,25,0.999209347487128,0.0007757951900698216,9.820072569173103,9.073384052076394,0.9239630347090618,0.39138569114276983,0.6330037209830034,0.516817228144705,38.32606655579397
sturman_epm,elevated_plus_maze,False,EPM_4DeepCut_resnet50_epmMay17shuffle1_1030000,lb,,15468,25,0.9998788277146302,0.0,13.065112901332645,17.155477716920235,1.3130753516236642,0.5365383649211921,0.9798165666127907,0.8881439324709083,475.4686956723739
sturman_epm,elevated_plus_maze,False,EPM_4DeepCut_resnet50_epmMay17shuffle1_1030000,rt,,15468,25,0.9997918894348263,0.0,11.952275263678391,12.758711415181725,1.0674713503255737,0.5163125892241998,0.9640078554129319,0.6109583672378815,213.32597348277906
sturman_epm,elevated_plus_maze,False,EPM_4DeepCut_resnet50_epmMay17shuffle1_1030000,rb,,15468,25,0.9916855416708379,0.008016550297388157,8.74822597856668,8.486719572953076,0.9701074930786768,0.35964634961176234,0.610132894975263,0.5890001165736755,36.22653155697183
sturman_epm,elevated_plus_maze,False,EPM_4DeepCut_resnet50_epmMay17shuffle1_1030000,ctl,,15468,25,0.9951889812233438,0.001486940780967158,8.979784035027519,16.14141482321167,1.7975281766519904,0.4129740708134683,1.2125844766951333,2.0632514778373667,430.29616714479346
sturman_epm,elevated_plus_maze,False,EPM_4DeepCut_resnet50_epmMay17shuffle1_1030000,ctr,,15468,25,0.9754562891705695,0.0156452029997414,14.871436560479971,40.140845766326755,2.6991908685539405,0.7215198678056174,3.3894686936003464,2.3246464950533188,3077.391390616465
sturman_epm,elevated_plus_maze,False,EPM_4DeepCut_resnet50_epmMay17shuffle1_1030000,cbl,,15468,25,0.9642564617126278,0.027670028445823634,10.957380407379638,60.39654661228692,5.5119512480930855,0.5631174740285492,3.9733942577031693,2.10133677662958,1706.9031876376528
sturman_epm,elevated_plus_maze,False,EPM_4DeepCut_resnet50_epmMay17shuffle1_1030000,cbr,,15468,25,0.9743064481149448,0.014998707008016551,14.916140931727945,50.205346626522825,3.3658401899201444,0.7475143647598725,3.328972687339632,2.341252053617282,3079.5064883255886
sturman_epm,elevated_plus_maze,False,EPM_4DeepCut_resnet50_epmMay17shuffle1_1030000,nose,nose,15468,25,0.7576587089456142,0.2107576933023015,86.60703024254026,208.2319517321258,2.4043308164357877,4.089609527662052,109.26744713653072,150.826092453529,892753.7582616899
sturman_epm,elevated_plus_maze,False,EPM_4DeepCut_resnet50_epmMay17shuffle1_1030000,headcentre,head,15468,25,0.957676918458994,0.03445823635893457,80.11021766241832,189.811853668725,2.3693838215318,4.035727574187649,94.18711777601341,152.07169640872405,918109.2367169021
sturman_epm,elevated_plus_maze,False,EPM_4DeepCut_resnet50_epmMay17shuffle1_1030000,neck,neck,15468,25,0.9706585089504364,0.024631497284716836,70.77221085118944,190.6443603007615,2.693774265461673,3.5476577517387713,97.94702434515851,151.73175571065894,872275.9892021442
sturman_epm,elevated_plus_maze,False,EPM_4DeepCut_resnet50_epmMay17shuffle1_1030000,earl,,15468,25,0.9590399406748222,0.03148435479700026,80.71965149722486,242.0077551283471,2.998126858075785,4.141808527187814,89.67848084669998,155.924206383955,897656.0253292527
sturman_epm,elevated_plus_maze,False,EPM_4DeepCut_resnet50_epmMay17shuffle1_1030000,earr,,15468,25,0.9648874775808327,0.028769071631755884,76.86809217953305,216.9174617607898,2.8219441332582775,3.9713153652006383,87.24015866425844,154.57534288595772,791967.0046794574
sturman_epm,elevated_plus_maze,False,EPM_4DeepCut_resnet50_epmMay17shuffle1_1030000,bodycentre,body_center,15468,25,0.9884351918424227,0.01008533747090768,54.82539872704916,135.05755990130226,2.4634122694427214,2.7716623192389678,91.86084120279428,149.2173623001918,788405.528079986
sturman_epm,elevated_plus_maze,False,EPM_4DeepCut_resnet50_epmMay17shuffle1_1030000,bcl,,15468,25,0.976957370768168,0.01474010861132661,65.52215641175539,184.76643519642107,2.819907727628939,3.350428309588871,90.33659460026892,150.78750161394646,790955.9144492248
sturman_epm,elevated_plus_maze,False,EPM_4DeepCut_resnet50_epmMay17shuffle1_1030000,bcr,,15468,25,0.9654261523075951,0.025019394879751744,61.928560672414186,169.19514443096722,2.7321019993660935,3.219306130253435,97.55340664359704,147.815916288083,777316.1107563494
sturman_epm,elevated_plus_maze,False,EPM_4DeepCut_resnet50_epmMay17shuffle1_1030000,hipl,,15468,25,0.9661179769804442,0.02482544608223429,68.85815318108712,268.42375994090804,3.8982131750613735,3.666520945291957,97.68818751420268,150.9520271230405,707984.2204272021
sturman_epm,elevated_plus_maze,False,EPM_4DeepCut_resnet50_epmMay17shuffle1_1030000,hipr,,15468,25,0.962293189245353,0.026635634859063874,69.11575846505923,306.8814583512578,4.440108380007124,3.8312683106898224,99.14323839357063,149.87237525084194,791731.2869783845
sturman_epm,elevated_plus_maze,False,EPM_4DeepCut_resnet50_epmMay17shuffle1_1030000,tailbase,tail_base,15468,25,0.8787498774629772,0.10402120506852858,70.00118554831462,327.6135037320808,4.680113646160505,3.604264474703985,87.71006914771489,154.4580982210602,801051.9060820015
sturman_epm,elevated_plus_maze,False,EPM_4DeepCut_resnet50_epmMay17shuffle1_1030000,tailcentre,,15468,25,0.8141796512156918,0.1594905611585208,75.63632669798126,314.4497621187602,4.157390712195347,3.809481014040784,87.96275209077723,157.0848827643747,769988.1753184989
sturman_epm,elevated_plus_maze,False,EPM_4DeepCut_resnet50_epmMay17shuffle1_1030000,tailtip,,15468,25,0.7017301562176461,0.26034393586759763,90.340253221407,394.54791755858463,4.3673545677542185,4.344968808833459,99.24844290788397,166.51488021641225,740929.6013725427
sturman_epm,elevated_plus_maze,False,EPM_5DeepCut_resnet50_epmMay17shuffle1_1030000,tl,,15504,25,0.9999236864901856,0.0,7.519594418462482,8.342876788049374,1.1094849434386418,0.25585286791754625,0.7639487455076138,1.138706937241238,162.47333741613625
sturman_epm,elevated_plus_maze,False,EPM_5DeepCut_resnet50_epmMay17shuffle1_1030000,tr,,15504,25,0.9974021553508822,0.001999484004127967,8.606810601203952,10.366177177231668,1.2044156258976595,0.2990634720790514,1.2403919202247922,1.283550045628925,273.72012837530855
sturman_epm,elevated_plus_maze,False,EPM_5DeepCut_resnet50_epmMay17shuffle1_1030000,bl,,15504,25,0.9986421466854057,0.0001934984520123839,6.757181487402719,8.125266976794896,1.2024639255202294,0.2293643436992713,1.208150793758483,1.0262602405224133,209.84429856574081
sturman_epm,elevated_plus_maze,False,EPM_5DeepCut_resnet50_epmMay17shuffle1_1030000,br,,15504,25,0.9988846402649909,0.00025799793601651185,6.773205691445003,8.062456678725063,1.1903457603404053,0.24058673940827807,0.9319551669886497,1.083656073517656,100.24755283603838
sturman_epm,elevated_plus_maze,False,EPM_5DeepCut_resnet50_epmMay17shuffle1_1030000,lt,,15504,25,0.9999991406881711,0.0,7.053035639239497,6.535582274901618,0.9266339501449514,0.24466731509995054,0.5571430907964291,0.5149112083102884,16.56000600399375
sturman_epm,elevated_plus_maze,False,EPM_5DeepCut_resnet50_epmMay17shuffle1_1030000,lb,,15504,25,0.9999924276420084,0.0,8.469804619277355,8.55669287832887,1.010258590718109,0.3073645438651708,0.7201740855106356,0.8202361516340752,34.156062499972364
sturman_epm,elevated_plus_maze,False,EPM_5DeepCut_resnet50_epmMay17shuffle1_1030000,rt,,15504,25,0.9988744816136372,0.00025799793601651185,9.758313058092245,10.119312133669304,1.0369940043353798,0.37411952396167014,0.986267115613436,0.7260159694549445,317.92253235285176
sturman_epm,elevated_plus_maze,False,EPM_5DeepCut_resnet50_epmMay17shuffle1_1030000,rb,,15504,25,0.993523296887599,0.006449948400412796,7.138106246096932,7.149885177227287,1.0016501479137827,0.26839560647833194,0.5789256050786091,0.6127129272924745,33.18730869698928
sturman_epm,elevated_plus_maze,False,EPM_5DeepCut_resnet50_epmMay17shuffle1_1030000,ctl,,15504,25,0.9935464019107684,0.003740970072239422,7.046080074422341,13.446160928145828,1.908317928000298,0.29595401043598984,1.2933863307614846,1.5842971105802723,532.287116930521
sturman_epm,elevated_plus_maze,False,EPM_5DeepCut_resnet50_epmMay17shuffle1_1030000,ctr,,15504,25,0.9765899015592471,0.01928534571723426,10.913371372272474,32.39540920609194,2.9684144432579953,0.4927751647771817,2.7646273212244,1.991224277049741,6146.752297634227
sturman_epm,elevated_plus_maze,False,EPM_5DeepCut_resnet50_epmMay17shuffle1_1030000,cbl,,15504,25,0.9923723339227146,0.003998968008255934,6.288831250655532,45.913891906799456,7.300862445945502,0.31039144192914053,4.539898084699177,1.3431301410126073,1834.931867778758
sturman_epm,elevated_plus_maze,False,EPM_5DeepCut_resnet50_epmMay17shuffle1_1030000,cbr,,15504,25,0.9922576089311772,0.005353457172342621,15.452386029791665,325.3374980885954,21.054191725559793,0.8610774644656144,20.65241973556154,16.50632545128777,293609.5793894879
sturman_epm,elevated_plus_maze,False,EPM_5DeepCut_resnet50_epmMay17shuffle1_1030000,nose,nose,15504,25,0.568148597386753,0.39467234262125905,60.140401196257116,214.0299394507003,3.5588379058572133,2.7582121573723755,96.59705134976342,190.64170273900967,673710.0808151077
sturman_epm,elevated_plus_maze,False,EPM_5DeepCut_resnet50_epmMay17shuffle1_1030000,headcentre,head,15504,25,0.9096704854200315,0.06140350877192982,68.71885539144388,405.16742865482496,5.896015385397003,3.6698818325245908,68.00111896415133,192.3280424336073,647272.442368964
sturman_epm,elevated_plus_maze,False,EPM_5DeepCut_resnet50_epmMay17shuffle1_1030000,neck,neck,15504,25,0.9719543547876048,0.025606295149638802,58.38103459786482,297.7253535344813,5.099693001078985,3.13727873721515,69.25686787815896,191.192942941085,652485.4179625424
sturman_epm,elevated_plus_maze,False,EPM_5DeepCut_resnet50_epmMay17shuffle1_1030000,earl,,15504,25,0.9635945893497321,0.02979876160990712,70.2883388963974,405.5065209245712,5.76918628739077,3.9181268205172746,70.55252583795189,195.4732377391155,675573.0413500712
sturman_epm,elevated_plus_maze,False,EPM_5DeepCut_resnet50_epmMay17shuffle1_1030000,earr,,15504,25,0.9680358843553054,0.026767285861713105,63.504550744097656,321.0581996322742,5.0556723237997945,3.3699706511145293,87.03688779105262,191.42199324306836,662907.7147083405
sturman_epm,elevated_plus_maze,False,EPM_5DeepCut_resnet50_epmMay17shuffle1_1030000,bodycentre,body_center,15504,25,0.9895531264094346,0.009287925696594427,45.05342990388183,213.08500113706978,4.729606637977861,2.3545776415788033,64.75003134400495,191.3023569628925,577604.8075290269
sturman_epm,elevated_plus_maze,False,EPM_5DeepCut_resnet50_epmMay17shuffle1_1030000,bcl,,15504,25,0.9742651144782671,0.014060887512899897,60.66537849403695,371.5545929538385,6.12465630607349,3.3041168072631892,65.16778966517626,193.988167369287,565021.8350216192
sturman_epm,elevated_plus_maze,False,EPM_5DeepCut_resnet50_epmMay17shuffle1_1030000,bcr,,15504,25,0.9575574834830098,0.028702270381836946,52.612073330438605,240.9761926761916,4.580245130479876,2.6725644250679443,81.73433403406065,189.51491662337358,593719.4721842576
sturman_epm,elevated_plus_maze,False,EPM_5DeepCut_resnet50_epmMay17shuffle1_1030000,hipl,,15504,25,0.9445090737382201,0.0428921568627451,74.10391513728281,384.06682516899554,5.182814220510269,4.1384165594943285,64.77242164815833,196.11910077846005,564399.4950543485
sturman_epm,elevated_plus_maze,False,EPM_5DeepCut_resnet50_epmMay17shuffle1_1030000,hipr,,15504,25,0.9615427354894679,0.015350877192982455,73.77415460846532,442.78358085440834,6.001879427888428,4.231361292843511,68.79890565423337,192.0936026600418,569196.6429589846
sturman_epm,elevated_plus_maze,False,EPM_5DeepCut_resnet50_epmMay17shuffle1_1030000,tailbase,tail_base,15504,25,0.7542273228732395,0.22174922600619196,73.2283128682011,490.4191972955809,6.697125443518747,4.080205478875366,73.87736740795629,204.73668378517513,614545.9495001582
sturman_epm,elevated_plus_maze,False,EPM_5DeepCut_resnet50_epmMay17shuffle1_1030000,tailcentre,,15504,25,0.8776824160856728,0.11261609907120743,54.76871631519658,301.5531098593949,5.505937150762168,2.5463141761165815,65.88920663855815,212.10421301732174,507439.998388723
sturman_epm,elevated_plus_maze,False,EPM_5DeepCut_resnet50_epmMay17shuffle1_1030000,tailtip,,15504,25,0.8274543305072776,0.13351393188854488,69.20419269446965,335.2166798812842,4.843878193352186,3.3945484866456876,88.62295825843147,219.6769880689983,648123.972616022
sturman_epm,elevated_plus_maze,False,EPM_6DeepCut_resnet50_epmMay17shuffle1_1030000,tl,,15076,25,0.9999988814521829,0.0,7.483408304900523,7.053259426018907,0.9425196566382817,0.2726568069846973,0.5646327758071056,0.6854546193900087,86.65859571242981
sturman_epm,elevated_plus_maze,False,EPM_6DeepCut_resnet50_epmMay17shuffle1_1030000,tr,,15076,25,0.9985221072252564,0.0013266118333775537,9.204105271842637,9.842760323432335,1.069388064643663,0.35243801520191115,0.6436039024333835,1.248413085790943,94.9356738090458
sturman_epm,elevated_plus_maze,False,EPM_6DeepCut_resnet50_epmMay17shuffle1_1030000,bl,,15076,25,0.9999873825712399,0.0,7.947173638128622,7.511479468598063,0.9451762111450285,0.26956348697620214,0.7599125002837718,0.6992774901022085,28.696254829266664
sturman_epm,elevated_plus_maze,False,EPM_6DeepCut_resnet50_epmMay17shuffle1_1030000,br,,15076,25,0.9999803340136135,0.0,9.046490546390174,8.544761820025514,0.944538854731367,0.3366458122052155,0.7050781551804315,0.7153557596523655,69.28695443966035
sturman_epm,elevated_plus_maze,False,EPM_6DeepCut_resnet50_epmMay17shuffle1_1030000,lt,,15076,25,0.9948088288006716,0.004974794375165827,11.183339783112105,10.435643127963104,0.9331419173833837,0.44952190399992453,0.6842114839126123,0.7349026272127713,104.46553356087252
sturman_epm,elevated_plus_maze,False,EPM_6DeepCut_resnet50_epmMay17shuffle1_1030000,lb,,15076,25,0.9973376461873797,0.0016582647917219421,14.284053785686535,16.83640828396161,1.178685584398505,0.607619680685237,1.4433138289312568,0.9778507271119465,485.2975211131658
sturman_epm,elevated_plus_maze,False,EPM_6DeepCut_resnet50_epmMay17shuffle1_1030000,rt,,15076,25,0.9870793797544252,0.011342531175378085,15.545199955486922,16.895597503867677,1.0868691012175826,0.7223655682847651,1.6073727345839672,1.138835298432892,796.2959867102398
sturman_epm,elevated_plus_maze,False,EPM_6DeepCut_resnet50_epmMay17shuffle1_1030000,rb,,15076,25,0.9857835222928174,0.013398779517113293,11.25204312643387,11.304957430136907,1.004702639610288,0.49077860743425317,0.7959001127800672,0.7706900733492927,67.0318647974778
sturman_epm,elevated_plus_maze,False,EPM_6DeepCut_resnet50_epmMay17shuffle1_1030000,ctl,,15076,25,0.9848008592123535,0.00829132395860971,8.86298582276995,13.880051850303339,1.5660695083866674,0.4072386151991724,1.7161735168741254,1.5926584108979638,282.35692763555187
sturman_epm,elevated_plus_maze,False,EPM_6DeepCut_resnet50_epmMay17shuffle1_1030000,ctr,,15076,25,0.9307936670396524,0.024608649509153622,15.938568771048097,56.18997117498951,3.5254088357705498,0.7780928278331396,2.643468041611974,5.62006374837848,5536.95947959862
sturman_epm,elevated_plus_maze,False,EPM_6DeepCut_resnet50_epmMay17shuffle1_1030000,cbl,,15076,25,0.9969850439814523,0.00172459538339082,8.492980770673249,22.11900560433177,2.604386634279212,0.3868329840449101,1.5211692572753364,1.316654920370968,1206.3335378484785
sturman_epm,elevated_plus_maze,False,EPM_6DeepCut_resnet50_epmMay17shuffle1_1030000,cbr,,15076,25,0.9783546085832415,0.010413902892013797,11.50077264738505,39.6415837155134,3.446862652704188,0.5546928427335626,2.5071728860921647,3.025882667165024,8924.811690200133
sturman_epm,elevated_plus_maze,False,EPM_6DeepCut_resnet50_epmMay17shuffle1_1030000,nose,nose,15076,25,0.6994671353348277,0.25431148845847706,74.63559028731785,183.87586177233493,2.463648522969869,3.6859469645023646,122.47696138875507,84.7556385358669,745946.6439089474
sturman_epm,elevated_plus_maze,False,EPM_6DeepCut_resnet50_epmMay17shuffle1_1030000,headcentre,head,15076,25,0.9683039825489711,0.024210665959140357,69.89275612854665,177.015263954613,2.53266967508116,3.70162096342596,118.54530725693023,82.99685434046532,717498.2516440392
sturman_epm,elevated_plus_maze,False,EPM_6DeepCut_resnet50_epmMay17shuffle1_1030000,neck,neck,15076,25,0.9810838884883801,0.01611833377553728,65.134103344745,188.19553419225852,2.889354800758796,3.5014675486948046,116.3381722938901,80.35022251605182,781668.7876939379
sturman_epm,elevated_plus_maze,False,EPM_6DeepCut_resnet50_epmMay17shuffle1_1030000,earl,,15076,25,0.9702840482158318,0.021358450517378617,79.20445831095972,312.80791860201816,3.9493726145303887,4.333003881659557,118.54174040133486,85.31628164110369,826191.4762555617
sturman_epm,elevated_plus_maze,False,EPM_6DeepCut_resnet50_epmMay17shuffle1_1030000,earr,,15076,25,0.9754028301552614,0.01976651631732555,68.34383042140453,180.14213923658318,2.635821523696229,3.6437386206249482,122.72869249417586,81.15901722442851,790353.7807755072
sturman_epm,elevated_plus_maze,False,EPM_6DeepCut_resnet50_epmMay17shuffle1_1030000,bodycentre,body_center,15076,25,0.9918548070698874,0.0066330591668877685,48.79013186647161,199.42960363009283,4.0874987625753905,2.5059162790846026,113.24792919320187,79.14976771795357,723225.7744493117
sturman_epm,elevated_plus_maze,False,EPM_6DeepCut_resnet50_epmMay17shuffle1_1030000,bcl,,15076,25,0.9626858425859147,0.016980631467232686,73.90754857346431,399.48583651850686,5.40521021504883,4.092153732452289,114.98606063731587,81.1169342267251,730336.7869473026
sturman_epm,elevated_plus_maze,False,EPM_6DeepCut_resnet50_epmMay17shuffle1_1030000,bcr,,15076,25,0.9702354937606005,0.018307243300610242,64.735418152206,177.51384308977705,2.7421440713089438,3.4997166571654184,115.56348419813075,77.46290386248259,776941.8008975121
sturman_epm,elevated_plus_maze,False,EPM_6DeepCut_resnet50_epmMay17shuffle1_1030000,hipl,,15076,25,0.943546744891284,0.030313080392677102,77.47859536711377,300.0063727110483,3.872119406521762,4.2913862944986905,109.77616745620627,77.81212522953813,645647.4927514896
sturman_epm,elevated_plus_maze,False,EPM_6DeepCut_resnet50_epmMay17shuffle1_1030000,hipr,,15076,25,0.9365470814361722,0.027394534359246485,75.25556371421652,385.95153982067416,5.128544931060879,4.152234962268142,113.64349632815626,80.16853947352473,773217.5065392915
sturman_epm,elevated_plus_maze,False,EPM_6DeepCut_resnet50_epmMay17shuffle1_1030000,tailbase,tail_base,15076,25,0.9009701012339444,0.054523746351817455,77.45733923780031,357.320237499173,4.613123056062782,4.309222885858899,106.99139671474214,77.11711655748272,728107.6235426955
sturman_epm,elevated_plus_maze,False,EPM_6DeepCut_resnet50_epmMay17shuffle1_1030000,tailcentre,,15076,25,0.8336658335611339,0.11130273282037675,62.55551956885434,336.8190520705172,5.384321869468021,3.1315760197774303,109.75893643562861,83.68293806609095,683277.5307065683
sturman_epm,elevated_plus_maze,False,EPM_6DeepCut_resnet50_epmMay17shuffle1_1030000,tailtip,,15076,25,0.7079357446963795,0.25026532236667554,71.3076117211423,426.3466393175227,5.978977966402897,2.995351479440543,102.32681683813502,93.16604863753845,729715.2831506236
sturman_epm,elevated_plus_maze,False,EPM_7DeepCut_resnet50_epmMay17shuffle1_1030000,tl,,15382,25,0.9997531074166933,0.0,8.707477366699514,11.129814840337866,1.2781904989959814,0.32305891011562443,1.073187614408169,1.6270971010083861,318.30517997471475
sturman_epm,elevated_plus_maze,False,EPM_7DeepCut_resnet50_epmMay17shuffle1_1030000,tr,,15382,25,0.9900581251678254,0.0031855415420621504,8.356367513474947,11.214931559428516,1.3420821357299126,0.3250095165144246,1.6446551021047628,1.4624315195485793,208.34819478744703
sturman_epm,elevated_plus_maze,False,EPM_7DeepCut_resnet50_epmMay17shuffle1_1030000,bl,,15382,25,0.9993740786440954,0.0003900663112729164,8.028258734895998,9.773881530165974,1.2174347953787754,0.28189714859234605,0.9539186446170881,0.8033801236409428,102.8661586913868
sturman_epm,elevated_plus_maze,False,EPM_7DeepCut_resnet50_epmMay17shuffle1_1030000,br,,15382,25,0.9999843450155854,0.0,6.13065165967398,6.864031951521368,1.1196251773153898,0.21120491631807825,0.8212647930462466,0.8939368827790596,90.6693578064269
sturman_epm,elevated_plus_maze,False,EPM_7DeepCut_resnet50_epmMay17shuffle1_1030000,lt,,15382,25,0.9999897815737577,0.0,4.471307782736442,4.648229072034061,1.0395681303757942,0.15850966603552313,0.4362492137728582,0.42264168018867504,17.62116081048503
sturman_epm,elevated_plus_maze,False,EPM_7DeepCut_resnet50_epmMay17shuffle1_1030000,lb,,15382,25,0.997612013719262,0.00214536471200104,5.9475818040800545,14.542281605659097,2.445074668108484,0.22261604942624286,1.54720405984022,0.7616670581043358,739.2015693302542
sturman_epm,elevated_plus_maze,False,EPM_7DeepCut_resnet50_epmMay17shuffle1_1030000,rt,,15382,25,0.9991244759171826,0.0005200884150305552,5.616190200520693,9.605082359655366,1.7102487659276304,0.21380914407459978,0.5599377985809236,1.008668996596221,805.1097688623811
sturman_epm,elevated_plus_maze,False,EPM_7DeepCut_resnet50_epmMay17shuffle1_1030000,rb,,15382,25,0.9921922613908404,0.007801326225458328,6.836784838562579,6.71932273284504,0.9828191015965575,0.24263078376688405,0.5470226154098362,0.6229694500563699,35.847504590186894
sturman_epm,elevated_plus_maze,False,EPM_7DeepCut_resnet50_epmMay17shuffle1_1030000,ctl,,15382,25,0.9855137174379188,0.010791834611884021,9.720889373880707,15.658936726773641,1.6108543287045336,0.43657041262344587,1.2706226845399125,1.837078062112038,566.810340822313
sturman_epm,elevated_plus_maze,False,EPM_7DeepCut_resnet50_epmMay17shuffle1_1030000,ctr,,15382,25,0.88853620386429,0.06195553244051489,44.09574084889574,488.5221273352802,11.078669230421013,2.375355156707309,14.742992084658487,25.267774967576806,443622.5274695842
sturman_epm,elevated_plus_maze,False,EPM_7DeepCut_resnet50_epmMay17shuffle1_1030000,cbl,,15382,25,0.9895459796568303,0.008841503055519439,7.276264612765508,12.43554857809577,1.7090566712319386,0.31430392145498354,1.1935364187696818,1.1562926880351343,239.30409406759895
sturman_epm,elevated_plus_maze,False,EPM_7DeepCut_resnet50_epmMay17shuffle1_1030000,cbr,,15382,25,0.9199763210937177,0.05278897412560135,19.434676447276868,114.0625810675073,5.869023926224891,0.8616091054402316,7.058553263333808,6.793732481419525,31507.449052114753
sturman_epm,elevated_plus_maze,False,EPM_7DeepCut_resnet50_epmMay17shuffle1_1030000,nose,nose,15382,25,0.8548950584753796,0.10804836822259783,92.19871861308519,361.6608868956519,3.922623788443017,4.579102151503461,83.89280751086804,195.02668304578748,899456.7713665441
sturman_epm,elevated_plus_maze,False,EPM_7DeepCut_resnet50_epmMay17shuffle1_1030000,headcentre,head,15382,25,0.9787131439680831,0.01826810557794825,84.6394042563141,375.85274444977347,4.440635514299888,4.265654417210571,90.30808202165451,200.58647386860613,897365.5897927525
sturman_epm,elevated_plus_maze,False,EPM_7DeepCut_resnet50_epmMay17shuffle1_1030000,neck,neck,15382,25,0.980253552837546,0.018008061370432975,68.09722977947166,225.28197919497293,3.3082399963189926,3.510306193331893,84.85804010134268,201.38037868371262,840711.6205005009
sturman_epm,elevated_plus_maze,False,EPM_7DeepCut_resnet50_epmMay17shuffle1_1030000,earl,,15382,25,0.9794729238364154,0.017617995059160056,78.57742247132552,266.01748727853504,3.38541885075971,4.107834553983737,88.54786115718424,202.11923671489728,873362.1855999979
sturman_epm,elevated_plus_maze,False,EPM_7DeepCut_resnet50_epmMay17shuffle1_1030000,earr,,15382,25,0.980959328966044,0.017097906644129503,79.00619330599794,326.99873723927413,4.138900047655495,4.100644271257096,88.13693600910655,200.30094573987742,912096.0031442709
sturman_epm,elevated_plus_maze,False,EPM_7DeepCut_resnet50_epmMay17shuffle1_1030000,bodycentre,body_center,15382,25,0.9864498640847382,0.012027044597581589,61.98660379185637,254.0759405277173,4.098884678064861,3.282020989889097,79.01746008506089,204.277003589103,805547.284994434
sturman_epm,elevated_plus_maze,False,EPM_7DeepCut_resnet50_epmMay17shuffle1_1030000,bcl,,15382,25,0.9726166919681716,0.017683006111038877,68.73846527946726,261.36370502259444,3.802291831218203,3.602779841625933,74.88342206287749,204.39804976514552,798721.5879140231
sturman_epm,elevated_plus_maze,False,EPM_7DeepCut_resnet50_epmMay17shuffle1_1030000,bcr,,15382,25,0.977709301685019,0.015732674554674295,64.85502950418908,226.72238866021797,3.495833559763837,3.4004576704660314,71.69902359712174,204.37247718222142,620616.9596848045
sturman_epm,elevated_plus_maze,False,EPM_7DeepCut_resnet50_epmMay17shuffle1_1030000,hipl,,15382,25,0.9783152146641508,0.012352099856975687,67.97216805725631,299.3548524458111,4.404079802098555,3.6381297299654265,74.09604966271903,210.6161024579466,800344.2877290159
sturman_epm,elevated_plus_maze,False,EPM_7DeepCut_resnet50_epmMay17shuffle1_1030000,hipr,,15382,25,0.9827017192295912,0.008061370432973605,63.75345716568302,300.8257785689794,4.7185798534374515,3.484291594398153,74.46889149098931,212.66894526930233,724882.4068517955
sturman_epm,elevated_plus_maze,False,EPM_7DeepCut_resnet50_epmMay17shuffle1_1030000,tailbase,tail_base,15382,25,0.941504313824949,0.04401248212196073,75.40023354559185,420.6994611111253,5.57955116752713,3.8814061851195913,76.42847977710244,216.66377427350142,822190.118903732
sturman_epm,elevated_plus_maze,False,EPM_7DeepCut_resnet50_epmMay17shuffle1_1030000,tailcentre,,15382,25,0.8965302367887577,0.08158887010791835,65.57724842115495,218.12891819350483,3.326289581298403,2.9087368945548246,77.56246346345563,224.69532686058432,826732.7503755495
sturman_epm,elevated_plus_maze,False,EPM_7DeepCut_resnet50_epmMay17shuffle1_1030000,tailtip,,15382,25,0.7270543614327094,0.24756208555454426,129.24152263507958,700.532324078649,5.420334810327482,6.572715027725115,67.44898299982505,170.56518598196294,815939.4945045292
sturman_epm,elevated_plus_maze,False,EPM_8DeepCut_resnet50_epmMay17shuffle1_1030000,tl,,15076,25,0.9983545971639468,0.0002653223666755107,8.738974803361295,10.642193989031652,1.2177851782955498,0.3231966604951647,1.2015788719349576,1.7195794331058951,451.65213275336487
sturman_epm,elevated_plus_maze,False,EPM_8DeepCut_resnet50_epmMay17shuffle1_1030000,tr,,15076,25,0.9959944486677346,0.0031175378084372513,10.65643078071274,12.415898882643456,1.1651085751070807,0.4121778537679391,1.0370814092757696,1.3614908462221051,135.6783474325101
sturman_epm,elevated_plus_maze,False,EPM_8DeepCut_resnet50_epmMay17shuffle1_1030000,bl,,15076,25,0.9996856925981877,0.0,7.544581629118398,9.050353883803169,1.199583267662348,0.268506905140432,0.9228005531143781,0.8858939251936975,121.93705384538411
sturman_epm,elevated_plus_maze,False,EPM_8DeepCut_resnet50_epmMay17shuffle1_1030000,br,,15076,25,0.999481050594633,0.0002653223666755107,8.704350542700311,9.42237116557011,1.0824898560033236,0.3070615452923833,0.6368367979546348,1.0668929742475592,148.08906047050021
sturman_epm,elevated_plus_maze,False,EPM_8DeepCut_resnet50_epmMay17shuffle1_1030000,lt,,15076,25,0.9989082599273725,0.0009286282833642876,6.331548618653963,7.287123670281993,1.150922800910463,0.2359351879117026,0.49208993867504175,0.43332451333600447,54.49270624480141
sturman_epm,elevated_plus_maze,False,EPM_8DeepCut_resnet50_epmMay17shuffle1_1030000,lb,,15076,25,0.9986510208733014,0.0011276200583709207,7.615228007568099,12.66080719736562,1.6625644281147154,0.2837490576387623,1.292594242543825,0.663112920950525,372.7851202538533
sturman_epm,elevated_plus_maze,False,EPM_8DeepCut_resnet50_epmMay17shuffle1_1030000,rt,,15076,25,0.9999938843958129,0.0,6.214736487220557,5.813482696168117,0.9354351078476871,0.2294895229708597,0.41318955487852865,0.4387785890910895,10.34529086362833
sturman_epm,elevated_plus_maze,False,EPM_8DeepCut_resnet50_epmMay17shuffle1_1030000,rb,,15076,25,0.9999628171154724,0.0,8.893452291582388,8.388540234507245,0.9432265400970283,0.32701382581190397,0.526624218488944,0.7968355455594672,22.563449912198458
sturman_epm,elevated_plus_maze,False,EPM_8DeepCut_resnet50_epmMay17shuffle1_1030000,ctl,,15076,25,0.9743258235217501,0.014261077208808702,10.419707812164853,18.886958925222242,1.8126188628026594,0.45517667727006283,1.3690099728100054,2.038022787767766,663.3789162145254
sturman_epm,elevated_plus_maze,False,EPM_8DeepCut_resnet50_epmMay17shuffle1_1030000,ctr,,15076,25,0.8671952471409846,0.08317856195277262,21.201273700666366,97.94181498400081,4.619619385458075,0.8879171099274316,7.591055695261109,6.391530773501197,46189.34555009802
sturman_epm,elevated_plus_maze,False,EPM_8DeepCut_resnet50_epmMay17shuffle1_1030000,cbl,,15076,25,0.9432666995309335,0.05067657203502255,8.854644570871567,25.75713731068382,2.9088843831648603,0.3853637936989789,6.695758973459243,1.9346939457308199,2012.1379860872335
sturman_epm,elevated_plus_maze,False,EPM_8DeepCut_resnet50_epmMay17shuffle1_1030000,cbr,,15076,25,0.8664680939137097,0.09558238259485274,28.428561104585672,179.22701845018852,6.304470275186678,1.2969314755265362,14.524859623567838,11.247870750756356,35022.1892294397
sturman_epm,elevated_plus_maze,False,EPM_8DeepCut_resnet50_epmMay17shuffle1_1030000,nose,nose,15076,25,0.7151597938971072,0.22877421066595913,64.03331408330922,100.20223948052178,1.564845438893819,3.117022431703048,50.08092700638378,184.67005473531978,405513.6300414974
sturman_epm,elevated_plus_maze,False,EPM_8DeepCut_resnet50_epmMay17shuffle1_1030000,headcentre,head,15076,25,0.9583381002170396,0.023613690634120457,61.44422934957931,96.65215145219847,1.5730061630736396,3.1590864411086557,47.14285467304894,187.85188218226097,399262.86325392715
sturman_epm,elevated_plus_maze,False,EPM_8DeepCut_resnet50_epmMay17shuffle1_1030000,neck,neck,15076,25,0.9968363235450829,0.0004643141416821438,50.5720237960191,81.88006575674557,1.6190782889568867,2.627326161505562,44.021006851794986,188.94961069999505,361882.40067695134
sturman_epm,elevated_plus_maze,False,EPM_8DeepCut_resnet50_epmMay17shuffle1_1030000,earl,,15076,25,0.9820813780641107,0.0032501989917750065,59.20611865266534,99.61337772893941,1.6824845133545165,3.085109365461455,46.39879182888224,188.57435099941407,387031.61475464
sturman_epm,elevated_plus_maze,False,EPM_8DeepCut_resnet50_epmMay17shuffle1_1030000,earr,,15076,25,0.9929025737585044,0.0020562483417352084,57.65702050130299,92.57094216097587,1.6055450204695172,3.0056884955268535,46.27243782005987,187.89342152356616,383434.5171728498
sturman_epm,elevated_plus_maze,False,EPM_8DeepCut_resnet50_epmMay17shuffle1_1030000,bodycentre,body_center,15076,25,0.9984415321415411,0.0013929424250464313,39.99702615454878,70.48430933963044,1.762238749132963,2.057753717136394,38.79929459385223,189.95842357340285,306320.59782086645
sturman_epm,elevated_plus_maze,False,EPM_8DeepCut_resnet50_epmMay17shuffle1_1030000,bcl,,15076,25,0.9667153109638942,0.015322366675510745,49.53136334990893,84.34617314087524,1.7028841412060651,2.5629634496363587,41.738246204051535,189.69172893111624,314410.4772553355
sturman_epm,elevated_plus_maze,False,EPM_8DeepCut_resnet50_epmMay17shuffle1_1030000,bcr,,15076,25,0.988693900768116,0.002984876625099496,48.141797409394464,85.25665355323736,1.7709487003200308,2.519004794320908,41.06216119408776,188.61493745536652,326051.4264035918
sturman_epm,elevated_plus_maze,False,EPM_8DeepCut_resnet50_epmMay17shuffle1_1030000,hipl,,15076,25,0.956689858334186,0.026200583709206686,53.24040488345112,117.00502181846824,2.197673403773029,2.848923260986757,38.92455925068799,191.23873433389613,292189.69422567345
sturman_epm,elevated_plus_maze,False,EPM_8DeepCut_resnet50_epmMay17shuffle1_1030000,hipr,,15076,25,0.9826439029225054,0.004775802600159193,47.451770407516975,102.23374957654848,2.154477034229967,2.5412971555239516,35.705024008819414,193.20285688837652,277295.55047759257
sturman_epm,elevated_plus_maze,False,EPM_8DeepCut_resnet50_epmMay17shuffle1_1030000,tailbase,tail_base,15076,25,0.8137852095559726,0.16595914035553197,41.64041402287719,96.1406886119236,2.3088312368629196,2.077772804005624,34.00669805057945,192.32558890185703,291370.38459430414
sturman_epm,elevated_plus_maze,False,EPM_8DeepCut_resnet50_epmMay17shuffle1_1030000,tailcentre,,15076,25,0.8820512486756654,0.1055319713451844,45.53560324120842,96.27975793691998,2.1143841540192785,2.1219953282456023,36.67237413525286,186.17172804728833,314720.95031143446
sturman_epm,elevated_plus_maze,False,EPM_8DeepCut_resnet50_epmMay17shuffle1_1030000,tailtip,,15076,25,0.8132184740065991,0.09617935791987264,136.38220723359458,758.6943901359743,5.56300125599586,6.887840963603673,40.089999828904595,171.1414478110266,374170.6974608349
sturman_epm,elevated_plus_maze,False,EPM_9DeepCut_resnet50_epmMay17shuffle1_1030000,tl,,15684,25,0.9999979443846233,0.0,7.123164458867536,8.049253349303896,1.1300108815097598,0.24190816112273764,0.7099591200636358,0.870608058727568,112.44542174124979
sturman_epm,elevated_plus_maze,False,EPM_9DeepCut_resnet50_epmMay17shuffle1_1030000,tr,,15684,25,0.9991979985152298,0.000510073960724305,6.912956935899179,9.20177013406567,1.3310903307209423,0.25999987053158,0.7325838348239763,1.0669972318121046,87.52072768138942
sturman_epm,elevated_plus_maze,False,EPM_9DeepCut_resnet50_epmMay17shuffle1_1030000,bl,,15684,25,0.9999319722733915,0.0,5.848605098353977,5.820108194363433,0.995127572555965,0.18468090124162084,0.6453475491077328,0.6854319190903789,65.57906785556627
sturman_epm,elevated_plus_maze,False,EPM_9DeepCut_resnet50_epmMay17shuffle1_1030000,br,,15684,25,0.9999717793288933,0.0,5.73722386546519,5.953214453540182,1.0376472302876538,0.1907018100265468,0.555458364948428,0.7434798482505577,62.204121097588654
sturman_epm,elevated_plus_maze,False,EPM_9DeepCut_resnet50_epmMay17shuffle1_1030000,lt,,15684,25,0.9826844122143948,0.015110941086457537,4.728200986663587,7.652923146131434,1.618569762097117,0.16659651969623754,0.833783651171495,0.728693350249597,207.11017431436932
sturman_epm,elevated_plus_maze,False,EPM_9DeepCut_resnet50_epmMay17shuffle1_1030000,lb,,15684,25,0.9851941631190542,0.01192297883193063,5.768437667212006,15.53717393993229,2.6934804250804527,0.22658785390767655,1.640385297002211,0.8849982365575596,960.232040143446
sturman_epm,elevated_plus_maze,False,EPM_9DeepCut_resnet50_epmMay17shuffle1_1030000,rt,,15684,25,0.9894268935381438,0.009500127518490182,6.079294347722263,9.367549116363271,1.5408941532618867,0.22378453618117794,0.9113261023235822,1.1879512697032582,460.09492402209054
sturman_epm,elevated_plus_maze,False,EPM_9DeepCut_resnet50_epmMay17shuffle1_1030000,rb,,15684,25,0.9793932699493625,0.019255292017342513,7.162999083366651,8.684738077700286,1.2124443932803646,0.2589346987462999,0.7685577709775596,1.2908591738315975,206.41364216251264
sturman_epm,elevated_plus_maze,False,EPM_9DeepCut_resnet50_epmMay17shuffle1_1030000,ctl,,15684,25,0.9877057960278312,0.004399387911247131,12.207946046787605,23.669359233882798,1.9388486108284486,0.5668300767089254,1.4392882508881588,2.3915485405835004,1129.7469911479438
sturman_epm,elevated_plus_maze,False,EPM_9DeepCut_resnet50_epmMay17shuffle1_1030000,ctr,,15684,25,0.784715786410956,0.1652002040295843,28.649472632553845,223.39734503708357,7.797607582599669,1.3369942398792238,5.348384504996936,10.913599738170571,263149.0852828456
sturman_epm,elevated_plus_maze,False,EPM_9DeepCut_resnet50_epmMay17shuffle1_1030000,cbl,,15684,25,0.9912956332128986,0.005164498852333588,8.458330322116367,15.203573809917513,1.7974674942836013,0.3843194821414343,1.3750897551401968,1.5122941161584835,423.7533438325619
sturman_epm,elevated_plus_maze,False,EPM_9DeepCut_resnet50_epmMay17shuffle1_1030000,cbr,,15684,25,0.8913671089142934,0.07294057638357562,22.59017808632367,124.03246191436735,5.490548212608288,1.06155310226495,6.365612581589391,8.380505241336483,28552.49443788246
sturman_epm,elevated_plus_maze,False,EPM_9DeepCut_resnet50_epmMay17shuffle1_1030000,nose,nose,15684,25,0.6165904325034751,0.33907166539148176,93.81190588458394,346.19045554207054,3.6902614042186284,4.453396852259456,157.77631062165602,128.87199708737953,913173.124141401
sturman_epm,elevated_plus_maze,False,EPM_9DeepCut_resnet50_epmMay17shuffle1_1030000,headcentre,head,15684,25,0.9454739938103645,0.038893139505228255,100.99649218372758,367.29961468515205,3.6367561560155934,5.251505466689366,172.45634742190245,132.94227032491187,901079.9881415069
sturman_epm,elevated_plus_maze,False,EPM_9DeepCut_resnet50_epmMay17shuffle1_1030000,neck,neck,15684,25,0.9607036267957101,0.03283601122162714,84.19642613712327,225.58164058360043,2.679230591286803,4.267681856908868,168.63799068260388,128.2588588586366,861440.7581726284
sturman_epm,elevated_plus_maze,False,EPM_9DeepCut_resnet50_epmMay17shuffle1_1030000,earl,,15684,25,0.9495861029608218,0.03749043611323642,90.62552025855534,233.25790628876337,2.5738655692488903,4.61048770441818,175.91958140583995,131.96681402995546,893160.2406134421
sturman_epm,elevated_plus_maze,False,EPM_9DeepCut_resnet50_epmMay17shuffle1_1030000,earr,,15684,25,0.9595655726648448,0.0332823259372609,95.49208303277632,272.1638591913727,2.8501196177483767,5.0024356316031,177.85196135343924,132.7624070825445,916293.0260023631
sturman_epm,elevated_plus_maze,False,EPM_9DeepCut_resnet50_epmMay17shuffle1_1030000,bodycentre,body_center,15684,25,0.9881538683964233,0.010328997704667177,69.69930773174255,305.6608667151944,4.385421845100908,3.6905503852786787,157.86386191878228,120.21596428795502,791738.1984806634
sturman_epm,elevated_plus_maze,False,EPM_9DeepCut_resnet50_epmMay17shuffle1_1030000,bcl,,15684,25,0.950634280865258,0.027671512369293546,92.9693592131072,421.2610101919511,4.531181173641563,4.819682353921358,159.31971250163912,122.49300350471043,798706.2490687201
sturman_epm,elevated_plus_maze,False,EPM_9DeepCut_resnet50_epmMay17shuffle1_1030000,bcr,,15684,25,0.9673826315156874,0.022953328232593728,83.6562937032924,300.56555755746865,3.5928624644010436,4.36931766078949,159.3963723133371,122.34518675263126,830288.4803329373
sturman_epm,elevated_plus_maze,False,EPM_9DeepCut_resnet50_epmMay17shuffle1_1030000,hipl,,15684,25,0.9390224818462348,0.041124713083397095,99.32515139517118,386.40097601538054,3.89026314672364,5.182403926573142,148.78085548348682,123.17548647039584,788781.8764704533
sturman_epm,elevated_plus_maze,False,EPM_9DeepCut_resnet50_epmMay17shuffle1_1030000,hipr,,15684,25,0.9372669033016425,0.030795715378729917,105.75494335542066,470.13821856908686,4.445543665879039,5.832921451055476,157.09244268305196,124.12315371044454,853927.959273249
sturman_epm,elevated_plus_maze,False,EPM_9DeepCut_resnet50_epmMay17shuffle1_1030000,tailbase,tail_base,15684,25,0.8771794673109565,0.07880642693190512,106.76941770978029,496.76691366238197,4.652707903799659,5.766147198508845,143.1473395265024,128.99572249270452,812484.3962201548
sturman_epm,elevated_plus_maze,False,EPM_9DeepCut_resnet50_epmMay17shuffle1_1030000,tailcentre,,15684,25,0.8693207126130744,0.10628666156592706,85.35075872329607,343.77184471012094,4.027753822606502,4.120643800548093,140.56838649866233,126.06917599609118,822426.6575736996
sturman_epm,elevated_plus_maze,False,EPM_9DeepCut_resnet50_epmMay17shuffle1_1030000,tailtip,,15684,25,0.754875420091317,0.18343534812547818,136.21092001687308,712.9453447716917,5.234127665266308,6.674834828135604,126.51010469061056,121.64738993364735,802236.9203592455
sturman_fst,forced_swim_test,False,FST_10_cropDeepCut_resnet50_FST1Aug15shuffle1_1030000,t,,9336,25,1.0,0.0,22.861803640396452,16.612034052744384,0.7266283235584781,0.6311236682958898,1.8785881429180986,0.5636774681886833,57.20369328497981
sturman_fst,forced_swim_test,False,FST_10_cropDeepCut_resnet50_FST1Aug15shuffle1_1030000,b,,9336,25,0.9999200043834318,0.00010711225364181663,9.668060496881681,5.982865527768247,0.6188278951810396,0.22896780331239155,0.4570790457527211,0.5258373456808868,13.72476586969616
sturman_fst,forced_swim_test,False,FST_10_cropDeepCut_resnet50_FST1Aug15shuffle1_1030000,l,,9336,25,1.0,0.0,21.84878003367893,16.30234060193141,0.7461442047016844,0.6291661200283271,0.6721608039521522,1.5351899204491708,44.44104962371057
sturman_fst,forced_swim_test,False,FST_10_cropDeepCut_resnet50_FST1Aug15shuffle1_1030000,r,,9336,25,0.9997890374201072,0.00021422450728363326,32.44021266918066,23.52935654095971,0.7253144971923512,0.8714080276166072,1.0945036747109878,2.177565639142164,197.00476274973153
sturman_fst,forced_swim_test,False,FST_10_cropDeepCut_resnet50_FST1Aug15shuffle1_1030000,nose,nose,9336,25,0.9701339666282355,0.02988431876606684,138.9633563289938,98.8235616220521,0.7111483504190033,1.8365949224629206,55.914199631034606,53.75471520589755,33001.609869606975
sturman_fst,forced_swim_test,False,FST_10_cropDeepCut_resnet50_FST1Aug15shuffle1_1030000,headcentre,head,9336,25,0.9701089159918321,0.029777206512425023,131.16474593696054,90.68423062319513,0.6913765583534095,1.723560403670771,59.07319659152165,50.37317841330628,40854.1849883246
sturman_fst,forced_swim_test,False,FST_10_cropDeepCut_resnet50_FST1Aug15shuffle1_1030000,neck,neck,9336,25,0.9700412161475895,0.02988431876606684,124.77557170403546,81.80705044911056,0.6556335453477612,1.606446741095099,52.80721484698366,46.83077791978534,29860.617192357535
sturman_fst,forced_swim_test,False,FST_10_cropDeepCut_resnet50_FST1Aug15shuffle1_1030000,earl,,9336,25,0.9699786794407815,0.029991431019708654,138.7301760745555,93.89801162296007,0.676839129595698,1.8314958669397203,61.23168127041837,51.737535421984724,43637.813469724846
sturman_fst,forced_swim_test,False,FST_10_cropDeepCut_resnet50_FST1Aug15shuffle1_1030000,earr,,9336,25,0.9701104576746521,0.02988431876606684,117.95607023627049,90.99478382637666,0.7714294282957261,1.6336541464673822,49.361017915638904,44.71847219227364,33715.211562882316
sturman_fst,forced_swim_test,False,FST_10_cropDeepCut_resnet50_FST1Aug15shuffle1_1030000,bodycentre,body_center,9336,25,0.9697390946862068,0.030205655526992288,106.48912075131467,55.31252831778412,0.5194195231168838,1.3714879663401942,44.108425418866624,40.40535514942256,22022.75702417403
sturman_fst,forced_swim_test,False,FST_10_cropDeepCut_resnet50_FST1Aug15shuffle1_1030000,bcl,,9336,25,0.9699415637382913,0.029991431019708654,121.46122275021014,64.84395438372191,0.5338654832833034,1.471386635897071,52.14408785562252,45.317387313198886,31881.79883950308
sturman_fst,forced_swim_test,False,FST_10_cropDeepCut_resnet50_FST1Aug15shuffle1_1030000,bcr,,9336,25,0.9695984472735324,0.030419880034275922,97.38611367985716,51.00814600970435,0.5237722718598905,1.413174765912569,40.56723026211101,37.25252610451468,27470.804209959213
sturman_fst,forced_swim_test,False,FST_10_cropDeepCut_resnet50_FST1Aug15shuffle1_1030000,hipl,,9336,25,0.9694022365942304,0.030419880034275922,128.11388045426472,82.84999361528492,0.64669022061869,2.226303664361954,47.02587570851015,44.213904754311265,25082.4145036853
sturman_fst,forced_swim_test,False,FST_10_cropDeepCut_resnet50_FST1Aug15shuffle1_1030000,hipr,,9336,25,0.969531566788855,0.030312767780634103,89.95481056140937,54.64010695774898,0.6074172867102852,1.7882222853053258,37.567813756711416,33.270820349629,26306.622564691585
sturman_fst,forced_swim_test,False,FST_10_cropDeepCut_resnet50_FST1Aug15shuffle1_1030000,tailbase,tail_base,9336,25,0.9683692937791858,0.0315981148243359,110.72843953618103,57.99875482281224,0.5237927588048495,1.8082136286130024,36.85313213406397,37.149835240581105,16041.876481737967
sturman_fst,forced_swim_test,False,FST_10_cropDeepCut_resnet50_FST1Aug15shuffle1_1030000,tailcentre,,9336,25,0.965280018517015,0.03427592116538132,157.942629733672,109.99160771950318,0.6964022816700888,4.185451467293946,29.847508545464184,33.37134301190279,20316.4842969555
sturman_fst,forced_swim_test,False,FST_10_cropDeepCut_resnet50_FST1Aug15shuffle1_1030000,tailtip,,9336,25,0.9678418526095566,0.028277634961439587,272.5986347699448,252.18396824641277,0.9251108996170848,6.78721925350805,37.03842101945027,36.468895642206654,27311.054627602112
sturman_fst,forced_swim_test,False,FST_11_cropDeepCut_resnet50_FST1Aug15shuffle1_1030000,t,,9390,25,1.0,0.0,19.052992635226175,16.249764601925392,0.8528720350146974,0.5288356040505532,1.505120388998598,0.5340018563970388,55.70413125951354
sturman_fst,forced_swim_test,False,FST_11_cropDeepCut_resnet50_FST1Aug15shuffle1_1030000,b,,9390,25,1.0,0.0,6.317343178047639,4.7116985718869575,0.7458354626450889,0.15531276656904672,0.3724246282269357,0.40735066136048065,11.584904702873732
sturman_fst,forced_swim_test,False,FST_11_cropDeepCut_resnet50_FST1Aug15shuffle1_1030000,l,,9390,25,1.0,0.0,20.9786173516908,18.66682274865413,0.8898023370996684,0.6536188418113775,0.5559955427102838,1.5661578515993404,53.46522021346681
sturman_fst,forced_swim_test,False,FST_11_cropDeepCut_resnet50_FST1Aug15shuffle1_1030000,r,,9390,25,0.998714479299399,0.0012779552715654952,22.68471635025221,22.378935484224584,0.9865204016084501,0.6154982815101718,0.9465607046492874,1.9733496425995054,348.60642531996433
sturman_fst,forced_swim_test,False,FST_11_cropDeepCut_resnet50_FST1Aug15shuffle1_1030000,nose,nose,9390,25,0.9752978196318031,0.02470713525026624,80.5378712543481,147.07719897877232,1.8261868197917122,1.561260356655253,51.77635272393068,42.993459700467135,42791.1146867918
sturman_fst,forced_swim_test,False,FST_11_cropDeepCut_resnet50_FST1Aug15shuffle1_1030000,headcentre,head,9390,25,0.9752182156260149,0.02470713525026624,70.90054062754967,107.75925106629555,1.5198650124879833,1.2330996991306853,50.44993952588738,39.87542464026979,40901.27760660002
sturman_fst,forced_swim_test,False,FST_11_cropDeepCut_resnet50_FST1Aug15shuffle1_1030000,neck,neck,9390,25,0.9750041551864185,0.025026624068157616,64.43076192717041,86.4771889525929,1.3421723780069956,1.0697358101946581,48.53220512351009,37.429911220418404,38157.42898287826
sturman_fst,forced_swim_test,False,FST_11_cropDeepCut_resnet50_FST1Aug15shuffle1_1030000,earl,,9390,25,0.9751767034347827,0.024813631522896697,67.9590687872146,86.79927267560171,1.2772286940449011,1.172065283096789,48.83624473573557,39.137348854376626,43786.63344569159
sturman_fst,forced_swim_test,False,FST_11_cropDeepCut_resnet50_FST1Aug15shuffle1_1030000,earr,,9390,25,0.9751040607119521,0.024920127795527155,70.24541597468144,105.89871917425519,1.5075534496432377,1.2831138149462304,49.566563449256975,38.17244730758033,39431.161927974594
sturman_fst,forced_swim_test,False,FST_11_cropDeepCut_resnet50_FST1Aug15shuffle1_1030000,bodycentre,body_center,9390,25,0.9747913211647568,0.025133120340788073,52.711092113219756,55.28840564271301,1.0488950887975792,0.9011823086529348,45.5250725718735,32.52609817545438,33490.30533895203
sturman_fst,forced_swim_test,False,FST_11_cropDeepCut_resnet50_FST1Aug15shuffle1_1030000,bcl,,9390,25,0.9748341533290946,0.025026624068157616,56.48575844250653,58.822979005644086,1.041377165281696,0.9766767036558294,45.15685946387877,33.58946804909002,38826.68438165468
sturman_fst,forced_swim_test,False,FST_11_cropDeepCut_resnet50_FST1Aug15shuffle1_1030000,bcr,,9390,25,0.9748034728506503,0.025133120340788073,57.67177539242865,58.1881530030413,1.008953731822871,1.0476493029338627,46.337445906867266,32.70752066695595,35148.57514824532
sturman_fst,forced_swim_test,False,FST_11_cropDeepCut_resnet50_FST1Aug15shuffle1_1030000,hipl,,9390,25,0.9743566715012724,0.025559105431309903,65.17299739839493,73.94944842096075,1.134663915623159,1.4953825995442447,44.08813936889304,31.23977094511932,39084.38319180277
sturman_fst,forced_swim_test,False,FST_11_cropDeepCut_resnet50_FST1Aug15shuffle1_1030000,hipr,,9390,25,0.9740617304373854,0.02566560170394036,64.85371604789668,68.92032338612417,1.0627043072631976,1.427278742282874,45.595703490361565,31.07030360969247,37256.08899128834
sturman_fst,forced_swim_test,False,FST_11_cropDeepCut_resnet50_FST1Aug15shuffle1_1030000,tailbase,tail_base,9390,25,0.9705777007646074,0.029073482428115017,70.6794771103826,69.1949159553495,0.9789958667533064,1.4804205226258578,43.975735515578585,30.59534015947034,36214.35063549226
sturman_fst,forced_swim_test,False,FST_11_cropDeepCut_resnet50_FST1Aug15shuffle1_1030000,tailcentre,,9390,25,0.9163645546720686,0.07710330138445154,110.91168395699817,117.23810482015757,1.0570401659901967,2.9463774151383944,32.22207966705131,30.974595253105655,21380.606214796317
sturman_fst,forced_swim_test,False,FST_11_cropDeepCut_resnet50_FST1Aug15shuffle1_1030000,tailtip,,9390,25,0.8887019955883392,0.10436634717784878,201.08534328847477,262.78078017857564,1.3068122016311914,5.280907808598616,37.25131978577348,40.019554271493114,28738.469483998917
sturman_fst,forced_swim_test,False,FST_12_cropDeepCut_resnet50_FST1Aug15shuffle1_1030000,t,,9316,25,1.0,0.0,13.63645540672644,13.385302552474956,0.9815822479698354,0.38446509914511423,1.2797076642305907,0.38194485475215184,51.474215297003894
sturman_fst,forced_swim_test,False,FST_12_cropDeepCut_resnet50_FST1Aug15shuffle1_1030000,b,,9316,25,1.0,0.0,6.000563889294045,5.153562144352228,0.8588463083522863,0.1497347604576279,0.4209069871932042,0.46663439107563726,13.235518810704885
sturman_fst,forced_swim_test,False,FST_12_cropDeepCut_resnet50_FST1Aug15shuffle1_1030000,l,,9316,25,1.0,0.0,14.706179675310697,14.204261762998984,0.9658702719949525,0.44405055541223526,0.5807027002762378,1.354103024271407,48.01234770518948
sturman_fst,forced_swim_test,False,FST_12_cropDeepCut_resnet50_FST1Aug15shuffle1_1030000,r,,9316,25,0.9987081297800847,0.0012881064834693002,19.00288540021593,19.505768731665793,1.026463524925754,0.5218403468738212,0.684033727865012,2.0044706495800724,147.7400665834658
sturman_fst,forced_swim_test,False,FST_12_cropDeepCut_resnet50_FST1Aug15shuffle1_1030000,nose,nose,9316,25,0.9717808835281994,0.028231000429368828,62.849720180802606,96.72884905027705,1.5390497964352559,1.0969143086079134,46.701864582053986,47.87086435380306,44931.51377233216
sturman_fst,forced_swim_test,False,FST_12_cropDeepCut_resnet50_FST1Aug15shuffle1_1030000,headcentre,head,9316,25,0.9717530045368836,0.028231000429368828,57.27593048705304,82.22397055195516,1.43557633813634,0.9323039518901165,45.00689087558568,44.641910607921005,43051.02377895754
sturman_fst,forced_swim_test,False,FST_12_cropDeepCut_resnet50_FST1Aug15shuffle1_1030000,neck,neck,9316,25,0.9716746372443865,0.028338342636324603,52.560021230782,66.5480305136983,1.266134011276315,0.8442795889824555,43.05318823001641,41.77951145295852,41427.54421396787
sturman_fst,forced_swim_test,False,FST_12_cropDeepCut_resnet50_FST1Aug15shuffle1_1030000,earl,,9316,25,0.9721733292044105,0.027801631601545727,57.35804257735097,75.85578692400293,1.3224960880020717,0.9970734463561793,48.9779126201367,45.49011090612668,55781.316458932626
sturman_fst,forced_swim_test,False,FST_12_cropDeepCut_resnet50_FST1Aug15shuffle1_1030000,earr,,9316,25,0.9716675662115286,0.028338342636324603,55.06089728318177,73.91956037101173,1.342505553275651,0.954737804470631,41.70459417495113,41.14437191654162,41258.406616381304
sturman_fst,forced_swim_test,False,FST_12_cropDeepCut_resnet50_FST1Aug15shuffle1_1030000,bodycentre,body_center,9316,25,0.9719564272590644,0.027908973808501502,45.177066244152165,55.57979542048865,1.230265708714165,0.7266646784018046,44.214119556816314,38.42184743409875,51104.36084720392
sturman_fst,forced_swim_test,False,FST_12_cropDeepCut_resnet50_FST1Aug15shuffle1_1030000,bcl,,9316,25,0.9718106136544931,0.028231000429368828,50.02707649250193,57.364545176697305,1.146669947529217,0.8683886634258372,42.70714692325118,38.88883841713864,41815.893004725396
sturman_fst,forced_swim_test,False,FST_12_cropDeepCut_resnet50_FST1Aug15shuffle1_1030000,bcr,,9316,25,0.9714762037591956,0.028553027050236154,46.03579020914463,56.280208804546156,1.2225316117929166,0.8004063497598845,37.4221561520041,35.198241067164425,38605.853382940426
sturman_fst,forced_swim_test,False,FST_12_cropDeepCut_resnet50_FST1Aug15shuffle1_1030000,hipl,,9316,25,0.971464276131436,0.028553027050236154,55.86851496159983,67.53492106158876,1.2088189762696864,1.22880158115437,41.943352145799615,35.630968415447214,41396.361738804255
sturman_fst,forced_swim_test,False,FST_12_cropDeepCut_resnet50_FST1Aug15shuffle1_1030000,hipr,,9316,25,0.970983875852227,0.02866036925719193,51.21146104801175,65.61940878167893,1.28134225110585,1.065772846984727,39.05372164437137,35.86113820036784,54787.99462188206
sturman_fst,forced_swim_test,False,FST_12_cropDeepCut_resnet50_FST1Aug15shuffle1_1030000,tailbase,tail_base,9316,25,0.9706594012021865,0.029411764705882353,57.88293256511166,66.28145744551658,1.1450950134732296,1.1898088734709666,35.86147630025346,29.64885865312251,31908.867033643084
sturman_fst,forced_swim_test,False,FST_12_cropDeepCut_resnet50_FST1Aug15shuffle1_1030000,tailcentre,,9316,25,0.9672374947387653,0.03231000429368828,86.98052936679252,106.08701492700712,1.2196639374272316,2.3623084508877366,36.50335180690502,30.238035908915784,30942.441825013724
sturman_fst,forced_swim_test,False,FST_12_cropDeepCut_resnet50_FST1Aug15shuffle1_1030000,tailtip,,9316,25,0.9553433078656692,0.04164877629884071,157.61526749208699,225.9551592874538,1.4335867513519767,4.316798496907379,47.188337998164386,40.20677898201399,42703.845277956425
sturman_fst,forced_swim_test,False,FST_13_cropDeepCut_resnet50_FST1Aug15shuffle1_1030000,t,,9240,25,1.0,0.0,18.3341474842369,15.95345374703493,0.8701497443909615,0.5438011497838957,1.5051812180369541,0.4142654087463252,68.14028835511623
sturman_fst,forced_swim_test,False,FST_13_cropDeepCut_resnet50_FST1Aug15shuffle1_1030000,b,,9240,25,1.0,0.0,8.085227013214718,6.199226019862689,0.7667349364131029,0.20258625928463148,0.7114747816036092,0.4282447164178479,22.88598126560733
sturman_fst,forced_swim_test,False,FST_13_cropDeepCut_resnet50_FST1Aug15shuffle1_1030000,l,,9240,25,1.0,0.0,18.848732823833334,16.402284953618334,0.8702062418158115,0.5595213402719593,0.5934522111157666,1.3870267584796825,54.67978430763908
sturman_fst,forced_swim_test,False,FST_13_cropDeepCut_resnet50_FST1Aug15shuffle1_1030000,r,,9240,25,0.9987180113824673,0.0012987012987012987,27.617306766058547,23.52031963177954,0.8516514601157933,0.7750099795517361,0.7483086909334727,2.2156376566532017,123.38753821943124
sturman_fst,forced_swim_test,False,FST_13_cropDeepCut_resnet50_FST1Aug15shuffle1_1030000,nose,nose,9240,25,0.9802368754561329,0.019805194805194805,84.36787243944482,105.97474981118866,1.2561031438507853,1.3376384785134856,50.30536150016742,50.19975571588708,42974.058323653226
sturman_fst,forced_swim_test,False,FST_13_cropDeepCut_resnet50_FST1Aug15shuffle1_1030000,headcentre,head,9240,25,0.9802593957294118,0.019696969696969695,75.97433010879973,72.3742817964868,0.9526149383988322,1.0823518942609083,48.19021032438113,47.19505580063837,41469.778656802875
sturman_fst,forced_swim_test,False,FST_13_cropDeepCut_resnet50_FST1Aug15shuffle1_1030000,neck,neck,9240,25,0.9797820778636189,0.02023809523809524,71.1307463711631,66.7382942179712,0.9382481925569583,1.0265432433151025,45.987412225666375,44.87543018990489,41986.32114016969
sturman_fst,forced_swim_test,False,FST_13_cropDeepCut_resnet50_FST1Aug15shuffle1_1030000,earl,,9240,25,0.9802176622762566,0.019805194805194805,76.1894936729916,81.80838331026231,1.0737488775209245,1.2160973717973487,46.47440825767162,45.20999921204489,44433.52311695043
sturman_fst,forced_swim_test,False,FST_13_cropDeepCut_resnet50_FST1Aug15shuffle1_1030000,earr,,9240,25,0.9800525219312736,0.019805194805194805,75.93197767920557,79.07518420438703,1.0413950304107809,1.206087318836696,47.74505905648369,46.54359295533772,43443.73134891925
sturman_fst,forced_swim_test,False,FST_13_cropDeepCut_resnet50_FST1Aug15shuffle1_1030000,bodycentre,body_center,9240,25,0.97975379911078,0.02023809523809524,61.64940826953071,55.493085496971794,0.9001397913562524,0.9630128244826259,42.20782145123604,40.22416967906233,42394.502843878916
sturman_fst,forced_swim_test,False,FST_13_cropDeepCut_resnet50_FST1Aug15shuffle1_1030000,bcl,,9240,25,0.9796699334339146,0.020346320346320345,64.16134950133322,57.21795090274941,0.8917822232146234,1.084092320101717,38.84706129622178,38.30244740024831,32796.91703172202
sturman_fst,forced_swim_test,False,FST_13_cropDeepCut_resnet50_FST1Aug15shuffle1_1030000,bcr,,9240,25,0.9797590062215731,0.02023809523809524,65.5157546783705,59.00713990211614,0.9006557306985715,1.1090940525652018,43.68184653903633,41.914476801509686,44982.144135121256
sturman_fst,forced_swim_test,False,FST_13_cropDeepCut_resnet50_FST1Aug15shuffle1_1030000,hipl,,9240,25,0.9792174909538005,0.02077922077922078,69.57000569006952,65.55086117002443,0.9422287740215208,1.4920735488048562,33.043920024265056,33.16352115655943,20921.5510449058
sturman_fst,forced_swim_test,False,FST_13_cropDeepCut_resnet50_FST1Aug15shuffle1_1030000,hipr,,9240,25,0.9793436425653371,0.021212121212121213,71.50326106155988,65.32008211126949,0.9135259167415167,1.458017889800075,39.64081399506114,38.78581590877345,33216.874144852445
sturman_fst,forced_swim_test,False,FST_13_cropDeepCut_resnet50_FST1Aug15shuffle1_1030000,tailbase,tail_base,9240,25,0.9794934792726329,0.02077922077922078,76.23036261398309,67.53453343937733,0.8859269603813918,1.5462400728763899,31.68146022315105,32.112877336913954,16969.8161907378
sturman_fst,forced_swim_test,False,FST_13_cropDeepCut_resnet50_FST1Aug15shuffle1_1030000,tailcentre,,9240,25,0.9764899545385466,0.023268398268398268,108.90308681795162,99.19550409940203,0.9108603529780812,2.850747116938741,29.9600846692367,31.993644414873867,21858.99799151336
sturman_fst,forced_swim_test,False,FST_13_cropDeepCut_resnet50_FST1Aug15shuffle1_1030000,tailtip,,9240,25,0.9654656149543726,0.03257575757575758,197.96033608223703,269.85029922847747,1.3631533698567564,5.410320451914373,39.375829895168216,40.96793872755286,28475.524988421123
sturman_fst,forced_swim_test,False,FST_14_cropDeepCut_resnet50_FST1Aug15shuffle1_1030000,t,,9311,25,1.0,0.0,17.290401794948806,13.928695490716107,0.8055738470337466,0.4881583344266073,1.3462142431366828,0.4573335941873923,52.16029372595415
sturman_fst,forced_swim_test,False,FST_14_cropDeepCut_resnet50_FST1Aug15shuffle1_1030000,b,,9311,25,1.0,0.0,6.321118051416827,4.467265557230949,0.7067207922544094,0.1523712774590825,0.4144619426992959,0.45293681174782774,12.85142055450163
sturman_fst,forced_swim_test,False,FST_14_cropDeepCut_resnet50_FST1Aug15shuffle1_1030000,l,,9311,25,1.0,0.0,15.244028574604863,12.366760771285227,0.8112527938898713,0.44791094493280786,0.6956768591858785,1.3608714861298399,43.510153950815265
sturman_fst,forced_swim_test,False,FST_14_cropDeepCut_resnet50_FST1Aug15shuffle1_1030000,r,,9311,25,0.9994319700494436,0.000429599398560842,26.19062909546373,22.70265365064756,0.8668235332529567,0.7444591658171819,0.724349301714732,2.31679060808393,407.8654736378515
sturman_fst,forced_swim_test,False,FST_14_cropDeepCut_resnet50_FST1Aug15shuffle1_1030000,nose,nose,9311,25,0.972509264862764,0.02749436150789389,82.38372398169166,111.24054803703294,1.3502733629976984,1.464624692759079,51.4247053525037,47.34217993269753,25076.747505877185
sturman_fst,forced_swim_test,False,FST_14_cropDeepCut_resnet50_FST1Aug15shuffle1_1030000,headcentre,head,9311,25,0.972520388436361,0.02749436150789389,74.50077597749217,85.3596720261052,1.1457554757804627,1.1983626560539784,49.251709992159896,44.606182217106095,24075.881040602144
sturman_fst,forced_swim_test,False,FST_14_cropDeepCut_resnet50_FST1Aug15shuffle1_1030000,neck,neck,9311,25,0.9724819399036356,0.02749436150789389,68.31869056645863,68.33814165108876,1.0002847110281075,1.0642169519827074,46.98334348609343,42.16061423014933,24282.558430135872
sturman_fst,forced_swim_test,False,FST_14_cropDeepCut_resnet50_FST1Aug15shuffle1_1030000,earl,,9311,25,0.9727196158028458,0.02727956180861347,73.6060136718781,78.4082782045765,1.0652428285833546,1.2438015853666082,54.93961831435674,47.00288792658306,52602.08165438926
sturman_fst,forced_swim_test,False,FST_14_cropDeepCut_resnet50_FST1Aug15shuffle1_1030000,earr,,9311,25,0.9724103174203449,0.0276017613575341,72.69370605001176,75.04531817977085,1.032349597476035,1.1962312011594503,47.5952907977313,42.708305171236994,26976.341796577493
sturman_fst,forced_swim_test,False,FST_14_cropDeepCut_resnet50_FST1Aug15shuffle1_1030000,bodycentre,body_center,9311,25,0.9721161409653983,0.027816561056814522,59.48522158349553,53.98221036912065,0.9074894390928567,0.951036653912712,41.82173121257464,37.970997517125134,24348.096238370003
sturman_fst,forced_swim_test,False,FST_14_cropDeepCut_resnet50_FST1Aug15shuffle1_1030000,bcl,,9311,25,0.9722251024682544,0.02770916120717431,64.0161224609624,54.91039499580013,0.8577588408183419,1.1068795121088941,43.04302190356389,39.69524655331242,26484.61691231739
sturman_fst,forced_swim_test,False,FST_14_cropDeepCut_resnet50_FST1Aug15shuffle1_1030000,bcr,,9311,25,0.9721542426056207,0.027816561056814522,63.579382664165216,57.03411765478417,0.8970536558375534,1.0785739667628476,41.60486320387095,37.57641015198661,27568.804828867716
sturman_fst,forced_swim_test,False,FST_14_cropDeepCut_resnet50_FST1Aug15shuffle1_1030000,hipl,,9311,25,0.972195324746946,0.02770916120717431,71.95121527430561,61.83129040887188,0.8593501885012963,1.5368304669126862,39.17883858498966,37.460247832662425,27853.663626034777
sturman_fst,forced_swim_test,False,FST_14_cropDeepCut_resnet50_FST1Aug15shuffle1_1030000,hipr,,9311,25,0.9716640022122096,0.02835356030501557,71.43186676992937,64.03164043303718,0.8964016107723023,1.5163967057325127,35.7541573953273,33.79913364008037,21092.076392550334
sturman_fst,forced_swim_test,False,FST_14_cropDeepCut_resnet50_FST1Aug15shuffle1_1030000,tailbase,tail_base,9311,25,0.9709782491320763,0.028997959402856835,75.80582355575652,63.32991101640394,0.8354227689357359,1.5529619367139116,30.891529538310778,31.50649897038558,17093.196375878528
sturman_fst,forced_swim_test,False,FST_14_cropDeepCut_resnet50_FST1Aug15shuffle1_1030000,tailcentre,,9311,25,0.9660434111298225,0.0337235527870261,106.37960784274199,91.65392324072347,0.8615741785419336,2.759291493924104,28.527893207498312,27.466028718393627,19767.988071912427
sturman_fst,forced_swim_test,False,FST_14_cropDeepCut_resnet50_FST1Aug15shuffle1_1030000,tailtip,,9311,25,0.95513906199199,0.04263774030716357,179.47758519881407,197.09275749472937,1.0981469205550225,4.738514396587408,36.029447856718846,35.968472902140455,24434.887144805612
sturman_fst,forced_swim_test,False,FST_15_cropDeepCut_resnet50_FST1Aug15shuffle1_1030000,t,,9359,25,1.0,0.0,16.90927721257678,14.190849080754043,0.8392345161979589,0.49400487496185014,1.5983808479977375,0.4211930827499514,49.777861339091196
sturman_fst,forced_swim_test,False,FST_15_cropDeepCut_resnet50_FST1Aug15shuffle1_1030000,b,,9359,25,0.99946579657784,0.0005342451116572283,9.436375595715756,6.987988603491602,0.7405373527802608,0.2465468324362124,0.5195817774928511,0.43935192779064774,25.84963661098379
sturman_fst,forced_swim_test,False,FST_15_cropDeepCut_resnet50_FST1Aug15shuffle1_1030000,l,,9359,25,1.0,0.0,15.493462667672539,12.713386521740665,0.8205645693565605,0.46637985199235427,0.5788803115505162,1.2182030557527015,46.898945172563124
sturman_fst,forced_swim_test,False,FST_15_cropDeepCut_resnet50_FST1Aug15shuffle1_1030000,r,,9359,25,0.9999999961724125,0.0,36.6565621763907,37.069039068360496,1.011252470703198,1.1642225451089092,0.7835625466083888,3.136299230171622,181.36274693079997
sturman_fst,forced_swim_test,False,FST_15_cropDeepCut_resnet50_FST1Aug15shuffle1_1030000,nose,nose,9359,25,0.9707032084172067,0.029276632118816114,86.59209964539369,99.74216288199594,1.1518621593708147,1.4593138795228966,53.667353865330455,46.14329844017761,42962.80330702441
sturman_fst,forced_swim_test,False,FST_15_cropDeepCut_resnet50_FST1Aug15shuffle1_1030000,headcentre,head,9359,25,0.9706005607994846,0.02938348114114756,79.6506259902904,85.48071713412412,1.0731957981666638,1.2699326390049013,51.87750415643329,43.46209806205292,42219.99620920904
sturman_fst,forced_swim_test,False,FST_15_cropDeepCut_resnet50_FST1Aug15shuffle1_1030000,neck,neck,9359,25,0.9702249444127147,0.029704028208141896,73.86689940436165,74.47884028275818,1.0082843720709957,1.1861599424920648,49.96224201034308,41.40941848947645,42667.728626999604
sturman_fst,forced_swim_test,False,FST_15_cropDeepCut_resnet50_FST1Aug15shuffle1_1030000,earl,,9359,25,0.970231476754431,0.029704028208141896,80.92875769755126,80.6775208524065,0.9968955801090672,1.3859350685184804,51.89889710679104,43.561870455888354,44765.111863705475
sturman_fst,forced_swim_test,False,FST_15_cropDeepCut_resnet50_FST1Aug15shuffle1_1030000,earr,,9359,25,0.9702372451676353,0.029704028208141896,76.31955409201328,85.52342282217921,1.1205964688822665,1.3071715048056047,49.91326969763054,41.11554202536304,43846.03686273122
sturman_fst,forced_swim_test,False,FST_15_cropDeepCut_resnet50_FST1Aug15shuffle1_1030000,bodycentre,body_center,9359,25,0.9701729102934104,0.02981087723047334,62.1385174989468,51.14831605652287,0.8231338325281062,1.0064968978795186,46.319693452234674,37.31336218970395,41719.86137953745
sturman_fst,forced_swim_test,False,FST_15_cropDeepCut_resnet50_FST1Aug15shuffle1_1030000,bcl,,9359,25,0.9701157463884644,0.02981087723047334,69.32769208558094,53.705811089027726,0.7746660746001912,1.194062115599484,47.82098671581862,39.56150814774225,45749.804031753345
sturman_fst,forced_swim_test,False,FST_15_cropDeepCut_resnet50_FST1Aug15shuffle1_1030000,bcr,,9359,25,0.9700410127041112,0.029917726252804786,63.49984525089626,55.764716477796284,0.8781866515967486,1.1634415568207728,45.492440035277426,35.96127782558357,43948.32313043513
sturman_fst,forced_swim_test,False,FST_15_cropDeepCut_resnet50_FST1Aug15shuffle1_1030000,hipl,,9359,25,0.9696997984159527,0.030238273319799124,80.05535953133034,70.48822209750536,0.8804934798889911,1.750397805255352,45.826990696173304,39.1489356802628,49696.93473347157
sturman_fst,forced_swim_test,False,FST_15_cropDeepCut_resnet50_FST1Aug15shuffle1_1030000,hipr,,9359,25,0.9689834190906527,0.030772518431456352,72.394916603981,69.51964333518713,0.9602834922164167,1.5743852466747243,43.78758479397785,34.31147838262442,46856.01321506797
sturman_fst,forced_swim_test,False,FST_15_cropDeepCut_resnet50_FST1Aug15shuffle1_1030000,tailbase,tail_base,9359,25,0.9667463687823005,0.03280264985575382,83.92382393650658,71.69867379611125,0.8543303966982678,1.7638040943956688,32.009466001605105,29.650395127253805,17626.367838496997
sturman_fst,forced_swim_test,False,FST_15_cropDeepCut_resnet50_FST1Aug15shuffle1_1030000,tailcentre,,9359,25,0.9587117604897794,0.04049577946361791,122.78212847391552,117.87492797055994,0.9600332673464111,3.2711173636374427,28.474154387661933,28.078685675968988,22381.30302557086
sturman_fst,forced_swim_test,False,FST_15_cropDeepCut_resnet50_FST1Aug15shuffle1_1030000,tailtip,,9359,25,0.9529723162763916,0.04476974035687573,239.93416429991436,341.601845623449,1.4237315749517498,6.731703709123347,34.80380388800961,37.141880144784324,25885.779501966575
sturman_fst,forced_swim_test,False,FST_16_cropDeepCut_resnet50_FST1Aug15shuffle1_1030000,t,,9431,25,1.0,0.0,16.56384227492636,15.371620366101324,0.9280226236741116,0.4659021504021482,1.4433984187678446,0.452843644587812,62.73129893796978
sturman_fst,forced_swim_test,False,FST_16_cropDeepCut_resnet50_FST1Aug15shuffle1_1030000,b,,9431,25,0.9999995764979703,0.0,7.393627664499072,5.991893909405448,0.8104132614326619,0.18326265006420434,0.4837160619988773,0.5167737318902197,51.44205551839195
sturman_fst,forced_swim_test,False,FST_16_cropDeepCut_resnet50_FST1Aug15shuffle1_1030000,l,,9431,25,1.0,0.0,19.08292326182614,17.298681473636446,0.9065006045609938,0.5663471378740565,0.6329411061548572,1.66441296750882,61.083643645947845
sturman_fst,forced_swim_test,False,FST_16_cropDeepCut_resnet50_FST1Aug15shuffle1_1030000,r,,9431,25,0.9999999999810397,0.0,22.368743755727134,20.629898497149025,0.922264509908702,0.6037326625353626,0.8773555428566917,2.0676576174210726,115.38201671816735
sturman_fst,forced_swim_test,False,FST_16_cropDeepCut_resnet50_FST1Aug15shuffle1_1030000,nose,nose,9431,25,0.967342802928647,0.03265825469197328,65.71259331808776,67.31876641571841,1.024442394015038,1.0621058772912932,48.03843907337759,50.20358963274001,33110.82722951959
sturman_fst,forced_swim_test,False,FST_16_cropDeepCut_resnet50_FST1Aug15shuffle1_1030000,headcentre,head,9431,25,0.9673443128582074,0.03265825469197328,60.65313121506824,62.09502189082483,1.0237727326993857,0.9259283295003627,45.753498811640085,47.47022260823682,33003.34053104379
sturman_fst,forced_swim_test,False,FST_16_cropDeepCut_resnet50_FST1Aug15shuffle1_1030000,neck,neck,9431,25,0.9671452709111944,0.03276428798642774,56.92766721737392,59.53622339107887,1.0458222917117679,0.8945229078556294,43.502129795892046,45.135740474380576,33697.896728544816
sturman_fst,forced_swim_test,False,FST_16_cropDeepCut_resnet50_FST1Aug15shuffle1_1030000,earl,,9431,25,0.9671288075692048,0.0328703212808822,61.62186554626341,64.67446421253047,1.0495375892827405,1.0108839614088563,46.491690543240196,47.909922668907946,44964.30014478353
sturman_fst,forced_swim_test,False,FST_16_cropDeepCut_resnet50_FST1Aug15shuffle1_1030000,earr,,9431,25,0.9672746265911624,0.03265825469197328,59.60398937770149,65.56384256260687,1.0999908436856245,1.0077959822986513,44.83718469559172,46.34040722897219,36961.38861636589
sturman_fst,forced_swim_test,False,FST_16_cropDeepCut_resnet50_FST1Aug15shuffle1_1030000,bodycentre,body_center,9431,25,0.9668500449912518,0.03308238786979111,49.03479528964565,54.06450029738355,1.102574202217583,0.8367125130581718,49.518762437555004,43.39720538797084,61326.56825083364
sturman_fst,forced_swim_test,False,FST_16_cropDeepCut_resnet50_FST1Aug15shuffle1_1030000,bcl,,9431,25,0.9669109432072367,0.03308238786979111,52.7369522699133,56.444063622776106,1.0702943798096145,0.9613492906135344,39.5455528218879,41.47144219161804,38364.516383265225
sturman_fst,forced_swim_test,False,FST_16_cropDeepCut_resnet50_FST1Aug15shuffle1_1030000,bcr,,9431,25,0.9669108443770349,0.03308238786979111,51.34971463946771,53.83842153434986,1.0484658369059234,0.9539983242665144,42.88820525798244,41.8574610669408,46855.80384134937
sturman_fst,forced_swim_test,False,FST_16_cropDeepCut_resnet50_FST1Aug15shuffle1_1030000,hipl,,9431,25,0.9664162437927937,0.03340048775315449,60.06547551643587,67.9793839345838,1.1317546951906245,1.3045428345123142,42.76974359643639,40.96039053824048,57154.54265765787
sturman_fst,forced_swim_test,False,FST_16_cropDeepCut_resnet50_FST1Aug15shuffle1_1030000,hipr,,9431,25,0.9667240583736108,0.03318842116424557,57.426902784223714,60.27144773807545,1.0495333165457286,1.2346158924662103,42.65585240780389,38.87156676466743,51213.19342973727
sturman_fst,forced_swim_test,False,FST_16_cropDeepCut_resnet50_FST1Aug15shuffle1_1030000,tailbase,tail_base,9431,25,0.9654996966920038,0.034460820697699075,64.80482859330094,64.6930873469665,0.9982757265351984,1.3278486400662064,42.314360656843355,38.95197823631226,54553.49259572834
sturman_fst,forced_swim_test,False,FST_16_cropDeepCut_resnet50_FST1Aug15shuffle1_1030000,tailcentre,,9431,25,0.9642988960988927,0.03541512034778921,95.70954992773001,106.67513547658909,1.1145714879773143,2.5890328414631227,26.66959562637476,26.615999128414785,18882.771733235582
sturman_fst,forced_swim_test,False,FST_16_cropDeepCut_resnet50_FST1Aug15shuffle1_1030000,tailtip,,9431,25,0.9577874704814642,0.040504718481603225,166.56822779170403,225.09243219744474,1.3513527470492517,4.442621718187145,40.09738892312022,37.845769428078185,23983.749175343237
sturman_fst,forced_swim_test,False,FST_17_cropDeepCut_resnet50_FST1Aug15shuffle1_1030000,t,,9071,25,1.0,0.0,18.40632253188553,14.989355105468686,0.8143590377438197,0.514412277819888,1.3656559902578222,0.42999928747787336,59.80809760970038
sturman_fst,forced_swim_test,False,FST_17_cropDeepCut_resnet50_FST1Aug15shuffle1_1030000,b,,9071,25,1.0,0.0,6.660374872256791,4.930822331006318,0.7403220427644737,0.16474019573740772,0.3397890368602322,0.43901419933795593,10.86417453796912
sturman_fst,forced_swim_test,False,FST_17_cropDeepCut_resnet50_FST1Aug15shuffle1_1030000,l,,9071,25,1.0,0.0,13.578798489127418,11.042199029093869,0.8131941156601881,0.388472836759222,0.6085923812121428,1.1596905075758392,42.665254406684305
sturman_fst,forced_swim_test,False,FST_17_cropDeepCut_resnet50_FST1Aug15shuffle1_1030000,r,,9071,25,0.9999999999934291,0.0,23.370907972136493,19.603506952194998,0.8387995440984533,0.6392724539249769,0.8319156410400386,1.84743722717249,141.22316298969645
sturman_fst,forced_swim_test,False,FST_17_cropDeepCut_resnet50_FST1Aug15shuffle1_1030000,nose,nose,9071,25,0.9999976135998153,0.0,80.86098204192248,104.90966318288818,1.2974077303253333,1.428240826146035,42.61539749431511,46.392461825023,25675.500195525135
sturman_fst,forced_swim_test,False,FST_17_cropDeepCut_resnet50_FST1Aug15shuffle1_1030000,headcentre,head,9071,25,0.9999366989111824,0.0,72.47932333707388,75.58881382061762,1.0429017592932357,1.1632355053130603,40.5238560737659,43.22902661616226,22803.91000613308
sturman_fst,forced_swim_test,False,FST_17_cropDeepCut_resnet50_FST1Aug15shuffle1_1030000,neck,neck,9071,25,0.9999997741646967,0.0,66.47708333280096,57.596169538551216,0.8664063862460744,1.038599045074336,38.38900994850767,40.70617906481619,20462.238770946744
sturman_fst,forced_swim_test,False,FST_17_cropDeepCut_resnet50_FST1Aug15shuffle1_1030000,earl,,9071,25,0.9999988568011803,0.0,67.97642048027605,63.52792336971867,0.9345582324116618,1.1185296555602764,37.94559313163428,39.74402508189851,24551.492120643867
sturman_fst,forced_swim_test,False,FST_17_cropDeepCut_resnet50_FST1Aug15shuffle1_1030000,earr,,9071,25,0.9999934000159924,0.0,74.37149859622541,72.86268086512133,0.979712419951416,1.24759510864404,41.182447878508384,43.800334885285174,24571.98511687432
sturman_fst,forced_swim_test,False,FST_17_cropDeepCut_resnet50_FST1Aug15shuffle1_1030000,bodycentre,body_center,9071,25,0.9997082743212612,0.00011024142872891633,57.6234894936654,46.138049124660085,0.8006812765084641,0.8890240039194509,34.19242912145525,35.68191062435093,16176.10490193198
sturman_fst,forced_swim_test,False,FST_17_cropDeepCut_resnet50_FST1Aug15shuffle1_1030000,bcl,,9071,25,0.9994450575684308,0.0005512071436445816,55.67003338174057,47.44008349518648,0.8521655298799683,0.9996125794688369,31.464199998785833,33.22856482707199,20339.153076682625
sturman_fst,forced_swim_test,False,FST_17_cropDeepCut_resnet50_FST1Aug15shuffle1_1030000,bcr,,9071,25,0.9998903926172404,0.0,67.25987953920028,51.29586957106497,0.7626518204090568,1.0941881279160726,37.751588221111,38.916676600430556,20462.58425375983
sturman_fst,forced_swim_test,False,FST_17_cropDeepCut_resnet50_FST1Aug15shuffle1_1030000,hipl,,9071,25,0.9994395135709567,0.00033072428618674895,64.05043240806623,59.54925946157327,0.9297245502135579,1.3926465934854202,28.89100073212148,30.180072214044564,20537.83827518503
sturman_fst,forced_swim_test,False,FST_17_cropDeepCut_resnet50_FST1Aug15shuffle1_1030000,hipr,,9071,25,0.9995361030029496,0.00033072428618674895,76.0911690801464,62.72620276867325,0.8243558815951966,1.490284803651185,37.550638542273184,37.74422402458931,21259.161538155753
sturman_fst,forced_swim_test,False,FST_17_cropDeepCut_resnet50_FST1Aug15shuffle1_1030000,tailbase,tail_base,9071,25,0.9981427256491439,0.0018741042883915775,76.21582502916338,62.815094550610645,0.824173910425754,1.5170640570735001,32.06151571476141,33.21140855658507,17661.650228673312
sturman_fst,forced_swim_test,False,FST_17_cropDeepCut_resnet50_FST1Aug15shuffle1_1030000,tailcentre,,9071,25,0.9790428854207222,0.01807959431154228,112.0412451153218,102.28160043129387,0.9128923935646865,2.908114931372456,34.86798032277296,34.99142445590998,23851.66331795835
sturman_fst,forced_swim_test,False,FST_17_cropDeepCut_resnet50_FST1Aug15shuffle1_1030000,tailtip,,9071,25,0.9468930693120077,0.04409657149156653,215.82655253158404,293.77772421675513,1.361175076795816,6.144672280262065,44.4104391215468,43.233406982016966,30882.753225391232
sturman_fst,forced_swim_test,False,FST_18_cropDeepCut_resnet50_FST1Aug15shuffle1_1030000,t,,9334,25,1.0,0.0,14.558819733547699,12.840644031359927,0.8819838603929822,0.40465661607002645,1.552634991917538,0.5753337052280372,64.17834435495452
sturman_fst,forced_swim_test,False,FST_18_cropDeepCut_resnet50_FST1Aug15shuffle1_1030000,b,,9334,25,0.9990748000752883,0.0008570816370259267,8.018663137795194,6.671475642649299,0.8319935041545695,0.20383022367015646,0.7837572960498086,0.4514746253218098,76.33297581327204
sturman_fst,forced_swim_test,False,FST_18_cropDeepCut_resnet50_FST1Aug15shuffle1_1030000,l,,9334,25,1.0,0.0,14.612507501257188,12.497794396484892,0.8552806145974361,0.42855859701192184,0.502917312890382,1.4227541484967385,35.66424481223581
sturman_fst,forced_swim_test,False,FST_18_cropDeepCut_resnet50_FST1Aug15shuffle1_1030000,r,,9334,25,0.999999999897828,0.0,20.137076530890518,18.8313757394996,0.935159366882876,0.5641394000995937,0.7364349863588286,1.9559715096432617,122.06921625335212
sturman_fst,forced_swim_test,False,FST_18_cropDeepCut_resnet50_FST1Aug15shuffle1_1030000,nose,nose,9334,25,0.9700109710051208,0.030319262909792158,62.91871033041219,76.84655415363515,1.2213625128373118,1.1161505074713967,46.24015666164628,50.4606074393219,35827.57555590029
sturman_fst,forced_swim_test,False,FST_18_cropDeepCut_resnet50_FST1Aug15shuffle1_1030000,headcentre,head,9334,25,0.9699172859168139,0.030104992500535676,57.05906302687004,61.879454682563534,1.0844807362753834,0.9346046875609136,48.65574996451814,48.15321085573795,47332.162669599915
sturman_fst,forced_swim_test,False,FST_18_cropDeepCut_resnet50_FST1Aug15shuffle1_1030000,neck,neck,9334,25,0.9697554640891799,0.030212127705163915,52.766506193624664,53.23547702515031,1.0088876612335251,0.8794362780411039,42.254024004464604,45.64311655538683,36812.926854684345
sturman_fst,forced_swim_test,False,FST_18_cropDeepCut_resnet50_FST1Aug15shuffle1_1030000,earl,,9334,25,0.9703025966467631,0.029783586886650955,58.63932656324255,61.50692698666726,1.0489023423611799,1.0516782737433252,47.508529696601165,47.35110722904735,50289.33721011707
sturman_fst,forced_swim_test,False,FST_18_cropDeepCut_resnet50_FST1Aug15shuffle1_1030000,earr,,9334,25,0.9699218181718818,0.029997857295907437,55.61114976657126,66.19015916756243,1.190231805049828,1.0007563648286115,47.829252762864904,46.73305978963407,49528.07854079738
sturman_fst,forced_swim_test,False,FST_18_cropDeepCut_resnet50_FST1Aug15shuffle1_1030000,bodycentre,body_center,9334,25,0.9696742829972271,0.03053353331904864,46.122447112748425,45.18250069295135,0.9796206298963424,0.8168989386101294,31.971400993213262,36.1759155545917,38030.32258285687
sturman_fst,forced_swim_test,False,FST_18_cropDeepCut_resnet50_FST1Aug15shuffle1_1030000,bcl,,9334,25,0.9754462573451406,0.022819798585815298,52.37950605268454,50.87168839535102,0.9712135953359904,0.9835108421793368,32.655537281961365,36.49643467621887,42960.97741414108
sturman_fst,forced_swim_test,False,FST_18_cropDeepCut_resnet50_FST1Aug15shuffle1_1030000,bcr,,9334,25,0.9693288716445879,0.03064066852367688,47.33063546558436,45.62962078603966,0.9640610217291175,0.9191523170179489,39.39145348497096,41.46562051391206,40141.43038287155
sturman_fst,forced_swim_test,False,FST_18_cropDeepCut_resnet50_FST1Aug15shuffle1_1030000,hipl,,9334,25,0.9854284262335323,0.012320548532247696,62.259977939695624,69.93931060878954,1.1233430033742067,1.4732867733683117,29.27296181736539,31.90225499121864,23831.032690882108
sturman_fst,forced_swim_test,False,FST_18_cropDeepCut_resnet50_FST1Aug15shuffle1_1030000,hipr,,9334,25,0.9697041155146613,0.030426398114420397,54.09967230097326,55.08625389268098,1.0182363690896141,1.2059157925447657,37.78845007490611,38.5436392283709,42810.64571463998
sturman_fst,forced_swim_test,False,FST_18_cropDeepCut_resnet50_FST1Aug15shuffle1_1030000,tailbase,tail_base,9334,25,0.9756250512984368,0.023355474608956504,65.0887972906316,60.98075819428746,0.9368856198402145,1.457298656598515,25.70804164692319,29.18647807455802,20586.986637774804
sturman_fst,forced_swim_test,False,FST_18_cropDeepCut_resnet50_FST1Aug15shuffle1_1030000,tailcentre,,9334,25,0.977825640115463,0.018855796014570388,101.91490625072213,108.49462731234436,1.064560929344677,2.70705919670922,25.84408737216212,28.342936986155692,22432.8111000137
sturman_fst,forced_swim_test,False,FST_18_cropDeepCut_resnet50_FST1Aug15shuffle1_1030000,tailtip,,9334,25,0.9651572714692038,0.028926505249625027,182.20349773826095,241.14424824320375,1.323488578630979,4.711992855225254,38.112046149320804,39.35273867100745,27508.587367453707
sturman_fst,forced_swim_test,False,FST_19_cropDeepCut_resnet50_FST1Aug15shuffle1_1030000,t,,9384,25,1.0,0.0,15.849571747444864,14.232037202729131,0.8979445898923737,0.4512979973233647,1.6625160873695883,0.4602873194451726,56.454105791341725
sturman_fst,forced_swim_test,False,FST_19_cropDeepCut_resnet50_FST1Aug15shuffle1_1030000,b,,9384,25,0.9999999986407295,0.0,9.563432931476683,7.14292238296065,0.7468994067444896,0.25078169612400764,0.42385716109357846,0.44000599515904926,26.091197513347474
sturman_fst,forced_swim_test,False,FST_19_cropDeepCut_resnet50_FST1Aug15shuffle1_1030000,l,,9384,25,1.0,0.0,15.641042249348972,13.853328419351353,0.8857036633813818,0.46291616487715187,0.6312293846136013,1.6562815365214676,72.24788518873436
sturman_fst,forced_swim_test,False,FST_19_cropDeepCut_resnet50_FST1Aug15shuffle1_1030000,r,,9384,25,0.9999999999428344,0.0,22.969605027246523,20.813859450706587,0.9061479039808132,0.6405113920661604,0.9243929981218393,2.058173701421334,125.1471415268667
sturman_fst,forced_swim_test,False,FST_19_cropDeepCut_resnet50_FST1Aug15shuffle1_1030000,nose,nose,9384,25,0.9669289375287746,0.033034953111679456,80.61631542808561,94.30310037517168,1.1697768606070251,1.2091907084760096,55.77035634072908,53.74117846898388,56449.64568597951
sturman_fst,forced_swim_test,False,FST_19_cropDeepCut_resnet50_FST1Aug15shuffle1_1030000,headcentre,head,9384,25,0.9668760839548003,0.033034953111679456,74.01306819272888,73.56842675722994,0.9939923928793075,1.0345960285987033,55.82777119804948,51.840294905682214,60451.52545992518
sturman_fst,forced_swim_test,False,FST_19_cropDeepCut_resnet50_FST1Aug15shuffle1_1030000,neck,neck,9384,25,0.9663454967202382,0.033674339300937765,70.95394139095238,77.3708488256581,1.0904376460124874,1.0300265248030671,50.47929198710187,48.78714919366024,48487.57561554235
sturman_fst,forced_swim_test,False,FST_19_cropDeepCut_resnet50_FST1Aug15shuffle1_1030000,earl,,9384,25,0.9669137039179743,0.033034953111679456,73.92558556412794,78.3960770371218,1.0604728584681395,1.1281473187617035,53.4671886433458,51.122386264525346,62131.557751512984
sturman_fst,forced_swim_test,False,FST_19_cropDeepCut_resnet50_FST1Aug15shuffle1_1030000,earr,,9384,25,0.9664984824451898,0.03346121057118499,73.60098478412743,79.60335713635848,1.0815528809816346,1.1487381227506017,52.20736668663121,49.908171057600406,51079.616061866756
sturman_fst,forced_swim_test,False,FST_19_cropDeepCut_resnet50_FST1Aug15shuffle1_1030000,bodycentre,body_center,9384,25,0.9664244313310683,0.03356777493606138,62.020928300131324,59.83482443643304,0.964752158285679,0.902249079321988,51.85900033807079,47.57065683737558,60323.25817821193
sturman_fst,forced_swim_test,False,FST_19_cropDeepCut_resnet50_FST1Aug15shuffle1_1030000,bcl,,9384,25,0.9663573866305144,0.03356777493606138,64.33514008154998,64.92443006897156,1.0091596907487044,0.9896170826024719,51.093880776081605,47.26152423891368,64472.38477693642
sturman_fst,forced_swim_test,False,FST_19_cropDeepCut_resnet50_FST1Aug15shuffle1_1030000,bcr,,9384,25,0.966247547395648,0.033674339300937765,64.91358175512072,59.36918503570593,0.9145880327428179,1.018212709492451,49.907471756040415,47.22421479274505,54473.13581761288
sturman_fst,forced_swim_test,False,FST_19_cropDeepCut_resnet50_FST1Aug15shuffle1_1030000,hipl,,9384,25,0.9652572792223499,0.034526854219948847,69.29701669375058,74.7032053110086,1.078014738226755,1.3832909868429073,42.19585908799517,45.25567150460388,50558.546673354154
sturman_fst,forced_swim_test,False,FST_19_cropDeepCut_resnet50_FST1Aug15shuffle1_1030000,hipr,,9384,25,0.9653020789060751,0.034526854219948847,68.62988788844086,64.96495750458183,0.946598624934133,1.3200714429752518,50.68459429987009,46.749196183080414,61514.65222033967
sturman_fst,forced_swim_test,False,FST_19_cropDeepCut_resnet50_FST1Aug15shuffle1_1030000,tailbase,tail_base,9384,25,0.964517461004185,0.03516624040920716,73.45622845633797,69.45410772880443,0.9455169314891742,1.3888948368308505,49.157482015542364,45.58185645574452,61030.346384421864
sturman_fst,forced_swim_test,False,FST_19_cropDeepCut_resnet50_FST1Aug15shuffle1_1030000,tailcentre,,9384,25,0.9561945228136358,0.04219948849104859,103.19867533996846,99.26831725007486,0.9619146459298457,2.695950412628361,32.70332570509184,34.73429384641621,21046.12405909256
sturman_fst,forced_swim_test,False,FST_19_cropDeepCut_resnet50_FST1Aug15shuffle1_1030000,tailtip,,9384,25,0.9392336090424838,0.0559462915601023,224.53730777755698,358.7855330031538,1.5978882821494986,6.439827599068532,39.083787732144835,41.31424281419889,28613.289874305312
sturman_fst,forced_swim_test,False,FST_1_cropDeepCut_resnet50_FST1Aug15shuffle1_1030000,t,,9377,25,1.0,0.0,19.16595033982588,16.450531141338704,0.8583206597981906,0.5483825866610016,1.6073450397916562,0.5037762450863092,61.799119187338725
sturman_fst,forced_swim_test,False,FST_1_cropDeepCut_resnet50_FST1Aug15shuffle1_1030000,b,,9377,25,1.0,0.0,8.610279589003069,6.742589510938436,0.7830860126249535,0.22226396624131653,0.40038063457638906,0.41421551945623664,15.7031592815065
sturman_fst,forced_swim_test,False,FST_1_cropDeepCut_resnet50_FST1Aug15shuffle1_1030000,l,,9377,25,1.0,0.0,17.48349641732392,15.102957786769327,0.8638408145755226,0.5115752212876132,0.6554170425673904,2.134037837854011,59.84291414618019
sturman_fst,forced_swim_test,False,FST_1_cropDeepCut_resnet50_FST1Aug15shuffle1_1030000,r,,9377,25,0.9999999941456886,0.0,24.19525712965588,21.105316258600006,0.8722914637981439,0.6465075511914373,0.8259393259215074,2.112423779197383,160.70245183742563
sturman_fst,forced_swim_test,False,FST_1_cropDeepCut_resnet50_FST1Aug15shuffle1_1030000,nose,nose,9377,25,0.9736069957463995,0.026341047243254773,98.1677889133172,137.24161644806674,1.398031044269032,1.527205044482935,52.47286930066916,52.60524978314264,45459.30395855457
sturman_fst,forced_swim_test,False,FST_1_cropDeepCut_resnet50_FST1Aug15shuffle1_1030000,headcentre,head,9377,25,0.9735759460806555,0.026447691159219366,87.79168571409203,94.45413652938484,1.0758893141315247,1.2565852193900438,50.7044191229374,49.80923108334892,45619.58766214973
sturman_fst,forced_swim_test,False,FST_1_cropDeepCut_resnet50_FST1Aug15shuffle1_1030000,neck,neck,9377,25,0.9733524048418661,0.02655433507518396,81.62815936127531,79.11045816384453,0.9691564624618353,1.141786673164434,48.704667315103514,47.49085837648651,45596.90082579506
sturman_fst,forced_swim_test,False,FST_1_cropDeepCut_resnet50_FST1Aug15shuffle1_1030000,earl,,9377,25,0.9736518793533488,0.026341047243254773,86.71226373792224,92.61004675045704,1.068015558103294,1.327687220704131,53.8201507490512,50.37822688036403,65006.87657487332
sturman_fst,forced_swim_test,False,FST_1_cropDeepCut_resnet50_FST1Aug15shuffle1_1030000,earr,,9377,25,0.9734717337125601,0.02655433507518396,85.06346264308539,88.52191561888702,1.04065732652235,1.2491471829809666,49.53386281498965,48.363949013058864,48074.45452087925
sturman_fst,forced_swim_test,False,FST_1_cropDeepCut_resnet50_FST1Aug15shuffle1_1030000,bodycentre,body_center,9377,25,0.9733267946990553,0.026660978991148554,70.1262905602684,62.26521292803539,0.8879011342332874,1.051766353002555,48.33469469333288,44.805370573104966,59191.12484576703
sturman_fst,forced_swim_test,False,FST_1_cropDeepCut_resnet50_FST1Aug15shuffle1_1030000,bcl,,9377,25,0.9733550448089415,0.026660978991148554,73.38084881790965,66.23619936697857,0.9026360478786486,1.1567715515258143,49.83000700151767,45.06293196835867,65926.2825824148
sturman_fst,forced_swim_test,False,FST_1_cropDeepCut_resnet50_FST1Aug15shuffle1_1030000,bcr,,9377,25,0.9731310826858453,0.026874266823077742,72.35933625566877,63.319672797124916,0.8750726039470039,1.144324920851717,45.579368535046655,43.86025610104176,51316.866885824216
sturman_fst,forced_swim_test,False,FST_1_cropDeepCut_resnet50_FST1Aug15shuffle1_1030000,hipl,,9377,25,0.9732506559152421,0.02655433507518396,77.89024620569708,76.18865429531456,0.9781539795639,1.6390690445754779,43.31512561624435,42.8297206048986,57722.57511910565
sturman_fst,forced_swim_test,False,FST_1_cropDeepCut_resnet50_FST1Aug15shuffle1_1030000,hipr,,9377,25,0.9720931038001434,0.027620774234829903,77.20277536394947,75.82646081615837,0.9821727322456625,1.5360079198582801,44.12155674166392,42.264132694644324,54175.673764987034
sturman_fst,forced_swim_test,False,FST_1_cropDeepCut_resnet50_FST1Aug15shuffle1_1030000,tailbase,tail_base,9377,25,0.9713004247630165,0.028473925562546656,81.7282722530529,74.88805639654824,0.9163053901919582,1.5616279368853259,30.7413933491257,35.121271387974566,18888.250598397197
sturman_fst,forced_swim_test,False,FST_1_cropDeepCut_resnet50_FST1Aug15shuffle1_1030000,tailcentre,,9377,25,0.9652471646000687,0.03412605310867015,117.52379406263816,147.6421684228558,1.2562746939923082,3.138154531903548,27.850185276885338,33.83715446904464,81076.10108171565
sturman_fst,forced_swim_test,False,FST_1_cropDeepCut_resnet50_FST1Aug15shuffle1_1030000,tailtip,,9377,25,0.9528525630758047,0.04500373253705876,206.35623973513216,249.91146038208848,1.2110681058293244,5.248594842400055,38.67693414904033,37.78361841749118,27004.65941342035
sturman_fst,forced_swim_test,False,FST_20_cropDeepCut_resnet50_FST1Aug15shuffle1_1030000,t,,9444,25,1.0,0.0,20.3220770539369,16.375685743019993,0.8058076789866127,0.5741835396337299,1.6811590381304784,0.4897968019784953,50.737086696538775
sturman_fst,forced_swim_test,False,FST_20_cropDeepCut_resnet50_FST1Aug15shuffle1_1030000,b,,9444,25,1.0,0.0,8.104194692024342,5.647452903550681,0.6968555320010467,0.19895695870696103,0.3749315610855888,0.5243492538745552,16.370887515796984
sturman_fst,forced_swim_test,False,FST_20_cropDeepCut_resnet50_FST1Aug15shuffle1_1030000,l,,9444,25,1.0,0.0,18.391460506963753,15.426757548558179,0.8388000258444391,0.5385139506447636,0.7967786349784266,1.7175166750421051,57.525210823712314
sturman_fst,forced_swim_test,False,FST_20_cropDeepCut_resnet50_FST1Aug15shuffle1_1030000,r,,9444,25,0.9999999988955091,0.0,28.173999330418365,22.742538810236045,0.8072172694943531,0.7530002002719509,0.9191053361692438,2.051641466391391,148.10755445586386
sturman_fst,forced_swim_test,False,FST_20_cropDeepCut_resnet50_FST1Aug15shuffle1_1030000,nose,nose,9444,25,0.9618840196289434,0.03811944091486658,108.43061168297419,80.43175196668363,0.7417808561464848,1.5037565139524263,52.66060509259738,55.390619465922924,36144.19853438193
sturman_fst,forced_swim_test,False,FST_20_cropDeepCut_resnet50_FST1Aug15shuffle1_1030000,headcentre,head,9444,25,0.9618856449884058,0.03811944091486658,102.10616913781162,74.54769150631726,0.7300997788458896,1.334663608094545,51.10781331275184,52.24311606289101,35048.21927542396
sturman_fst,forced_swim_test,False,FST_20_cropDeepCut_resnet50_FST1Aug15shuffle1_1030000,neck,neck,9444,25,0.9618795319274541,0.03811944091486658,97.05041528553562,71.52151981408328,0.7369522284233114,1.2509743875041412,49.45325114692586,50.225170707182265,35652.29902679757
sturman_fst,forced_swim_test,False,FST_20_cropDeepCut_resnet50_FST1Aug15shuffle1_1030000,earl,,9444,25,0.9620925392742533,0.037907666243117324,106.60152751894549,81.43993203337735,0.7639659011349874,1.4570044893505507,59.80345201236441,56.9463283274152,61347.180564774884
sturman_fst,forced_swim_test,False,FST_20_cropDeepCut_resnet50_FST1Aug15shuffle1_1030000,earr,,9444,25,0.9618797590171114,0.03811944091486658,93.60988850449857,68.76352043390442,0.7345753908317055,1.203033209371168,47.231084628644645,47.98339254070673,37334.93229029883
sturman_fst,forced_swim_test,False,FST_20_cropDeepCut_resnet50_FST1Aug15shuffle1_1030000,bodycentre,body_center,9444,25,0.961425142229386,0.0385429902583651,85.04042660942392,62.316647824794664,0.7327885137618645,1.1919419814163892,45.60511800990352,46.57558839465052,37764.6502090531
sturman_fst,forced_swim_test,False,FST_20_cropDeepCut_resnet50_FST1Aug15shuffle1_1030000,bcl,,9444,25,0.961436914260334,0.0385429902583651,95.10378600703754,69.24645203798406,0.7281145677298264,1.295814848902734,48.74235981576638,51.527053507346174,41656.95722481795
sturman_fst,forced_swim_test,False,FST_20_cropDeepCut_resnet50_FST1Aug15shuffle1_1030000,bcr,,9444,25,0.9613757346366635,0.0385429902583651,79.18497038094236,59.18360434791908,0.7474095660224297,1.2453039767158203,42.50699909907005,42.49502588679351,38269.46743203428
sturman_fst,forced_swim_test,False,FST_20_cropDeepCut_resnet50_FST1Aug15shuffle1_1030000,hipl,,9444,25,0.9611307248245958,0.03875476493011436,100.23309689869197,79.66427961335764,0.7947901649080669,1.879075815813384,49.30855050940172,51.63400919920239,49409.11891400855
sturman_fst,forced_swim_test,False,FST_20_cropDeepCut_resnet50_FST1Aug15shuffle1_1030000,hipr,,9444,25,0.9612115240012473,0.03875476493011436,78.94846236972897,62.36416645257936,0.7899351625180164,1.5828733528646037,40.74649429532223,40.15588702408468,42961.85770447772
sturman_fst,forced_swim_test,False,FST_20_cropDeepCut_resnet50_FST1Aug15shuffle1_1030000,tailbase,tail_base,9444,25,0.9600819745138508,0.03991952562473528,90.19666754385408,64.21811609912768,0.7119788108347186,1.6243223555069808,33.54950851749405,33.526767356106554,15971.467592458723
sturman_fst,forced_swim_test,False,FST_20_cropDeepCut_resnet50_FST1Aug15shuffle1_1030000,tailcentre,,9444,25,0.9569856007881258,0.04246082168572639,122.04930769487054,104.83076999815383,0.8589214636123629,3.231340350138942,32.495072420319964,33.13428158507501,17975.052236297026
sturman_fst,forced_swim_test,False,FST_20_cropDeepCut_resnet50_FST1Aug15shuffle1_1030000,tailtip,,9444,25,0.945463964856817,0.05241423125794155,208.03017744077562,195.0547210865112,0.9376270476048677,5.42189936536759,41.244960054423586,45.14746325812791,30352.42776936146
sturman_fst,forced_swim_test,False,FST_21_cropDeepCut_resnet50_FST1Aug15shuffle1_1030000,t,,9289,25,1.0,0.0,16.198739449074075,14.403134595675915,0.8891515689203336,0.4605628238055369,1.2157842489427269,0.5660339621472508,43.55709679958046
sturman_fst,forced_swim_test,False,FST_21_cropDeepCut_resnet50_FST1Aug15shuffle1_1030000,b,,9289,25,1.0,0.0,7.844976564468936,6.087656077911113,0.7759941700123122,0.1983824176142244,0.4550569851513641,0.5288877063579274,18.642866110190653
sturman_fst,forced_swim_test,False,FST_21_cropDeepCut_resnet50_FST1Aug15shuffle1_1030000,l,,9289,25,1.0,0.0,16.01622998203934,13.938332766780999,0.870263025843878,0.47552666141946476,0.5984355628668123,1.3495437849352412,47.56780885206683
sturman_fst,forced_swim_test,False,FST_21_cropDeepCut_resnet50_FST1Aug15shuffle1_1030000,r,,9289,25,0.9999999996599154,0.0,20.121321636858838,19.01115060456757,0.9448261375506457,0.5244922127603121,0.9180949794989065,1.7724775774095562,199.92651001847418
sturman_fst,forced_swim_test,False,FST_21_cropDeepCut_resnet50_FST1Aug15shuffle1_1030000,nose,nose,9289,25,0.9751808833307208,0.02476046937237593,80.40266685574872,131.59014975993435,1.6366391179041566,1.612983770883856,46.02415152502431,44.30110400185789,33704.15121434781
sturman_fst,forced_swim_test,False,FST_21_cropDeepCut_resnet50_FST1Aug15shuffle1_1030000,headcentre,head,9289,25,0.9751221899972664,0.024868123587038434,70.57111883622811,92.93647376013921,1.3169193756983446,1.1971950876131148,43.61992676467353,41.91086611360368,31897.86847940971
sturman_fst,forced_swim_test,False,FST_21_cropDeepCut_resnet50_FST1Aug15shuffle1_1030000,neck,neck,9289,25,0.9749362705270804,0.02508343201636344,64.87455286629071,75.86433286411796,1.1694004738726702,1.093333103043103,41.34474632569704,39.83407870980636,32612.64794211976
sturman_fst,forced_swim_test,False,FST_21_cropDeepCut_resnet50_FST1Aug15shuffle1_1030000,earl,,9289,25,0.9752586422611815,0.024652815157713424,70.51595357518306,85.22904108539991,1.2086490611593301,1.2653848163921644,49.413453914868825,43.75483350289317,61799.87975982934
sturman_fst,forced_swim_test,False,FST_21_cropDeepCut_resnet50_FST1Aug15shuffle1_1030000,earr,,9289,25,0.9749444277490067,0.024975777801700936,69.07661380264607,91.44939309497153,1.3238835556740687,1.269576449774168,42.02467890885646,40.203557364229525,33939.698255574
sturman_fst,forced_swim_test,False,FST_21_cropDeepCut_resnet50_FST1Aug15shuffle1_1030000,bodycentre,body_center,9289,25,0.9744862927111272,0.02551404887501346,55.22419949518206,55.78573218271938,1.0101682358942352,0.9097013022252447,36.83056148231176,36.578193012323005,33826.06264467024
sturman_fst,forced_swim_test,False,FST_21_cropDeepCut_resnet50_FST1Aug15shuffle1_1030000,bcl,,9289,25,0.9744873798911211,0.02551404887501346,60.162882481311726,58.38166403668028,0.9703933991995024,1.0518131172355607,37.71978073367432,38.03959810820038,36837.36975403812
sturman_fst,forced_swim_test,False,FST_21_cropDeepCut_resnet50_FST1Aug15shuffle1_1030000,bcr,,9289,25,0.9744330388677814,0.02551404887501346,58.862337172787626,59.885685599605075,1.0173854535169655,1.0381500723760366,36.48972554993332,36.036209596295755,34217.49294867936
sturman_fst,forced_swim_test,False,FST_21_cropDeepCut_resnet50_FST1Aug15shuffle1_1030000,hipl,,9289,25,0.9740333333860135,0.025837011519000967,69.41110517690343,70.95812491421253,1.0222877842582438,1.5091889583837954,35.80809257591283,35.639157612613765,38375.005180219196
sturman_fst,forced_swim_test,False,FST_21_cropDeepCut_resnet50_FST1Aug15shuffle1_1030000,hipr,,9289,25,0.9738420671533237,0.025837011519000967,68.1353628604728,76.09614600462257,1.1168377595706331,1.4574188239075985,33.586719595737264,33.88070157432141,34299.17179237256
sturman_fst,forced_swim_test,False,FST_21_cropDeepCut_resnet50_FST1Aug15shuffle1_1030000,tailbase,tail_base,9289,25,0.9725374994364965,0.027021207880288514,76.12195169934401,78.00234269158791,1.0247023486690254,1.6022441148324986,32.54866483919777,32.43596123336141,31469.656018228674
sturman_fst,forced_swim_test,False,FST_21_cropDeepCut_resnet50_FST1Aug15shuffle1_1030000,tailcentre,,9289,25,0.9560681572160906,0.04220045214770158,110.68991530017055,119.75147791724939,1.081864392004507,2.9263139581934112,30.424698207759057,31.217686392134897,30168.34450993264
sturman_fst,forced_swim_test,False,FST_21_cropDeepCut_resnet50_FST1Aug15shuffle1_1030000,tailtip,,9289,25,0.9435920843762106,0.053504144687264506,187.66930114106938,250.29557506260565,1.3337054784173819,4.876133581475454,37.425436566905745,38.70541801744064,30875.88837233431
sturman_fst,forced_swim_test,False,FST_22_cropDeepCut_resnet50_FST1Aug15shuffle1_1030000,t,,9339,25,1.0,0.0,13.243509489421113,12.751792945716016,0.9628711298845763,0.36137464525142265,1.310122081290579,0.4522282880642873,58.829787626135314
sturman_fst,forced_swim_test,False,FST_22_cropDeepCut_resnet50_FST1Aug15shuffle1_1030000,b,,9339,25,0.9994105168444044,0.0005353892279687332,6.821182766959132,5.385191341291615,0.7894805820739387,0.16702947862236583,0.4057148293752879,0.4859369408635162,49.027965213374955
sturman_fst,forced_swim_test,False,FST_22_cropDeepCut_resnet50_FST1Aug15shuffle1_1030000,l,,9339,25,1.0,0.0,16.56077009858651,14.46354970028011,0.8733621452491873,0.4979039617388196,0.54958298502355,1.4439989527450774,52.76021877041785
sturman_fst,forced_swim_test,False,FST_22_cropDeepCut_resnet50_FST1Aug15shuffle1_1030000,r,,9339,25,0.9999999999680883,0.0,20.361179804219276,18.992276167438966,0.9327689431583605,0.5596011429102842,0.7504765693275893,1.836710620433001,118.23859336360312
sturman_fst,forced_swim_test,False,FST_22_cropDeepCut_resnet50_FST1Aug15shuffle1_1030000,nose,nose,9339,25,0.9741491974804231,0.025805760788092942,77.09792549511694,109.31738729445459,1.4179030965155903,1.4149239706851575,40.469185137177654,44.665719040200244,32201.405674254478
sturman_fst,forced_swim_test,False,FST_22_cropDeepCut_resnet50_FST1Aug15shuffle1_1030000,headcentre,head,9339,25,0.9741515650242705,0.025805760788092942,67.90351046202424,79.70523041868768,1.1738013230297375,1.1140807866983196,38.64266006811102,44.627223318188996,34782.676636768156
sturman_fst,forced_swim_test,False,FST_22_cropDeepCut_resnet50_FST1Aug15shuffle1_1030000,neck,neck,9339,25,0.9738593576443069,0.026126994324874184,61.511943057421085,68.24386301940184,1.10944086021956,0.9880146728045308,40.07728462442233,42.18710331143753,44059.61157149198
sturman_fst,forced_swim_test,False,FST_22_cropDeepCut_resnet50_FST1Aug15shuffle1_1030000,earl,,9339,25,0.9742097161364819,0.025805760788092942,64.95538371543624,72.1280442931629,1.110424420078087,1.1155468451223172,36.74751355539587,43.24452206850088,36500.663525786564
sturman_fst,forced_swim_test,False,FST_22_cropDeepCut_resnet50_FST1Aug15shuffle1_1030000,earr,,9339,25,0.9740428341342596,0.02591283863368669,68.45047606238182,79.78927692917233,1.1656497006165008,1.2119180300141021,41.7198463693089,44.41659126244117,48976.088038220834
sturman_fst,forced_swim_test,False,FST_22_cropDeepCut_resnet50_FST1Aug15shuffle1_1030000,bodycentre,body_center,9339,25,0.9735735404898618,0.026341150016061677,51.32335161724475,51.6695330681752,1.006745106077876,0.8320429556327342,34.08349594295936,38.70417825599672,36754.76792868823
sturman_fst,forced_swim_test,False,FST_22_cropDeepCut_resnet50_FST1Aug15shuffle1_1030000,bcl,,9339,25,0.9733742179369209,0.02655530570724917,52.2283596841619,52.60178684723298,1.007149892612544,0.968753157059117,33.52237009880848,38.173814719402536,37224.71487734101
sturman_fst,forced_swim_test,False,FST_22_cropDeepCut_resnet50_FST1Aug15shuffle1_1030000,bcr,,9339,25,0.9739151666877688,0.026126994324874184,58.77196896195567,57.33390040156697,0.9755313870576704,1.007324539167948,35.195842187940045,40.20132274206988,39709.08580104659
sturman_fst,forced_swim_test,False,FST_22_cropDeepCut_resnet50_FST1Aug15shuffle1_1030000,hipl,,9339,25,0.9732845459878924,0.026769461398436663,60.39251130739664,62.57703488645422,1.036172093720998,1.3493676836264838,30.430617271773926,36.05270686313895,34940.71872729523
sturman_fst,forced_swim_test,False,FST_22_cropDeepCut_resnet50_FST1Aug15shuffle1_1030000,hipr,,9339,25,0.9738273074245514,0.02591283863368669,67.99529219027,65.60622185598567,0.9648641801906072,1.4145817761502393,31.865431811812996,37.33657667066889,31325.51722534718
sturman_fst,forced_swim_test,False,FST_22_cropDeepCut_resnet50_FST1Aug15shuffle1_1030000,tailbase,tail_base,9339,25,0.9723955442555929,0.026876539244030412,73.02547487339626,72.90324663012913,0.9983262246020442,1.5280448623867664,28.383173821647297,29.66911077142531,19713.493360141718
sturman_fst,forced_swim_test,False,FST_22_cropDeepCut_resnet50_FST1Aug15shuffle1_1030000,tailcentre,,9339,25,0.9497542381669561,0.04807795267159225,111.23490127820094,119.58696569830609,1.0750849268002356,2.963891406815349,29.695412983835553,27.731380716095153,20761.97225643132
sturman_fst,forced_swim_test,False,FST_22_cropDeepCut_resnet50_FST1Aug15shuffle1_1030000,tailtip,,9339,25,0.9272181376366483,0.06681657565049791,194.39601032707458,263.4479511006148,1.3552127466883663,5.398033011608457,40.08659120960801,37.7117335819151,42967.03199765127
sturman_fst,forced_swim_test,False,FST_23_cropDeepCut_resnet50_FST1Aug15shuffle1_1030000,t,,9572,25,1.0,0.0,18.10074255438527,15.67774966105811,0.8661384810017011,0.5056221436173955,1.6182924143882136,0.5122221702450325,59.22022071490315
sturman_fst,forced_swim_test,False,FST_23_cropDeepCut_resnet50_FST1Aug15shuffle1_1030000,b,,9572,25,0.999791047645198,0.0002089427496865859,7.061459491625568,5.191864632019361,0.7352395971649451,0.17513348429101602,0.39079976024975144,0.4851688053311213,18.313284523560416
sturman_fst,forced_swim_test,False,FST_23_cropDeepCut_resnet50_FST1Aug15shuffle1_1030000,l,,9572,25,1.0,0.0,19.17413098997819,16.41353839406554,0.8560251519427118,0.5677536108013908,0.6036596922238396,1.7176645952008212,54.428513046356784
sturman_fst,forced_swim_test,False,FST_23_cropDeepCut_resnet50_FST1Aug15shuffle1_1030000,r,,9572,25,1.0,0.0,22.35209392965538,18.05263896980404,0.8076486716017649,0.5759346014578053,0.9426954056897279,1.8256854922144314,105.67633400815879
sturman_fst,forced_swim_test,False,FST_23_cropDeepCut_resnet50_FST1Aug15shuffle1_1030000,nose,nose,9572,25,0.9628972957977878,0.037087338069368994,88.16643129634426,134.3486201759558,1.5238069433068506,1.6351278093792776,53.37571169139428,51.40253888499266,50264.27906607017
sturman_fst,forced_swim_test,False,FST_23_cropDeepCut_resnet50_FST1Aug15shuffle1_1030000,headcentre,head,9572,25,0.9628119548705647,0.037191809444212284,77.17867444462367,86.43532824555636,1.1199379733785713,1.1948625888598183,50.44473114987028,49.381479572202785,47603.02879613037
sturman_fst,forced_swim_test,False,FST_23_cropDeepCut_resnet50_FST1Aug15shuffle1_1030000,neck,neck,9572,25,0.9627363886536289,0.037191809444212284,71.03198625700172,68.99652991840107,0.9713445104683383,1.0797876983035612,42.52258739012511,47.363856504091146,31758.019897792004
sturman_fst,forced_swim_test,False,FST_23_cropDeepCut_resnet50_FST1Aug15shuffle1_1030000,earl,,9572,25,0.9627300646799009,0.037191809444212284,74.43252786982106,84.409106661863,1.134035200436703,1.2610694102624747,48.4540712994968,47.087818591731384,48366.27982215074
sturman_fst,forced_swim_test,False,FST_23_cropDeepCut_resnet50_FST1Aug15shuffle1_1030000,earr,,9572,25,0.9626097123162347,0.03729628081905558,78.32325774987139,82.73734453756019,1.0563572930250855,1.307119497402763,44.29032427711291,48.47340064114738,34188.15609446886
sturman_fst,forced_swim_test,False,FST_23_cropDeepCut_resnet50_FST1Aug15shuffle1_1030000,bodycentre,body_center,9572,25,0.9616939463172803,0.038236523192645214,60.94258188791376,53.04956428868107,0.8704843583137056,0.9995198644599645,38.04952106334109,43.45806293549398,30840.48111816798
sturman_fst,forced_swim_test,False,FST_23_cropDeepCut_resnet50_FST1Aug15shuffle1_1030000,bcl,,9572,25,0.961617760500348,0.03834099456748851,61.07018730388114,51.09334345698341,0.8366331546151378,1.0681279001208575,37.009673682045914,43.45347172805431,32184.011768628643
sturman_fst,forced_swim_test,False,FST_23_cropDeepCut_resnet50_FST1Aug15shuffle1_1030000,bcr,,9572,25,0.9619271976712156,0.038132051817801924,67.9905480195472,60.17573251213397,0.8850602659480479,1.1499779425418903,38.88651634530038,43.88714471420928,30570.0843426221
sturman_fst,forced_swim_test,False,FST_23_cropDeepCut_resnet50_FST1Aug15shuffle1_1030000,hipl,,9572,25,0.9619589180370728,0.03771416631842875,67.37398950078396,62.748313751394846,0.931343300527939,1.509993324501001,35.66158489372502,40.91767377576803,38982.83548808193
sturman_fst,forced_swim_test,False,FST_23_cropDeepCut_resnet50_FST1Aug15shuffle1_1030000,hipr,,9572,25,0.96119326496605,0.03834099456748851,77.19766989381972,74.48721014025143,0.9648893579651259,1.6432738565180738,38.26403890198087,41.61120002926872,34977.294306549935
sturman_fst,forced_swim_test,False,FST_23_cropDeepCut_resnet50_FST1Aug15shuffle1_1030000,tailbase,tail_base,9572,25,0.9602775558972528,0.03917676556623485,78.06902787048737,73.26553563687654,0.9384712175284212,1.6342259539823745,35.89376691974183,38.639818156532314,35619.05324209762
sturman_fst,forced_swim_test,False,FST_23_cropDeepCut_resnet50_FST1Aug15shuffle1_1030000,tailcentre,,9572,25,0.9507113231857401,0.0473255328040117,121.0892454528936,112.46525411621512,0.9287798738490496,3.130911152673553,35.09342934691389,35.265931779611705,40041.53159218092
sturman_fst,forced_swim_test,False,FST_23_cropDeepCut_resnet50_FST1Aug15shuffle1_1030000,tailtip,,9572,25,0.933314685875957,0.06445883827831174,228.0476174032849,265.8031944075187,1.1655600590532191,5.810458279802227,37.394051473791336,37.38897643697096,40038.738927108236
sturman_fst,forced_swim_test,False,FST_24_cropDeepCut_resnet50_FST1Aug15shuffle1_1030000,t,,9285,25,1.0,0.0,17.42804401636547,14.287875659135535,0.8198209532704176,0.47668569119651205,1.3984306152926265,0.4714129061139309,61.22705601494312
sturman_fst,forced_swim_test,False,FST_24_cropDeepCut_resnet50_FST1Aug15shuffle1_1030000,b,,9285,25,0.9992462082260966,0.0007539041464728056,8.288979853082031,5.620995308223512,0.6781287212483088,0.19995245445895068,0.43300172389766944,0.4648502861860265,16.44162827982609
sturman_fst,forced_swim_test,False,FST_24_cropDeepCut_resnet50_FST1Aug15shuffle1_1030000,l,,9285,25,1.0,0.0,18.565266289845564,15.908693517831548,0.8569062931530882,0.5428276309565723,0.6498508626214092,1.6452713553975709,48.32637447129764
sturman_fst,forced_swim_test,False,FST_24_cropDeepCut_resnet50_FST1Aug15shuffle1_1030000,r,,9285,25,0.9999999999935806,0.0,21.91441935884563,17.319103934770542,0.7903063116194217,0.5720390973686937,0.7666532152358155,1.4994641094751022,88.12408031276128
sturman_fst,forced_swim_test,False,FST_24_cropDeepCut_resnet50_FST1Aug15shuffle1_1030000,nose,nose,9285,25,0.9756619179929272,0.024340333871836296,99.17233354972495,162.67265055172908,1.6403027409873854,1.9129017565945867,51.875027521013756,51.9863980302881,51183.7551081397
sturman_fst,forced_swim_test,False,FST_24_cropDeepCut_resnet50_FST1Aug15shuffle1_1030000,headcentre,head,9285,25,0.9754400820807866,0.02455573505654281,89.99737805508234,130.87650900213745,1.4542257989120004,1.6357951197997793,50.31413577400161,49.066998906267386,51530.52787178258
sturman_fst,forced_swim_test,False,FST_24_cropDeepCut_resnet50_FST1Aug15shuffle1_1030000,neck,neck,9285,25,0.9752923273404696,0.02466343564889607,83.34508931867765,109.33398852574172,1.3118228010734154,1.5045201926099372,48.54424626477989,46.64733694283523,52037.45901135116
sturman_fst,forced_swim_test,False,FST_24_cropDeepCut_resnet50_FST1Aug15shuffle1_1030000,earl,,9285,25,0.9753259381460899,0.02466343564889607,89.49712334998581,114.34120753527816,1.2775964551188703,1.6277041404115682,49.01973221224453,48.80929200963913,54488.870053079016
sturman_fst,forced_swim_test,False,FST_24_cropDeepCut_resnet50_FST1Aug15shuffle1_1030000,earr,,9285,25,0.9753698610238767,0.02455573505654281,89.19423691236568,136.44690108495757,1.5297726154551685,1.8204546929826806,49.758642637387815,46.82801606524628,54268.673735964665
sturman_fst,forced_swim_test,False,FST_24_cropDeepCut_resnet50_FST1Aug15shuffle1_1030000,bodycentre,body_center,9285,25,0.9752302527202993,0.024771136241249325,66.53731131842623,61.40227655087848,0.9228247329836771,1.1201179633896603,44.34751758395319,41.67058483446301,53117.543236861005
sturman_fst,forced_swim_test,False,FST_24_cropDeepCut_resnet50_FST1Aug15shuffle1_1030000,bcl,,9285,25,0.9752264482363874,0.024771136241249325,75.03052445913546,67.4181330125988,0.89854273975277,1.2630400449205579,44.14374071618507,43.11301620445208,56490.52589236525
sturman_fst,forced_swim_test,False,FST_24_cropDeepCut_resnet50_FST1Aug15shuffle1_1030000,bcr,,9285,25,0.9751331789941639,0.024771136241249325,69.42040456042585,61.45701376074786,0.8852874619486496,1.2684488312899986,44.60050268057986,40.92837605443067,53844.237934208926
sturman_fst,forced_swim_test,False,FST_24_cropDeepCut_resnet50_FST1Aug15shuffle1_1030000,hipl,,9285,25,0.9742166557328702,0.02552504038772213,88.65220597949823,87.64835392198087,0.9886765135009781,1.980530352432029,34.29625855127614,38.17348949593263,36270.6431683375
sturman_fst,forced_swim_test,False,FST_24_cropDeepCut_resnet50_FST1Aug15shuffle1_1030000,hipr,,9285,25,0.9736854319554474,0.02563274098007539,76.55897363808141,71.12170875126155,0.9289793915926363,1.6969768688757783,42.880083641967474,37.745384506419946,59106.70013097099
sturman_fst,forced_swim_test,False,FST_24_cropDeepCut_resnet50_FST1Aug15shuffle1_1030000,tailbase,tail_base,9285,25,0.9707848974691646,0.02832525578890684,88.82486450828651,83.66183655385584,0.9418740688993789,1.9489722635656361,26.301495343510886,26.510732264760218,17672.49163834005
sturman_fst,forced_swim_test,False,FST_24_cropDeepCut_resnet50_FST1Aug15shuffle1_1030000,tailcentre,,9285,25,0.9671855401145429,0.032094776521270865,118.75672539834993,109.45759687160937,0.9216959839912379,3.163869475693899,23.093768524412546,23.69656933456063,18853.048200424797
sturman_fst,forced_swim_test,False,FST_24_cropDeepCut_resnet50_FST1Aug15shuffle1_1030000,tailtip,,9285,25,0.9623368652809289,0.035648896068928376,236.69962619799261,300.4461961360918,1.2693141977536415,6.521038946017667,41.51439981523543,34.31186358364821,35377.58184753684
sturman_fst,forced_swim_test,False,FST_25_cropDeepCut_resnet50_FST1Aug15shuffle1_1030000,t,,9295,25,1.0,0.0,16.45933140716651,13.949691911176544,0.8475248213972257,0.45752985448813355,1.4765121140477508,0.4836414767434509,60.40020257924015
sturman_fst,forced_swim_test,False,FST_25_cropDeepCut_resnet50_FST1Aug15shuffle1_1030000,b,,9295,25,1.0,0.0,6.793045121534114,5.2581564760837685,0.7740499852437736,0.17393468329501408,0.3527619444782374,0.4713871445592253,13.635196765134303
sturman_fst,forced_swim_test,False,FST_25_cropDeepCut_resnet50_FST1Aug15shuffle1_1030000,l,,9295,25,1.0,0.0,18.35875893977718,16.177016387275764,0.881160673242769,0.5694043228509499,0.5217610089349128,1.8684686166914044,50.90356565667394
sturman_fst,forced_swim_test,False,FST_25_cropDeepCut_resnet50_FST1Aug15shuffle1_1030000,r,,9295,25,1.0,0.0,22.673583052409327,19.056395685248205,0.8404668834740368,0.6081406066343319,0.8013016699096891,1.9209932425801641,136.22952029567296
sturman_fst,forced_swim_test,False,FST_25_cropDeepCut_resnet50_FST1Aug15shuffle1_1030000,nose,nose,9295,25,0.9795086117955291,0.020441097364174286,83.70235936314677,107.28792506567021,1.2817789830773625,1.4461532880683574,53.15041618409139,48.65248820650255,39799.90949495466
sturman_fst,forced_swim_test,False,FST_25_cropDeepCut_resnet50_FST1Aug15shuffle1_1030000,headcentre,head,9295,25,0.9796229044810105,0.02033351264120495,76.74238657341782,92.93586016652772,1.2110108157454544,1.2861759667998443,51.364250073136134,45.423158831033426,37357.15041589455
sturman_fst,forced_swim_test,False,FST_25_cropDeepCut_resnet50_FST1Aug15shuffle1_1030000,neck,neck,9295,25,0.9794241446105942,0.020548682087143624,71.67654642820295,83.80216103021418,1.1691713008823217,1.1965745227101334,49.7370003864413,42.73672729182189,36408.43953702847
sturman_fst,forced_swim_test,False,FST_25_cropDeepCut_resnet50_FST1Aug15shuffle1_1030000,earl,,9295,25,0.9795665405526348,0.020441097364174286,78.36647455537981,92.82542350469635,1.1845042670523442,1.3947149880521628,50.428279733197016,43.76586564403229,38818.32854562386
sturman_fst,forced_swim_test,False,FST_25_cropDeepCut_resnet50_FST1Aug15shuffle1_1030000,earr,,9295,25,0.9794947166286405,0.02033351264120495,75.07387257920445,99.31169362471947,1.3228529475410187,1.4100154312371582,50.81368335144803,43.978340968077454,40430.39158312089
sturman_fst,forced_swim_test,False,FST_25_cropDeepCut_resnet50_FST1Aug15shuffle1_1030000,bodycentre,body_center,9295,25,0.9791017456904991,0.020871436256051642,60.74326496613993,60.464033974260964,0.9954030954372535,1.043702051425379,45.97754122582031,37.123514296248935,32485.030732079533
sturman_fst,forced_swim_test,False,FST_25_cropDeepCut_resnet50_FST1Aug15shuffle1_1030000,bcl,,9295,25,0.9790021621103631,0.02097902097902098,66.95957877218072,66.89044422478425,0.9989675181853862,1.1917364443151317,45.11336417366536,37.307124301684446,35691.770221248706
sturman_fst,forced_swim_test,False,FST_25_cropDeepCut_resnet50_FST1Aug15shuffle1_1030000,bcr,,9295,25,0.9790111023133131,0.02097902097902098,63.35944679437753,59.121161736511986,0.933107290667796,1.195323753445343,46.89393311645406,38.20959193031336,37166.90475167028
sturman_fst,forced_swim_test,False,FST_25_cropDeepCut_resnet50_FST1Aug15shuffle1_1030000,hipl,,9295,25,0.9778200323925408,0.021732114039806346,79.13237182189316,86.66647569617997,1.0952088721824762,1.7689857233953283,39.80119468300177,34.41986172183217,34523.29165947951
sturman_fst,forced_swim_test,False,FST_25_cropDeepCut_resnet50_FST1Aug15shuffle1_1030000,hipr,,9295,25,0.978275510147735,0.021624529316837008,70.25837524852146,65.04441777057966,0.9257888122305884,1.515842596834805,41.37547274670337,35.238427474951436,33864.63993335289
sturman_fst,forced_swim_test,False,FST_25_cropDeepCut_resnet50_FST1Aug15shuffle1_1030000,tailbase,tail_base,9295,25,0.9770924580744866,0.02270037654653039,81.40593387503189,70.60968233063006,0.8673775850176303,1.734643973958997,30.687202386496647,29.850398628885724,16654.663911916286
sturman_fst,forced_swim_test,False,FST_25_cropDeepCut_resnet50_FST1Aug15shuffle1_1030000,tailcentre,,9295,25,0.9745392315165852,0.02474448628294782,120.02812450512027,118.0338012563456,0.9833845337749187,3.2154601745633746,39.09338638406981,34.573996747950275,63935.502588479176
sturman_fst,forced_swim_test,False,FST_25_cropDeepCut_resnet50_FST1Aug15shuffle1_1030000,tailtip,,9295,25,0.9644541357973047,0.033674018289402904,191.0644555461899,242.50995968278409,1.2692573246527123,4.967967789810401,35.905043394375646,35.138365471064276,28543.959747014705
sturman_fst,forced_swim_test,False,FST_26_cropDeepCut_resnet50_FST1Aug15shuffle1_1030000,t,,9379,25,1.0,0.0,18.74797559626846,15.120795552448746,0.8065295090024729,0.5206354204680727,1.744266861621053,0.5036006398946659,54.34141195859536
sturman_fst,forced_swim_test,False,FST_26_cropDeepCut_resnet50_FST1Aug15shuffle1_1030000,b,,9379,25,1.0,0.0,7.713575534599368,5.620077111963258,0.7285955892639298,0.18531214939907162,0.43866271320753836,0.5042324566623797,16.531113983946994
sturman_fst,forced_swim_test,False,FST_26_cropDeepCut_resnet50_FST1Aug15shuffle1_1030000,l,,9379,25,1.0,0.0,21.276386469968013,17.678000520941787,0.830874196889335,0.6306061795687827,0.5045306111367875,1.71238046289426,56.16107971536326
sturman_fst,forced_swim_test,False,FST_26_cropDeepCut_resnet50_FST1Aug15shuffle1_1030000,r,,9379,25,0.9999999698259032,0.0,23.396390982446604,17.78302656081279,0.7600756276536282,0.6025790882026625,0.8974557047880379,1.7172784302032265,135.20521074902348
sturman_fst,forced_swim_test,False,FST_26_cropDeepCut_resnet50_FST1Aug15shuffle1_1030000,nose,nose,9379,25,0.9658502807100136,0.0341187759889114,81.33878000032394,91.62995573378763,1.1265223763304872,1.298744318529384,52.33406855157328,51.23823369065567,49581.17022081771
sturman_fst,forced_swim_test,False,FST_26_cropDeepCut_resnet50_FST1Aug15shuffle1_1030000,headcentre,head,9379,25,0.9658086785109443,0.0341187759889114,74.36140184324611,72.6631360346851,0.9771619984768313,1.1063919300256904,50.990406764555324,48.47868550424452,49538.20871694221
sturman_fst,forced_swim_test,False,FST_26_cropDeepCut_resnet50_FST1Aug15shuffle1_1030000,neck,neck,9379,25,0.9648253072463496,0.03507836656359953,69.34939751500977,66.32575457585145,0.9563998672302251,1.0661356007371132,46.38422341551335,44.87633421264772,39582.09507435886
sturman_fst,forced_swim_test,False,FST_26_cropDeepCut_resnet50_FST1Aug15shuffle1_1030000,earl,,9379,25,0.9659771314719959,0.03401215481394605,74.27302440263166,64.75806881766907,0.8718921753693195,1.2156201344509268,50.510540896475206,48.944880282840444,52319.50525240644
sturman_fst,forced_swim_test,False,FST_26_cropDeepCut_resnet50_FST1Aug15shuffle1_1030000,earr,,9379,25,0.9652873515250243,0.03454526068877279,72.37814129773504,71.67305618241627,0.9902583141446211,1.1780614609284634,49.659848898501906,45.46707552488718,50359.360967341374
sturman_fst,forced_swim_test,False,FST_26_cropDeepCut_resnet50_FST1Aug15shuffle1_1030000,bodycentre,body_center,9379,25,0.9641347265895566,0.03582471478835697,58.77930487275684,47.421798577459704,0.8067771247059926,0.9404755380903124,35.968302751986656,34.411021193812246,14897.69430986275
sturman_fst,forced_swim_test,False,FST_26_cropDeepCut_resnet50_FST1Aug15shuffle1_1030000,bcl,,9379,25,0.9639836784008533,0.03603795713828766,63.48672598559154,49.04918473709445,0.7725896079162481,1.0966904098184527,37.52344507794313,36.86040668282815,19600.464899676233
sturman_fst,forced_swim_test,False,FST_26_cropDeepCut_resnet50_FST1Aug15shuffle1_1030000,bcr,,9379,25,0.9639901360992379,0.03603795713828766,60.72925508207262,52.14115513737631,0.8585838088563755,1.0660447904478134,35.199601422552504,33.24391125892533,18764.86201270321
sturman_fst,forced_swim_test,False,FST_26_cropDeepCut_resnet50_FST1Aug15shuffle1_1030000,hipl,,9379,25,0.9638525975520759,0.03614457831325301,70.7573569021308,60.63329069971555,0.8569185361683519,1.5411771444876816,33.645037170641466,33.381823849020975,20470.89981650611
sturman_fst,forced_swim_test,False,FST_26_cropDeepCut_resnet50_FST1Aug15shuffle1_1030000,hipr,,9379,25,0.9638872696419415,0.03603795713828766,67.3243566416076,62.23421891723036,0.9243938155774155,1.3929113894452405,31.96283113658862,30.583224076177082,19250.858436767263
sturman_fst,forced_swim_test,False,FST_26_cropDeepCut_resnet50_FST1Aug15shuffle1_1030000,tailbase,tail_base,9379,25,0.9637783760295671,0.03625119948821836,73.99496063688376,66.01387569164342,0.892140155538348,1.5254294074202028,28.87168529536158,29.087471303354867,16591.90330864371
sturman_fst,forced_swim_test,False,FST_26_cropDeepCut_resnet50_FST1Aug15shuffle1_1030000,tailcentre,,9379,25,0.9585911080214194,0.040089561786970894,109.50795335070941,99.57896815759075,0.9093309217338748,2.8921065799592176,29.15643514456381,30.30501847511377,20576.247926333825
sturman_fst,forced_swim_test,False,FST_26_cropDeepCut_resnet50_FST1Aug15shuffle1_1030000,tailtip,,9379,25,0.9436115607268165,0.05309734513274336,207.41360971252902,305.44372577157174,1.4726310688816922,5.918595827001507,40.16664873589274,42.024055425278476,27069.546423423115
sturman_fst,forced_swim_test,False,FST_27_cropDeepCut_resnet50_FST1Aug15shuffle1_1030000,t,,9352,25,1.0,0.0,18.669058883445416,16.33485551912166,0.874969414425406,0.5434192557788868,1.8229096595395367,0.6117403784398247,64.59766025040044
sturman_fst,forced_swim_test,False,FST_27_cropDeepCut_resnet50_FST1Aug15shuffle1_1030000,b,,9352,25,1.0,0.0,7.563368929050783,8.727448567046386,1.1539102017785212,0.19784371943033613,1.5145817736478921,0.5535524218104203,59.58257075477362
sturman_fst,forced_swim_test,False,FST_27_cropDeepCut_resnet50_FST1Aug15shuffle1_1030000,l,,9352,25,1.0,0.0,18.564721478856264,15.985824796402085,0.8610861635930636,0.5440444417934761,0.6891663152145364,1.5986059613377877,76.7001717265345
sturman_fst,forced_swim_test,False,FST_27_cropDeepCut_resnet50_FST1Aug15shuffle1_1030000,r,,9352,25,1.0,0.0,19.56279281801625,17.172488128222447,0.8778137297660045,0.5257393382498385,0.8395751561606944,1.8000792542298671,111.05472356087739
sturman_fst,forced_swim_test,False,FST_27_cropDeepCut_resnet50_FST1Aug15shuffle1_1030000,nose,nose,9352,25,0.9919337409877491,0.006843455945252352,73.40459228184044,74.12876927233094,1.0098655542927069,1.1564992664535447,42.46938868358316,46.57200237775928,24242.733383768347
sturman_fst,forced_swim_test,False,FST_27_cropDeepCut_resnet50_FST1Aug15shuffle1_1030000,headcentre,head,9352,25,0.9911949598095782,0.00855431993156544,67.97667622555129,65.09364155497722,0.9575878841000117,1.0147290897434849,40.17272704292521,43.44759641723102,21564.357440894695
sturman_fst,forced_swim_test,False,FST_27_cropDeepCut_resnet50_FST1Aug15shuffle1_1030000,neck,neck,9352,25,0.9905345299949597,0.009302822925577417,63.24459638995183,58.8886399983827,0.9311252400962243,0.9191421836737078,37.73840773949673,40.64223455459744,19429.550943844275
sturman_fst,forced_swim_test,False,FST_27_cropDeepCut_resnet50_FST1Aug15shuffle1_1030000,earl,,9352,25,0.991801181503781,0.0069503849443969205,68.24902512345875,76.41491465985906,1.119648442181096,1.1222181509364406,40.537747312910646,43.27890691434868,29692.643200298327
sturman_fst,forced_swim_test,False,FST_27_cropDeepCut_resnet50_FST1Aug15shuffle1_1030000,earr,,9352,25,0.9913606594728547,0.00855431993156544,65.70833304555705,61.99692367807403,0.943516914895561,1.0542267667154142,37.371164987953286,40.654554076285294,23633.41059778856
sturman_fst,forced_swim_test,False,FST_27_cropDeepCut_resnet50_FST1Aug15shuffle1_1030000,bodycentre,body_center,9352,25,0.9902958984114708,0.009944396920444824,54.80488010077257,49.44014058197745,0.9021120106652785,0.8498498209184971,33.063826671021715,35.388971053835775,15203.474251729827
sturman_fst,forced_swim_test,False,FST_27_cropDeepCut_resnet50_FST1Aug15shuffle1_1030000,bcl,,9352,25,0.9906492166514321,0.008982035928143712,59.169182591139794,52.12481499915319,0.8809453285730965,0.9949052774961967,35.62814203783489,38.36319455576295,19204.225985947556
sturman_fst,forced_swim_test,False,FST_27_cropDeepCut_resnet50_FST1Aug15shuffle1_1030000,bcr,,9352,25,0.9916650388641578,0.007057313943541489,56.34829086315576,51.91877925798425,0.9213904887385357,0.9630372587113292,31.447087215097216,33.907414794860465,19781.12400282603
sturman_fst,forced_swim_test,False,FST_27_cropDeepCut_resnet50_FST1Aug15shuffle1_1030000,hipl,,9352,25,0.9918037060268982,0.007912745936698032,63.59655720237821,59.97344503909945,0.9430297437053201,1.30712325192706,34.16093293403334,35.50577950689989,20443.172152661893
sturman_fst,forced_swim_test,False,FST_27_cropDeepCut_resnet50_FST1Aug15shuffle1_1030000,hipr,,9352,25,0.9910976704627505,0.008447390932420872,60.90719070008453,57.65319487522058,0.946574521210688,1.2286160718898056,29.244188092813342,30.752373677519678,20241.211990066928
sturman_fst,forced_swim_test,False,FST_27_cropDeepCut_resnet50_FST1Aug15shuffle1_1030000,tailbase,tail_base,9352,25,0.9896105455220306,0.010265183917878529,65.42448054136091,58.07258178428127,0.8876277091350872,1.2727379380720873,30.01339887306593,29.684769742823953,16586.677617087345
sturman_fst,forced_swim_test,False,FST_27_cropDeepCut_resnet50_FST1Aug15shuffle1_1030000,tailcentre,,9352,25,0.9912178342838487,0.007698887938408896,94.75278836774345,94.62672676991649,0.9986695737402713,2.4907913670127537,33.103486331893166,30.60871620252163,21106.22367575336
sturman_fst,forced_swim_test,False,FST_27_cropDeepCut_resnet50_FST1Aug15shuffle1_1030000,tailtip,,9352,25,0.9900984749918161,0.007164242942686056,169.6621305758563,213.30040994826035,1.2572069513938662,4.594529423429592,44.38256931454914,40.29189930513366,42720.59560389848
sturman_fst,forced_swim_test,False,FST_28_cropDeepCut_resnet50_FST1Aug15shuffle1_1030000,t,,9354,25,1.0,0.0,17.690094518443964,14.352165790388824,0.8113108596127079,0.4961402037199845,1.7179259727634733,0.4848864349762884,57.42981238018808
sturman_fst,forced_swim_test,False,FST_28_cropDeepCut_resnet50_FST1Aug15shuffle1_1030000,b,,9354,25,0.9997861074482449,0.00021381227282446012,9.255835551052801,6.793272995566461,0.7339448673322382,0.23260632754862773,0.37844966851264533,0.5358599169938694,18.996679430307925
sturman_fst,forced_swim_test,False,FST_28_cropDeepCut_resnet50_FST1Aug15shuffle1_1030000,l,,9354,25,1.0,0.0,22.210914326586682,18.473310848702763,0.8317222144515694,0.6622373898007504,0.7090700300818032,1.6004421106221964,44.28797961721159
sturman_fst,forced_swim_test,False,FST_28_cropDeepCut_resnet50_FST1Aug15shuffle1_1030000,r,,9354,25,0.9998096724701713,0.00021381227282446012,24.84469866981045,19.974324555327264,0.8039672696694314,0.6636760304011778,0.9760992633673682,2.11699139747199,203.66567531741129
sturman_fst,forced_swim_test,False,FST_28_cropDeepCut_resnet50_FST1Aug15shuffle1_1030000,nose,nose,9354,25,0.968420575753807,0.03153731024160787,126.44662193510702,189.92620774370894,1.5020267432781236,2.176625618976863,56.9009472854602,47.81408635148801,44504.60015371263
sturman_fst,forced_swim_test,False,FST_28_cropDeepCut_resnet50_FST1Aug15shuffle1_1030000,headcentre,head,9354,25,0.9682579979169871,0.03153731024160787,111.92213600223253,141.5842560484203,1.2650246064424295,1.7290680962944056,56.4113084944874,45.35124220733684,50866.715961505965
sturman_fst,forced_swim_test,False,FST_28_cropDeepCut_resnet50_FST1Aug15shuffle1_1030000,neck,neck,9354,25,0.9678562367436517,0.03196493478725679,102.1549027065211,107.67424928085734,1.0540291892812297,1.5194517944544685,54.027352921706786,43.71516886865408,46515.47555897473
sturman_fst,forced_swim_test,False,FST_28_cropDeepCut_resnet50_FST1Aug15shuffle1_1030000,earl,,9354,25,0.968158572466169,0.0316442163780201,114.53792941522372,123.24153223792803,1.0759888262965882,1.7593001329135274,56.32566308568098,46.65653617379519,50934.027291576596
sturman_fst,forced_swim_test,False,FST_28_cropDeepCut_resnet50_FST1Aug15shuffle1_1030000,earr,,9354,25,0.9679657605173804,0.03207184092366902,102.25278813835962,131.31922904305753,1.2842606195282198,1.7586019368578698,53.39257223274883,42.50992017033851,48570.899368923514
sturman_fst,forced_swim_test,False,FST_28_cropDeepCut_resnet50_FST1Aug15shuffle1_1030000,bodycentre,body_center,9354,25,0.9672746225914334,0.0327132777421424,86.24125401197605,66.34435437595015,0.7692879137255717,1.2401336749048018,50.039902192047336,40.6153054824326,46089.30086924412
sturman_fst,forced_swim_test,False,FST_28_cropDeepCut_resnet50_FST1Aug15shuffle1_1030000,bcl,,9354,25,0.967300126886225,0.0327132777421424,99.3529883494747,75.34867949626363,0.7583936904970007,1.392343066833438,52.60663277021632,43.50502454996374,49912.811497900875
sturman_fst,forced_swim_test,False,FST_28_cropDeepCut_resnet50_FST1Aug15shuffle1_1030000,bcr,,9354,25,0.9672114110149734,0.0327132777421424,82.23338721577754,64.35806490958848,0.7826269485983249,1.368706620987709,49.25713175964807,38.098545990090294,49644.93897762481
sturman_fst,forced_swim_test,False,FST_28_cropDeepCut_resnet50_FST1Aug15shuffle1_1030000,hipl,,9354,25,0.965561223111016,0.03367543296985247,114.30652693471946,108.23732462469101,0.9469041491086981,2.189551186743279,42.598829491981505,41.24508645839305,29918.39402207992
sturman_fst,forced_swim_test,False,FST_28_cropDeepCut_resnet50_FST1Aug15shuffle1_1030000,hipr,,9354,25,0.9640762049124132,0.03527902501603592,88.68328146520234,79.77749697347122,0.8995776391604816,1.8746687253065193,38.17717221357267,34.02666612306901,33137.436830182254
sturman_fst,forced_swim_test,False,FST_28_cropDeepCut_resnet50_FST1Aug15shuffle1_1030000,tailbase,tail_base,9354,25,0.9613560360575782,0.0369895231986316,107.76301610622426,90.84520291494783,0.843009097160011,2.00354434124871,33.239158210852246,32.988308324511074,19199.84443204212
sturman_fst,forced_swim_test,False,FST_28_cropDeepCut_resnet50_FST1Aug15shuffle1_1030000,tailcentre,,9354,25,0.9323430864129638,0.06286080821039128,145.48418865628935,147.78610335324112,1.0158224389757577,3.782288837690719,25.938827097352643,27.51034588443728,24991.720272618706
sturman_fst,forced_swim_test,False,FST_28_cropDeepCut_resnet50_FST1Aug15shuffle1_1030000,tailtip,,9354,25,0.9276682541032416,0.0672439598032927,251.65844177500244,356.48369880704183,1.4165378132864677,7.084151310855085,30.75545625222582,32.66914848899879,29544.709949582597
sturman_fst,forced_swim_test,False,FST_29_cropDeepCut_resnet50_FST1Aug15shuffle1_1030000,t,,9248,25,1.0,0.0,18.939372451109445,15.579462622128869,0.8225965597511782,0.5234956708570243,1.6014472122380679,0.459540287199471,53.56745987063701
sturman_fst,forced_swim_test,False,FST_29_cropDeepCut_resnet50_FST1Aug15shuffle1_1030000,b,,9248,25,0.9996756432081692,0.00032439446366782005,7.358447440001782,5.481330075471626,0.7449030682306944,0.18354739515283106,0.3768270861991457,0.4613331836675901,14.042513558667874
sturman_fst,forced_swim_test,False,FST_29_cropDeepCut_resnet50_FST1Aug15shuffle1_1030000,l,,9248,25,1.0,0.0,20.977184017541965,17.965271823787553,0.8564196132695537,0.6228973267140642,0.6848068076801734,1.689743793896979,53.75500339381733
sturman_fst,forced_swim_test,False,FST_29_cropDeepCut_resnet50_FST1Aug15shuffle1_1030000,r,,9248,25,0.9999999999484389,0.0,22.424400307626968,17.917333092230127,0.7990105798341505,0.579813483314378,0.937805924501394,1.8509978586527165,129.0931073256147
sturman_fst,forced_swim_test,False,FST_29_cropDeepCut_resnet50_FST1Aug15shuffle1_1030000,nose,nose,9248,25,0.982157838534061,0.017841695501730103,79.39475004261796,101.85694520538141,1.2829178900457028,1.4444799429058741,52.3210308777868,51.01294443716001,45965.79623268633
sturman_fst,forced_swim_test,False,FST_29_cropDeepCut_resnet50_FST1Aug15shuffle1_1030000,headcentre,head,9248,25,0.9821493141514259,0.017841695501730103,71.51410484808585,78.84390826652646,1.1024945139705093,1.1851668082958915,50.29201601997308,48.22016304388808,45535.14787342892
sturman_fst,forced_swim_test,False,FST_29_cropDeepCut_resnet50_FST1Aug15shuffle1_1030000,neck,neck,9248,25,0.982106864378243,0.017841695501730103,66.32408789036623,76.4616495133657,1.1528488660071265,1.0877220197447548,48.24072196606705,46.36489357424271,59966.73190309753
sturman_fst,forced_swim_test,False,FST_29_cropDeepCut_resnet50_FST1Aug15shuffle1_1030000,earl,,9248,25,0.98215480959913,0.017841695501730103,72.39421237910499,77.26485711783481,1.0672794768900011,1.304704575953067,49.80021457295121,48.84669283968367,48466.071775072
sturman_fst,forced_swim_test,False,FST_29_cropDeepCut_resnet50_FST1Aug15shuffle1_1030000,earr,,9248,25,0.9821556791192675,0.017841695501730103,68.56693457669402,76.96619053904826,1.1224971776003698,1.190459979379221,48.24281838503449,45.70982578678411,49150.51569524987
sturman_fst,forced_swim_test,False,FST_29_cropDeepCut_resnet50_FST1Aug15shuffle1_1030000,bodycentre,body_center,9248,25,0.9817252202043277,0.018274221453287196,56.80035191340635,55.23749786315895,0.9724851343768078,0.9694050721091422,42.892748741888795,42.06305979433189,47555.37803997995
sturman_fst,forced_swim_test,False,FST_29_cropDeepCut_resnet50_FST1Aug15shuffle1_1030000,bcl,,9248,25,0.9820010370790804,0.017949826989619378,63.82064241390477,57.77434220128182,0.9052610568629182,1.1910959041644178,44.36248039813147,44.05312383135977,49083.88898325469
sturman_fst,forced_swim_test,False,FST_29_cropDeepCut_resnet50_FST1Aug15shuffle1_1030000,bcr,,9248,25,0.9816231043867535,0.018166089965397925,58.55803820090233,59.53642896834802,1.0167080523443939,1.103670720072552,41.82550607530259,39.920840849166446,54447.64173820498
sturman_fst,forced_swim_test,False,FST_29_cropDeepCut_resnet50_FST1Aug15shuffle1_1030000,hipl,,9248,25,0.9813398290812247,0.018598615916955018,74.89814958226309,66.89248593475452,0.8931126644361796,1.671586778521136,37.73164281817039,39.43840593011095,29868.931629465165
sturman_fst,forced_swim_test,False,FST_29_cropDeepCut_resnet50_FST1Aug15shuffle1_1030000,hipr,,9248,25,0.9808683962654645,0.018923010380622836,68.36986962476928,64.10986975026414,0.9376918531820366,1.516783785043465,35.36904552683627,34.857276687613115,33881.19053815997
sturman_fst,forced_swim_test,False,FST_29_cropDeepCut_resnet50_FST1Aug15shuffle1_1030000,tailbase,tail_base,9248,25,0.980426462225384,0.019355536332179932,79.93071308081718,66.2558156216913,0.8289156078802984,1.7567067425050436,30.386893228807246,28.539934358962068,16115.726140949675
sturman_fst,forced_swim_test,False,FST_29_cropDeepCut_resnet50_FST1Aug15shuffle1_1030000,tailcentre,,9248,25,0.9743771129046087,0.0247621107266436,119.58939379339326,102.06102068850495,0.8534286984080635,3.1614628057516256,26.463292356985725,26.36135920243536,18245.38614996407
sturman_fst,forced_swim_test,False,FST_29_cropDeepCut_resnet50_FST1Aug15shuffle1_1030000,tailtip,,9248,25,0.9524432095315527,0.04476643598615917,198.91370021289723,200.22491678397094,1.0065918866808587,5.06778175910969,34.650946907470654,34.98858818308296,25702.75217283305
sturman_fst,forced_swim_test,False,FST_2_cropDeepCut_resnet50_FST1Aug15shuffle1_1030000,t,,9705,25,1.0,0.0,13.42152781506183,13.012320978893273,0.9695111583564027,0.37702397422549827,1.5924678468871032,0.4462495508701081,55.458976524131685
sturman_fst,forced_swim_test,False,FST_2_cropDeepCut_resnet50_FST1Aug15shuffle1_1030000,b,,9705,25,1.0,0.0,6.7695636506147965,5.9035108496552855,0.8720666728821055,0.17542798913093957,0.4426450086599665,0.4703421307739086,22.358380500074688
sturman_fst,forced_swim_test,False,FST_2_cropDeepCut_resnet50_FST1Aug15shuffle1_1030000,l,,9705,25,1.0,0.0,17.480841945418057,16.843751359705536,0.9635549255749944,0.5357540397602513,0.5363809465780424,2.2116706049298105,56.61533904740444
sturman_fst,forced_swim_test,False,FST_2_cropDeepCut_resnet50_FST1Aug15shuffle1_1030000,r,,9705,25,0.9999999999938584,0.0,19.707709514192715,18.205228797297167,0.9237617788199324,0.5292627842549863,1.015765195796391,1.9954724110941477,122.58809642451064
sturman_fst,forced_swim_test,False,FST_2_cropDeepCut_resnet50_FST1Aug15shuffle1_1030000,nose,nose,9705,25,0.9331275378687366,0.06687274600721278,61.532520301749585,65.57654220881832,1.0657217010978461,0.9886992732083865,55.26296832022835,46.41778194979132,36206.925362036774
sturman_fst,forced_swim_test,False,FST_2_cropDeepCut_resnet50_FST1Aug15shuffle1_1030000,headcentre,head,9705,25,0.9331057247735987,0.06687274600721278,56.631179126021,60.51781477922136,1.0686306680027173,0.8726704573486527,54.40401752294277,44.00033939060248,35425.12662083965
sturman_fst,forced_swim_test,False,FST_2_cropDeepCut_resnet50_FST1Aug15shuffle1_1030000,neck,neck,9705,25,0.9328618168800163,0.06707882534775889,52.65371187981946,57.07357551989014,1.08394210934566,0.8190905499823349,53.91714756130507,42.151465392930234,35780.43019962074
sturman_fst,forced_swim_test,False,FST_2_cropDeepCut_resnet50_FST1Aug15shuffle1_1030000,earl,,9705,25,0.9331606684948353,0.06676970633693972,57.72309055440445,63.27847646210453,1.0962420039249992,0.9751551325757911,62.58611016813089,45.82811132579965,48180.688630736244
sturman_fst,forced_swim_test,False,FST_2_cropDeepCut_resnet50_FST1Aug15shuffle1_1030000,earr,,9705,25,0.9329528198360107,0.06697578567748583,54.409523050821434,57.76077590904604,1.0615931305829378,0.9048258603764175,54.49237971233357,41.402765721964016,38342.0955718867
sturman_fst,forced_swim_test,False,FST_2_cropDeepCut_resnet50_FST1Aug15shuffle1_1030000,bodycentre,body_center,9705,25,0.9326197387384791,0.06738794435857805,45.787029912697896,51.53516139922529,1.1255406060949433,0.7640571117704301,53.374641679266276,39.42027992682678,37938.75345726995
sturman_fst,forced_swim_test,False,FST_2_cropDeepCut_resnet50_FST1Aug15shuffle1_1030000,bcl,,9705,25,0.9326726273830744,0.067284904688305,51.324137991989176,56.42114240206432,1.0993100831205525,0.900262610758836,53.58536954964675,42.25623037697172,41533.65333952126
sturman_fst,forced_swim_test,False,FST_2_cropDeepCut_resnet50_FST1Aug15shuffle1_1030000,bcr,,9705,25,0.9327107725992207,0.067284904688305,47.2432822260404,52.11414118059793,1.1031016204854778,0.8905161833514674,53.37920131002497,37.36751604435551,38821.853278359325
sturman_fst,forced_swim_test,False,FST_2_cropDeepCut_resnet50_FST1Aug15shuffle1_1030000,hipl,,9705,25,0.9324526551180068,0.0674909840288511,59.68218864939199,65.3811888366338,1.0954891286028576,1.2669271122477153,53.86878153737107,42.05695964137946,45813.72381707495
sturman_fst,forced_swim_test,False,FST_2_cropDeepCut_resnet50_FST1Aug15shuffle1_1030000,hipr,,9705,25,0.932550542045045,0.06738794435857805,53.60906655976103,58.10371162528765,1.0838411364711262,1.1398669515224702,54.9975811166989,35.94291464167981,42383.40411149189
sturman_fst,forced_swim_test,False,FST_2_cropDeepCut_resnet50_FST1Aug15shuffle1_1030000,tailbase,tail_base,9705,25,0.9314783944720033,0.0684183410613086,63.445232580598564,66.67526089049115,1.0509104967940541,1.3359549172038745,55.41384992864955,39.05953354809311,44045.100031399415
sturman_fst,forced_swim_test,False,FST_2_cropDeepCut_resnet50_FST1Aug15shuffle1_1030000,tailcentre,,9705,25,0.9171552924351984,0.08181349819680576,95.62675550418047,105.72163036280867,1.1055653807912251,2.5162366763465274,28.184528129712998,30.870229159907698,22688.35234018838
sturman_fst,forced_swim_test,False,FST_2_cropDeepCut_resnet50_FST1Aug15shuffle1_1030000,tailtip,,9705,25,0.8931157182412686,0.10293663060278208,154.71043592730518,198.07308872254666,1.2802826618342449,4.121749352965642,34.609627366222036,43.78167875142915,27400.108263208578
sturman_fst,forced_swim_test,False,FST_3_cropDeepCut_resnet50_FST1Aug15shuffle1_1030000,t,,9322,25,1.0,0.0,14.938789159895373,13.719020960180957,0.9183489246244266,0.4292395508118727,1.3623525041439368,0.45882328973493647,52.74759881835575
sturman_fst,forced_swim_test,False,FST_3_cropDeepCut_resnet50_FST1Aug15shuffle1_1030000,b,,9322,25,1.0,0.0,6.292167526013264,5.473842205594773,0.8699454016385694,0.15543168653435718,0.4171488877282513,0.48388614099995936,24.72412959357183
sturman_fst,forced_swim_test,False,FST_3_cropDeepCut_resnet50_FST1Aug15shuffle1_1030000,l,,9322,25,1.0,0.0,17.921301307176158,15.829200546352999,0.8832617830053765,0.5302755893195744,0.5188979336131548,1.5344814587529423,49.90837013944133
sturman_fst,forced_swim_test,False,FST_3_cropDeepCut_resnet50_FST1Aug15shuffle1_1030000,r,,9322,25,0.999545331834161,0.00042909246942716153,21.62192388899134,20.005131708544116,0.9252244070070748,0.5981986842762752,0.8343772308784866,1.8638353760988695,286.7946497156206
sturman_fst,forced_swim_test,False,FST_3_cropDeepCut_resnet50_FST1Aug15shuffle1_1030000,nose,nose,9322,25,0.9745367964854749,0.025423728813559324,66.63993420906554,101.11938584540417,1.5173992448457148,1.2291384674509929,45.43324020019859,43.49859135718169,36223.61164607208
sturman_fst,forced_swim_test,False,FST_3_cropDeepCut_resnet50_FST1Aug15shuffle1_1030000,headcentre,head,9322,25,0.9746359839405632,0.02531645569620253,59.08041897739175,75.67274103016467,1.2808429990843886,0.9751838156242495,43.92160738732038,40.29223171869813,35170.568846086455
sturman_fst,forced_swim_test,False,FST_3_cropDeepCut_resnet50_FST1Aug15shuffle1_1030000,neck,neck,9322,25,0.9744539642584629,0.025531001930916113,54.63490646061063,71.42272011187761,1.307272671243068,0.954541421477861,41.845432204596435,37.617931049902516,33922.41652510984
sturman_fst,forced_swim_test,False,FST_3_cropDeepCut_resnet50_FST1Aug15shuffle1_1030000,earl,,9322,25,0.97495069307617,0.02499463634413216,59.607926790766705,75.56642522805977,1.267724433585988,1.0747979008559103,47.97196866667042,39.85468748968894,46368.52867773949
sturman_fst,forced_swim_test,False,FST_3_cropDeepCut_resnet50_FST1Aug15shuffle1_1030000,earr,,9322,25,0.9742383168531932,0.0256382750482729,57.78749191465289,80.71261452419397,1.3967142689528642,1.0832935303018008,41.81573279585812,37.57082415776271,34070.9550002747
sturman_fst,forced_swim_test,False,FST_3_cropDeepCut_resnet50_FST1Aug15shuffle1_1030000,bodycentre,body_center,9322,25,0.9743617601633532,0.0256382750482729,45.28925429497826,52.10822012150648,1.1505647627164468,0.7595611196161055,43.24679532315376,32.15356189780322,37038.3251498081
sturman_fst,forced_swim_test,False,FST_3_cropDeepCut_resnet50_FST1Aug15shuffle1_1030000,bcl,,9322,25,0.9743546336742206,0.0256382750482729,50.655072938749555,56.597414284283765,1.117309896142475,0.8922825126704375,43.38479301669022,34.44401102053344,39653.046419448336
sturman_fst,forced_swim_test,False,FST_3_cropDeepCut_resnet50_FST1Aug15shuffle1_1030000,bcr,,9322,25,0.9739613646385215,0.026067367517700064,48.59602116716162,52.64049010371622,1.0832263390997043,0.9127906217580489,42.376003682989264,31.267961177743757,36154.154539291805
sturman_fst,forced_swim_test,False,FST_3_cropDeepCut_resnet50_FST1Aug15shuffle1_1030000,hipl,,9322,25,0.9743856520349441,0.025423728813559324,59.865588092378424,70.60491205139628,1.179390603203397,1.3314224591102057,40.84431920817647,32.545039053950134,35860.32558668841
sturman_fst,forced_swim_test,False,FST_3_cropDeepCut_resnet50_FST1Aug15shuffle1_1030000,hipr,,9322,25,0.9740621523715426,0.025852821282986483,56.09234242725247,64.7767019196545,1.1548225500417457,1.2433421618690008,39.001254054863004,30.260589278748135,39346.21634522292
sturman_fst,forced_swim_test,False,FST_3_cropDeepCut_resnet50_FST1Aug15shuffle1_1030000,tailbase,tail_base,9322,25,0.9733348207121063,0.026281913752413646,64.82116124624713,72.98929701844803,1.1260103277257132,1.4296705062108508,37.710798903171785,29.75295536005774,32703.068038765614
sturman_fst,forced_swim_test,False,FST_3_cropDeepCut_resnet50_FST1Aug15shuffle1_1030000,tailcentre,,9322,25,0.9545631499134197,0.0423728813559322,95.44704939609112,119.26054160367606,1.2494942730891814,2.6668319988021336,34.915453358076064,29.016296568425044,33113.457503186306
sturman_fst,forced_swim_test,False,FST_3_cropDeepCut_resnet50_FST1Aug15shuffle1_1030000,tailtip,,9322,25,0.9454112065098005,0.04870199527998283,155.49328388662266,247.95533111766233,1.5946369188424756,4.186552001385774,36.32020274753183,36.38459605411251,28038.680421529752
sturman_fst,forced_swim_test,False,FST_4_cropDeepCut_resnet50_FST1Aug15shuffle1_1030000,t,,9321,25,1.0,0.0,19.101616071940978,16.140024181789432,0.8449559514232972,0.5270782148932255,1.8055559107162913,0.5720516910872995,54.803896609924394
sturman_fst,forced_swim_test,False,FST_4_cropDeepCut_resnet50_FST1Aug15shuffle1_1030000,b,,9321,25,0.9999999999936053,0.0,7.59324969005953,6.037471769632925,0.7951103962163522,0.1869980913575501,0.5593494316945741,0.4930955021839212,43.13109932265391
sturman_fst,forced_swim_test,False,FST_4_cropDeepCut_resnet50_FST1Aug15shuffle1_1030000,l,,9321,25,1.0,0.0,19.95181896272015,17.147552248437766,0.8594480673906405,0.5984726393426983,0.558107613187095,1.9629474259118178,63.09088694324646
sturman_fst,forced_swim_test,False,FST_4_cropDeepCut_resnet50_FST1Aug15shuffle1_1030000,r,,9321,25,0.9999999998401334,0.0,23.232900408472243,21.36514984444157,0.9196075164446723,0.6441772457561915,0.7581474675836426,2.139212242513348,148.075092635688
sturman_fst,forced_swim_test,False,FST_4_cropDeepCut_resnet50_FST1Aug15shuffle1_1030000,nose,nose,9321,25,0.9696308992960565,0.030361549190001072,94.47694927240595,97.81767284779465,1.0353601973932962,1.331144980145597,45.870908977383955,42.62587175441524,24989.57754126731
sturman_fst,forced_swim_test,False,FST_4_cropDeepCut_resnet50_FST1Aug15shuffle1_1030000,headcentre,head,9321,25,0.969481296289787,0.03046883381611415,86.04891036514546,76.40577103376539,0.8879342075284887,1.1502186930774303,43.747742135983074,39.590078796899185,21878.210808539643
sturman_fst,forced_swim_test,False,FST_4_cropDeepCut_resnet50_FST1Aug15shuffle1_1030000,neck,neck,9321,25,0.9695529609953765,0.03046883381611415,79.53949730590342,63.990590716132246,0.8045133912530129,1.0529708022773923,40.77443622807004,37.139678028373886,19833.57721230346
sturman_fst,forced_swim_test,False,FST_4_cropDeepCut_resnet50_FST1Aug15shuffle1_1030000,earl,,9321,25,0.969565854549229,0.030361549190001072,81.88112116419929,70.0041743842394,0.8549488989514128,1.1963346117927607,53.46511986766808,43.05910094424624,61606.37507569059
sturman_fst,forced_swim_test,False,FST_4_cropDeepCut_resnet50_FST1Aug15shuffle1_1030000,earr,,9321,25,0.9695555949214958,0.03046883381611415,86.61568082984665,71.95389094514161,0.8307259177064301,1.2743344440754028,42.72403134778903,39.76000433007265,23762.49606425789
sturman_fst,forced_swim_test,False,FST_4_cropDeepCut_resnet50_FST1Aug15shuffle1_1030000,bodycentre,body_center,9321,25,0.9704469740358804,0.03003969531166184,70.0121394265867,57.08339966551694,0.8153357422447207,0.9870122778623569,38.88741566353515,34.416713218248596,52623.01327899115
sturman_fst,forced_swim_test,False,FST_4_cropDeepCut_resnet50_FST1Aug15shuffle1_1030000,bcl,,9321,25,0.9699627153128594,0.030146979937774918,67.80116762969294,60.79719393420413,0.8966983321918267,1.1066397867516213,48.10275924816606,37.31940925960722,53881.82780675286
sturman_fst,forced_swim_test,False,FST_4_cropDeepCut_resnet50_FST1Aug15shuffle1_1030000,bcr,,9321,25,0.9732330170565058,0.026499302649930265,76.6609337207424,55.18384125494826,0.719843061864729,1.1610548666701739,36.60512620129414,35.677742975584074,21129.97536971412
sturman_fst,forced_swim_test,False,FST_4_cropDeepCut_resnet50_FST1Aug15shuffle1_1030000,hipl,,9321,25,0.9699770882302069,0.03003969531166184,73.87414713300929,68.73954752896374,0.9304953112378979,1.4604327814355231,33.573410489218645,31.052615483087994,45556.415394034164
sturman_fst,forced_swim_test,False,FST_4_cropDeepCut_resnet50_FST1Aug15shuffle1_1030000,hipr,,9321,25,0.9765273115465076,0.021671494474841756,85.01996559872026,73.5546643845839,0.8651457791896714,1.5765082299698474,35.63182948681352,35.22996765891058,49123.4205400006
sturman_fst,forced_swim_test,False,FST_4_cropDeepCut_resnet50_FST1Aug15shuffle1_1030000,tailbase,tail_base,9321,25,0.97226556354474,0.026928441154382577,84.86459464999074,64.84229609461323,0.7640677052903394,1.5343365158237954,31.432495899764422,32.74144126978533,18242.843078418617
sturman_fst,forced_swim_test,False,FST_4_cropDeepCut_resnet50_FST1Aug15shuffle1_1030000,tailcentre,,9321,25,0.9657609222842292,0.03154168007724493,114.61037874301059,107.75123297431364,0.9401524901677786,3.019245541731179,29.961088954424575,32.0986782270889,21862.20461980459
sturman_fst,forced_swim_test,False,FST_4_cropDeepCut_resnet50_FST1Aug15shuffle1_1030000,tailtip,,9321,25,0.9424359087217086,0.05503701319600901,191.0337223130414,262.69027840734066,1.3750989889464529,5.207343028712349,37.303150123745624,39.45120639473029,25277.216918111262
sturman_fst,forced_swim_test,False,FST_5_cropDeepCut_resnet50_FST1Aug15shuffle1_1030000,t,,9305,25,1.0,0.0,17.459111275086084,14.306408803286189,0.8194236566726761,0.49215020351504934,1.5161900849878993,0.44224795662551375,52.18938206237365
sturman_fst,forced_swim_test,False,FST_5_cropDeepCut_resnet50_FST1Aug15shuffle1_1030000,b,,9305,25,0.9999999777339339,0.0,7.782200062856933,6.601077063761714,0.8482276233513308,0.1904243343051345,0.45534919128088214,0.35622727879939453,66.30426337289802
sturman_fst,forced_swim_test,False,FST_5_cropDeepCut_resnet50_FST1Aug15shuffle1_1030000,l,,9305,25,1.0,0.0,18.299557874884428,15.166374830013682,0.8287836751962766,0.5615966068330823,0.6070221159884274,1.3853725687156289,44.60317956305994
sturman_fst,forced_swim_test,False,FST_5_cropDeepCut_resnet50_FST1Aug15shuffle1_1030000,r,,9305,25,0.999181885526489,0.0007522837184309511,33.04981881687135,31.99907532442503,0.9682072843343414,0.9569235462719342,1.0476248619742508,2.9082776497665908,1845.1593248705738
sturman_fst,forced_swim_test,False,FST_5_cropDeepCut_resnet50_FST1Aug15shuffle1_1030000,nose,nose,9305,25,0.9731105586779111,0.026867275658248254,81.38238081716003,123.86888546496182,1.5220602324630348,1.5710371923321715,51.50164290053433,53.67543487737419,50691.74960608048
sturman_fst,forced_swim_test,False,FST_5_cropDeepCut_resnet50_FST1Aug15shuffle1_1030000,headcentre,head,9305,25,0.9731082239886371,0.02675980655561526,73.71851617673458,102.97194645443317,1.3968260865094693,1.2704035627931372,53.48172991320757,50.33535175391002,59520.07640055345
sturman_fst,forced_swim_test,False,FST_5_cropDeepCut_resnet50_FST1Aug15shuffle1_1030000,neck,neck,9305,25,0.9731319324807541,0.026867275658248254,67.66822210195188,87.78016017237545,1.2972139276856136,1.146759302325567,51.5352796152037,47.37142642764036,57393.11899790638
sturman_fst,forced_swim_test,False,FST_5_cropDeepCut_resnet50_FST1Aug15shuffle1_1030000,earl,,9305,25,0.9733014680281049,0.026652337452982268,74.03798680270118,95.64397418281052,1.2918229994244126,1.3852623465190734,53.761370140679546,49.50060540594022,61962.06964591074
sturman_fst,forced_swim_test,False,FST_5_cropDeepCut_resnet50_FST1Aug15shuffle1_1030000,earr,,9305,25,0.9731970422182078,0.02675980655561526,70.81476291529546,91.62273809796174,1.2938366849798761,1.2716229698274693,51.2044117649679,47.78063493388455,59041.65723557164
sturman_fst,forced_swim_test,False,FST_5_cropDeepCut_resnet50_FST1Aug15shuffle1_1030000,bodycentre,body_center,9305,25,0.9728104515910981,0.02708221386351424,55.14355682907182,53.991519161522355,0.9791083902853704,0.9716901151678705,46.81480708401021,41.83801608968751,52867.5719862865
sturman_fst,forced_swim_test,False,FST_5_cropDeepCut_resnet50_FST1Aug15shuffle1_1030000,bcl,,9305,25,0.9724964786479064,0.027512090274046212,61.620498106028776,55.56010669958938,0.9016497497957345,1.1594294550070747,48.416135257642345,43.104832914728874,57734.83100630809
sturman_fst,forced_swim_test,False,FST_5_cropDeepCut_resnet50_FST1Aug15shuffle1_1030000,bcr,,9305,25,0.9727142862707361,0.02718968296614723,58.90937144849653,62.74677453136314,1.06514079149905,1.140302801465454,42.85343126277465,39.75966883265081,46613.881002419876
sturman_fst,forced_swim_test,False,FST_5_cropDeepCut_resnet50_FST1Aug15shuffle1_1030000,hipl,,9305,25,0.9720816381639975,0.02783449758194519,73.85859291448116,69.91080793588526,0.9465494152702457,1.692311022540122,44.10577458347817,42.23028366081875,60128.894777142494
sturman_fst,forced_swim_test,False,FST_5_cropDeepCut_resnet50_FST1Aug15shuffle1_1030000,hipr,,9305,25,0.971826133998346,0.027941966684578184,68.99942639478543,72.30183848966178,1.0478614427311517,1.5736036022260969,42.22577998325127,36.91009579645453,53536.64813575318
sturman_fst,forced_swim_test,False,FST_5_cropDeepCut_resnet50_FST1Aug15shuffle1_1030000,tailbase,tail_base,9305,25,0.9707989621232876,0.029016657710908115,79.75632738524632,71.30310002600835,0.894011827821429,1.7300536342842225,28.088540295488393,27.70950108291233,18433.600376934468
sturman_fst,forced_swim_test,False,FST_5_cropDeepCut_resnet50_FST1Aug15shuffle1_1030000,tailcentre,,9305,25,0.9654178785963894,0.033960236432025795,123.99718025353513,109.32514278097933,0.8816744264461812,3.2842656133213217,24.817328996897974,26.117357430102263,18367.222172770515
sturman_fst,forced_swim_test,False,FST_5_cropDeepCut_resnet50_FST1Aug15shuffle1_1030000,tailtip,,9305,25,0.959738892640304,0.039333691563675444,200.41980394531078,241.15577660561655,1.2032532307606765,5.336173730667268,36.796501595368696,35.141696450105286,24869.648415990883
sturman_fst,forced_swim_test,False,FST_6_cropDeepCut_resnet50_FST1Aug15shuffle1_1030000,t,,9591,25,1.0,0.0,18.039075594931592,16.63012097485443,0.921894300366864,0.528868883910746,1.9722946288328964,0.5513528521496072,65.64922405946108
sturman_fst,forced_swim_test,False,FST_6_cropDeepCut_resnet50_FST1Aug15shuffle1_1030000,b,,9591,25,0.9989573176157461,0.0010426441455531226,9.07458367880525,7.526931938589436,0.829452039344732,0.24098899793239992,0.6566443627530217,0.6228138360164817,30.9815902596964
sturman_fst,forced_swim_test,False,FST_6_cropDeepCut_resnet50_FST1Aug15shuffle1_1030000,l,,9591,25,1.0,0.0,17.107883031847717,15.666483284729601,0.9157464576748139,0.5200728460561724,0.5548644666858804,2.0007028213321383,59.45857139035127
sturman_fst,forced_swim_test,False,FST_6_cropDeepCut_resnet50_FST1Aug15shuffle1_1030000,r,,9591,25,0.99999999982599,0.0,25.082382104924257,22.407145353342187,0.8933419983639888,0.672594997983516,0.8326523081358946,2.022384545765768,128.08747403384928
sturman_fst,forced_swim_test,False,FST_6_cropDeepCut_resnet50_FST1Aug15shuffle1_1030000,nose,nose,9591,25,0.9450986502677926,0.05494734647064957,72.68180071343586,93.62232339101655,1.288112326222397,1.1404072384704462,54.279213828853315,47.91175650595247,36086.26086637616
sturman_fst,forced_swim_test,False,FST_6_cropDeepCut_resnet50_FST1Aug15shuffle1_1030000,headcentre,head,9591,25,0.9451794851132024,0.054843082056094256,67.63216075788769,81.35277184752792,1.2028711035679878,0.9716836524323416,53.01921899222894,44.908329331163046,34542.3468954172
sturman_fst,forced_swim_test,False,FST_6_cropDeepCut_resnet50_FST1Aug15shuffle1_1030000,neck,neck,9591,25,0.9451097211733611,0.054843082056094256,63.52806438352535,75.53696782472551,1.1890330448083732,0.9253113880210514,52.02573121251218,42.41895251072457,33723.635119729086
sturman_fst,forced_swim_test,False,FST_6_cropDeepCut_resnet50_FST1Aug15shuffle1_1030000,earl,,9591,25,0.9452287499710239,0.05473881764153894,67.8632530451904,80.35951857884031,1.1841389113093148,1.0379835187375592,52.559620669905,44.15115226660387,36739.63320646912
sturman_fst,forced_swim_test,False,FST_6_cropDeepCut_resnet50_FST1Aug15shuffle1_1030000,earr,,9591,25,0.945109863084743,0.054843082056094256,66.10346595817248,91.13256328441891,1.3786351738664324,1.1135110951755476,52.17474682740688,42.797069219804605,35294.95649338341
sturman_fst,forced_swim_test,False,FST_6_cropDeepCut_resnet50_FST1Aug15shuffle1_1030000,bodycentre,body_center,9591,25,0.9451526918403549,0.054843082056094256,54.31159427872225,58.46991537504662,1.0765641508327712,0.8839701618850597,50.09422436957375,37.21818208592539,31344.416477861807
sturman_fst,forced_swim_test,False,FST_6_cropDeepCut_resnet50_FST1Aug15shuffle1_1030000,bcl,,9591,25,0.9451610612062602,0.054843082056094256,58.285099414020415,62.40578016358188,1.0706986998562147,0.9539105045284962,50.594224082647415,38.441094599198685,34655.14703237686
sturman_fst,forced_swim_test,False,FST_6_cropDeepCut_resnet50_FST1Aug15shuffle1_1030000,bcr,,9591,25,0.9455612112093414,0.05494734647064957,54.76833303759251,57.976920271646335,1.0585847159498443,0.9436071356220689,49.583073204783894,37.50298106877317,33680.410801384496
sturman_fst,forced_swim_test,False,FST_6_cropDeepCut_resnet50_FST1Aug15shuffle1_1030000,hipl,,9591,25,0.9456693537353835,0.054530288812428315,63.8862238054701,75.30763111496839,1.1787773111191517,1.3640662384043198,50.88595526901256,36.49280816717794,37269.74551023461
sturman_fst,forced_swim_test,False,FST_6_cropDeepCut_resnet50_FST1Aug15shuffle1_1030000,hipr,,9591,25,0.945851908779383,0.05411323115420707,58.408261595952446,68.8989184704979,1.1796091269950146,1.2335907828135013,50.876868681763014,35.15186169566392,37490.16603228478
sturman_fst,forced_swim_test,False,FST_6_cropDeepCut_resnet50_FST1Aug15shuffle1_1030000,tailbase,tail_base,9591,25,0.9455981575284309,0.054530288812428315,63.87270127002828,68.91603522257911,1.0789591461183021,1.2892615086814254,52.17466376251565,34.20394382131504,32583.11549861162
sturman_fst,forced_swim_test,False,FST_6_cropDeepCut_resnet50_FST1Aug15shuffle1_1030000,tailcentre,,9591,25,0.9411457430525874,0.05807527890730894,85.69326827819103,94.22468424356119,1.0995575981263095,2.23311059212345,30.48999462274666,31.86694929855475,19448.09737952118
sturman_fst,forced_swim_test,False,FST_6_cropDeepCut_resnet50_FST1Aug15shuffle1_1030000,tailtip,,9591,25,0.9278229997890384,0.06985715775205922,160.28520554750887,245.78064610630653,1.5333957071506306,4.468335663288623,58.52072385203501,44.14560516938296,57462.14583188607
sturman_fst,forced_swim_test,False,FST_7_cropDeepCut_resnet50_FST1Aug15shuffle1_1030000,t,,9284,25,1.0,0.0,14.911454776969922,13.063661800197556,0.8760823136032173,0.41098519747026885,1.43449169411914,0.42422028099896003,42.497901731622065
sturman_fst,forced_swim_test,False,FST_7_cropDeepCut_resnet50_FST1Aug15shuffle1_1030000,b,,9284,25,0.9998935525630991,0.00010771219302024989,6.055387997522602,4.989583559913375,0.8239907272588854,0.1513790140598424,0.383796239831728,0.401025356600799,16.71487953562703
sturman_fst,forced_swim_test,False,FST_7_cropDeepCut_resnet50_FST1Aug15shuffle1_1030000,l,,9284,25,1.0,0.0,14.931462034383054,13.131154538140095,0.8794285856202597,0.45069018518267157,0.5516652006862678,1.2524998152607087,47.58972721762066
sturman_fst,forced_swim_test,False,FST_7_cropDeepCut_resnet50_FST1Aug15shuffle1_1030000,r,,9284,25,1.0,0.0,21.01628195219277,21.203941268000523,1.008929234782567,0.6202225823313884,0.8191686711617531,2.603008500205643,144.8059460030688
sturman_fst,forced_swim_test,False,FST_7_cropDeepCut_resnet50_FST1Aug15shuffle1_1030000,nose,nose,9284,25,0.9756804637896609,0.024342955622576476,79.42946851088229,111.8069629015044,1.4076257212546528,1.426858691916513,51.07275467224765,42.18253711592168,49005.764154697936
sturman_fst,forced_swim_test,False,FST_7_cropDeepCut_resnet50_FST1Aug15shuffle1_1030000,headcentre,head,9284,25,0.9754996344652581,0.024450667815596724,71.47740125787216,88.48800130746103,1.2379857094722706,1.1487712816940707,49.466033603926704,39.35598564727172,46513.56222099711
sturman_fst,forced_swim_test,False,FST_7_cropDeepCut_resnet50_FST1Aug15shuffle1_1030000,neck,neck,9284,25,0.9751132042827354,0.024881516587677725,66.35677510955841,78.11722005701262,1.1772305077821685,1.0832781093470065,47.83527281179144,37.684022766992946,47364.20649738615
sturman_fst,forced_swim_test,False,FST_7_cropDeepCut_resnet50_FST1Aug15shuffle1_1030000,earl,,9284,25,0.9751470447716555,0.024881516587677725,73.42895979154704,79.38343556282375,1.0810916535952642,1.2871523127280027,49.3676376851948,40.305256579960364,48534.9941060958
sturman_fst,forced_swim_test,False,FST_7_cropDeepCut_resnet50_FST1Aug15shuffle1_1030000,earr,,9284,25,0.975447297513562,0.024450667815596724,67.19394300323957,90.35186331415488,1.344642973397153,1.2112133597441406,47.62649129872074,37.00955673423699,49493.600722293915
sturman_fst,forced_swim_test,False,FST_7_cropDeepCut_resnet50_FST1Aug15shuffle1_1030000,bodycentre,body_center,9284,25,0.9754577750907485,0.024127531236535976,55.42079263653936,68.83453116990543,1.2420344043315303,0.9135551599883078,31.998426024524903,31.251507036530715,49089.34872079676
sturman_fst,forced_swim_test,False,FST_7_cropDeepCut_resnet50_FST1Aug15shuffle1_1030000,bcl,,9284,25,0.9768718666702393,0.022619560534252476,64.64807938020037,72.65312991934269,1.1238250326365304,1.0661483268158163,34.52842029582589,34.24427622058836,50444.285805830725
sturman_fst,forced_swim_test,False,FST_7_cropDeepCut_resnet50_FST1Aug15shuffle1_1030000,bcr,,9284,25,0.9747722914561995,0.025312365359758726,53.59202329107813,52.339016897992785,0.9766195355924556,0.9920105655508604,40.38966886619853,32.43529681213964,41873.265613275435
sturman_fst,forced_swim_test,False,FST_7_cropDeepCut_resnet50_FST1Aug15shuffle1_1030000,hipl,,9284,25,0.983904487132795,0.014325721671693235,75.73693490695364,90.79367190429511,1.1988030941024928,1.6906049334374391,33.60874399103667,33.50659311622584,43770.97617983509
sturman_fst,forced_swim_test,False,FST_7_cropDeepCut_resnet50_FST1Aug15shuffle1_1030000,hipr,,9284,25,0.9750675695247303,0.024773804394657477,61.58311607562684,71.35527099296866,1.1586823717289845,1.3093556857505197,27.95685454595491,27.13828128973903,45550.19010407492
sturman_fst,forced_swim_test,False,FST_7_cropDeepCut_resnet50_FST1Aug15shuffle1_1030000,tailbase,tail_base,9284,25,0.9757036346073862,0.023373545885394226,75.14295770273483,70.38940345258176,0.9367398569942095,1.5790013028858416,29.58850430918704,29.27909749298488,17357.600949356452
sturman_fst,forced_swim_test,False,FST_7_cropDeepCut_resnet50_FST1Aug15shuffle1_1030000,tailcentre,,9284,25,0.9700616359203502,0.028328306764325722,96.43822658082529,102.69222448808847,1.0648497813470437,2.5206801795106606,26.303284098948257,27.016353194753233,21879.759160549725
sturman_fst,forced_swim_test,False,FST_7_cropDeepCut_resnet50_FST1Aug15shuffle1_1030000,tailtip,,9284,25,0.9619434609598304,0.035868160275743216,190.6728595733233,335.78283443376637,1.76104158287216,5.425485160513911,32.87682274426403,34.25121651431515,25503.273368199305
sturman_fst,forced_swim_test,False,FST_8_cropDeepCut_resnet50_FST1Aug15shuffle1_1030000,t,,9267,25,1.0,0.0,15.847936283693258,15.55711694239842,0.9816493872710684,0.4402038130734054,1.6935975782922121,0.6269714546345351,79.85539997060947
sturman_fst,forced_swim_test,False,FST_8_cropDeepCut_resnet50_FST1Aug15shuffle1_1030000,b,,9267,25,0.9999100373853073,0.00010790978741771878,6.290893634863017,5.686828843758145,0.9039779042269525,0.15818792411848867,0.41158983622011674,0.4684987527833896,13.904702211995925
sturman_fst,forced_swim_test,False,FST_8_cropDeepCut_resnet50_FST1Aug15shuffle1_1030000,l,,9267,25,1.0,0.0,14.209944278755037,13.834725735024897,0.9735946505933087,0.42658038406713256,0.6433942706021492,1.5490718354840234,57.090667763347255
sturman_fst,forced_swim_test,False,FST_8_cropDeepCut_resnet50_FST1Aug15shuffle1_1030000,r,,9267,25,0.9995728315524431,0.00043163914967087513,21.32823890634447,21.48940308783782,1.007556375479525,0.5808655022642707,0.8636459890695478,1.9559981797792978,238.00008196620138
sturman_fst,forced_swim_test,False,FST_8_cropDeepCut_resnet50_FST1Aug15shuffle1_1030000,nose,nose,9267,25,0.9769242951575897,0.022984784719974102,64.61747991332655,105.8390847528189,1.637932721839109,1.1422689127951617,51.626070889190494,41.93266886456824,39092.6327314939
sturman_fst,forced_swim_test,False,FST_8_cropDeepCut_resnet50_FST1Aug15shuffle1_1030000,headcentre,head,9267,25,0.9767027509158466,0.023200604294809538,58.27308904672152,86.79096089009352,1.48938321804954,0.9567637623755731,49.198418172667736,39.185583124853714,35914.5747694419
sturman_fst,forced_swim_test,False,FST_8_cropDeepCut_resnet50_FST1Aug15shuffle1_1030000,neck,neck,9267,25,0.9766013521881594,0.02330851408222726,53.28887786674389,74.53351911314515,1.3986693302029438,0.871479529278025,46.69783514615085,36.817661990444044,33453.42407058989
sturman_fst,forced_swim_test,False,FST_8_cropDeepCut_resnet50_FST1Aug15shuffle1_1030000,earl,,9267,25,0.9769384915438672,0.022984784719974102,56.303198561344225,79.3058450386431,1.4085495507370993,0.987833178964118,47.19098973720864,36.394748107661755,36259.81816747288
sturman_fst,forced_swim_test,False,FST_8_cropDeepCut_resnet50_FST1Aug15shuffle1_1030000,earr,,9267,25,0.9766847120110137,0.02330851408222726,57.418949810345204,78.83632482299339,1.3730018588530404,0.9964802804475951,48.608520048129336,38.99663971598845,38890.02489680138
sturman_fst,forced_swim_test,False,FST_8_cropDeepCut_resnet50_FST1Aug15shuffle1_1030000,bodycentre,body_center,9267,25,0.9767998340537122,0.023200604294809538,44.036670715337756,55.0406603141428,1.2498824143618197,0.7423408436594162,41.9378573323994,33.0417349685351,28306.247749149632
sturman_fst,forced_swim_test,False,FST_8_cropDeepCut_resnet50_FST1Aug15shuffle1_1030000,bcl,,9267,25,0.9767995988253676,0.023200604294809538,45.78712676519314,56.577588644327065,1.2356658441240456,0.8373229204564587,40.982710312244436,32.21456908697024,30820.523641303895
sturman_fst,forced_swim_test,False,FST_8_cropDeepCut_resnet50_FST1Aug15shuffle1_1030000,bcr,,9267,25,0.9768001354086729,0.023200604294809538,49.231645219971554,58.543830150469944,1.1891503907474692,0.8401113513995393,43.81118399139034,35.17795068542199,34670.5717536259
sturman_fst,forced_swim_test,False,FST_8_cropDeepCut_resnet50_FST1Aug15shuffle1_1030000,hipl,,9267,25,0.9766121663083225,0.02330851408222726,52.00021081736955,67.84420459434551,1.3046909527467458,1.1622597702176058,36.893627457805266,30.932777141224115,31035.489455182418
sturman_fst,forced_swim_test,False,FST_8_cropDeepCut_resnet50_FST1Aug15shuffle1_1030000,hipr,,9267,25,0.9766778208438383,0.023200604294809538,55.747650416673395,67.40629030721189,1.209132399363894,1.1522332977822989,42.31591480735967,34.70721426737721,36801.54577008771
sturman_fst,forced_swim_test,False,FST_8_cropDeepCut_resnet50_FST1Aug15shuffle1_1030000,tailbase,tail_base,9267,25,0.9764578745558615,0.02330851408222726,57.931493999982116,69.27257360216066,1.195767083137577,1.1874942733034186,38.53933694585519,32.6255553657374,35710.02077274867
sturman_fst,forced_swim_test,False,FST_8_cropDeepCut_resnet50_FST1Aug15shuffle1_1030000,tailcentre,,9267,25,0.9748478462469157,0.024819251106075323,83.57473808935185,106.66631832839204,1.2762985654152144,2.230543268757767,38.889150715160184,31.646397787899314,38061.83784304442
sturman_fst,forced_swim_test,False,FST_8_cropDeepCut_resnet50_FST1Aug15shuffle1_1030000,tailtip,,9267,25,0.9685244760982065,0.029675191539872667,154.3552526390198,295.5428655524503,1.9146926359779697,4.41721549639152,37.43215993999867,38.116336324368085,28865.856035357592
sturman_fst,forced_swim_test,False,FST_9_cropDeepCut_resnet50_FST1Aug15shuffle1_1030000,t,,9323,25,1.0,0.0,21.57407749000538,18.319818893155833,0.8491588528706664,0.6284346247437893,2.022809238651913,0.6858147863204099,71.57890115249816
sturman_fst,forced_swim_test,False,FST_9_cropDeepCut_resnet50_FST1Aug15shuffle1_1030000,b,,9323,25,1.0,0.0,8.500443973063701,6.273801521304772,0.7380557464039834,0.21726012588993304,0.3941438014140264,0.5930726379637385,37.50143364679428
sturman_fst,forced_swim_test,False,FST_9_cropDeepCut_resnet50_FST1Aug15shuffle1_1030000,l,,9323,25,1.0,0.0,20.122358153638597,17.123254642316603,0.8509566578418303,0.5945898707887473,0.564628091884988,1.7855887398267585,60.105846785715244
sturman_fst,forced_swim_test,False,FST_9_cropDeepCut_resnet50_FST1Aug15shuffle1_1030000,r,,9323,25,0.9996579472700005,0.0003217848332081948,28.12145044989787,23.74322347392929,0.8443100584811947,0.7633414867815143,1.0069769142052076,2.5443351515074117,462.72692242653267
sturman_fst,forced_swim_test,False,FST_9_cropDeepCut_resnet50_FST1Aug15shuffle1_1030000,nose,nose,9323,25,0.9752844227916447,0.023919339268475812,89.20554209545222,109.53404952431137,1.2278839066647578,1.3699512386703108,46.67736532428266,48.611630660735685,25108.692842355376
sturman_fst,forced_swim_test,False,FST_9_cropDeepCut_resnet50_FST1Aug15shuffle1_1030000,headcentre,head,9323,25,0.9722415897949281,0.027995280489112945,81.79896114049326,87.15521985414722,1.0654807669800885,1.149368421549988,44.2253976561819,45.287725843789524,22039.692188591325
sturman_fst,forced_swim_test,False,FST_9_cropDeepCut_resnet50_FST1Aug15shuffle1_1030000,neck,neck,9323,25,0.9719767452763166,0.02831706532232114,75.73423570427532,72.56918138472466,0.958208407464367,1.0793905756257558,41.51593695955419,42.32961275382348,19806.15449286336
sturman_fst,forced_swim_test,False,FST_9_cropDeepCut_resnet50_FST1Aug15shuffle1_1030000,earl,,9323,25,0.9725401854004891,0.02778075726697415,78.6920592591298,79.62811752456017,1.0118952061268083,1.2064863414378315,42.79411009546823,43.172495223352385,23999.37836012422
sturman_fst,forced_swim_test,False,FST_9_cropDeepCut_resnet50_FST1Aug15shuffle1_1030000,earr,,9323,25,0.9723147164627064,0.027995280489112945,81.7318814281654,84.88052529655123,1.0385240595636256,1.2429733089634973,42.86983749128902,44.08831795905156,23786.723675691344
sturman_fst,forced_swim_test,False,FST_9_cropDeepCut_resnet50_FST1Aug15shuffle1_1030000,bodycentre,body_center,9323,25,0.9716285985995295,0.027995280489112945,66.56714868634246,88.78180940307787,1.3337180749833315,1.0514188087390228,35.1812709033322,35.56852279623504,31353.659316741996
sturman_fst,forced_swim_test,False,FST_9_cropDeepCut_resnet50_FST1Aug15shuffle1_1030000,bcl,,9323,25,0.9721258027217528,0.027995280489112945,66.27820216166137,55.7220591757779,0.8407297928791787,1.100570984560716,35.269183379511496,35.7560895575869,19376.58817879012
sturman_fst,forced_swim_test,False,FST_9_cropDeepCut_resnet50_FST1Aug15shuffle1_1030000,bcr,,9323,25,0.971821751740822,0.027995280489112945,71.03086798069049,65.62367723631861,0.923875479800672,1.1315574881492048,35.99854990528428,36.960286341692154,19005.444001133204
sturman_fst,forced_swim_test,False,FST_9_cropDeepCut_resnet50_FST1Aug15shuffle1_1030000,hipl,,9323,25,0.9711960815992092,0.028746111766598734,72.96690382747205,81.03947414521505,1.1106333131090547,1.6008030027437856,40.97557090810626,32.95078322693364,34669.5720117809
sturman_fst,forced_swim_test,False,FST_9_cropDeepCut_resnet50_FST1Aug15shuffle1_1030000,hipr,,9323,25,0.9708994970638251,0.02885337337766813,80.94125302682572,84.98404808950043,1.0499472754805863,1.6101586257378813,41.8534951011534,34.885457860009616,33181.33485156682
sturman_fst,forced_swim_test,False,FST_9_cropDeepCut_resnet50_FST1Aug15shuffle1_1030000,tailbase,tail_base,9323,25,0.970773245462798,0.02906789659980693,84.46904193084518,89.46476663696629,1.0591426704023839,1.7086021817413257,28.407004980382204,29.250255525176776,17762.419534380875
sturman_fst,forced_swim_test,False,FST_9_cropDeepCut_resnet50_FST1Aug15shuffle1_1030000,tailcentre,,9323,25,0.9669648564438522,0.03282205298723587,123.17590517158222,168.8712213723058,1.3709760942050369,3.206775566430425,34.090286436392816,28.76725173190384,75703.10633608609
sturman_fst,forced_swim_test,False,FST_9_cropDeepCut_resnet50_FST1Aug15shuffle1_1030000,tailtip,,9323,25,0.9592946632524986,0.03882870320712217,210.8978975402405,230.65547305038587,1.0936831316982452,5.543590193988368,36.96180305420615,37.73252184624324,30520.844546224063
